stem,concept,prefix,label,value,instant,start,end,days,dims,unit,decimals
AKAM_10K_20241231,NumberOfReportableSegments,us-gaap,Number of Reportable Segments,1.0,False,2024-01-01,2024-12-31,366,,segment,INF
AKAM_10K_20241231,DebtInstrumentConvertibleConversionRatio1,us-gaap,"Debt Instrument, Convertible, Conversion Ratio",0.007917,False,2024-01-01,2024-12-31,366,DebtInstrumentAxis=ConvertibleSeniorNotesDue2029Member;LongtermDebtTypeAxis=ConvertibleDebtMember,number,INF
AKAM_10K_20241231,DebtInstrumentConvertibleConversionRatio1,us-gaap,"Debt Instrument, Convertible, Conversion Ratio",0.0086073,False,2024-01-01,2024-12-31,366,DebtInstrumentAxis=ConvertibleSeniorNotesDue2027Member;LongtermDebtTypeAxis=ConvertibleDebtMember,number,INF
AKAM_10K_20241231,DebtInstrumentConvertibleConversionRatio1,us-gaap,"Debt Instrument, Convertible, Conversion Ratio",0.010515,False,2024-01-01,2024-12-31,366,DebtInstrumentAxis=ConvertibleSeniorNotesDue2025Member;LongtermDebtTypeAxis=ConvertibleDebtMember,number,INF
AKAM_10K_20241231,EntityPublicFloat,dei,Entity Public Float,13428800000.0,True,,2024-06-30,0,,usd,-5
AKAM_10K_20241231,EntityCommonStockSharesOutstanding,dei,"Entity Common Stock, Shares Outstanding",150317536.0,True,,2025-02-20,0,,shares,INF
AKAM_10K_20241231,CashAndCashEquivalentsAtCarryingValue,us-gaap,"Cash and Cash Equivalents, at Carrying Value",517707000.0,True,,2024-12-31,0,,usd,-3
AKAM_10K_20241231,CashAndCashEquivalentsAtCarryingValue,us-gaap,"Cash and Cash Equivalents, at Carrying Value",489468000.0,True,,2023-12-31,0,,usd,-3
AKAM_10K_20241231,MarketableSecuritiesCurrent,us-gaap,"Marketable Securities, Current",1078876000.0,True,,2024-12-31,0,,usd,-3
AKAM_10K_20241231,MarketableSecuritiesCurrent,us-gaap,"Marketable Securities, Current",374971000.0,True,,2023-12-31,0,,usd,-3
AKAM_10K_20241231,AllowanceForDoubtfulAccountsReceivableCurrent,us-gaap,"Accounts Receivable, Allowance for Credit Loss, Current",3522000.0,True,,2024-12-31,0,,usd,-3
AKAM_10K_20241231,AllowanceForDoubtfulAccountsReceivableCurrent,us-gaap,"Accounts Receivable, Allowance for Credit Loss, Current",3469000.0,True,,2023-12-31,0,,usd,-3
AKAM_10K_20241231,AccountsReceivableNetCurrent,us-gaap,"Accounts Receivable, after Allowance for Credit Loss, Current",727687000.0,True,,2024-12-31,0,,usd,-3
AKAM_10K_20241231,AccountsReceivableNetCurrent,us-gaap,"Accounts Receivable, after Allowance for Credit Loss, Current",724302000.0,True,,2023-12-31,0,,usd,-3
AKAM_10K_20241231,PrepaidExpenseAndOtherAssetsCurrent,us-gaap,"Prepaid Expense and Other Assets, Current",253827000.0,True,,2024-12-31,0,,usd,-3
AKAM_10K_20241231,PrepaidExpenseAndOtherAssetsCurrent,us-gaap,"Prepaid Expense and Other Assets, Current",216114000.0,True,,2023-12-31,0,,usd,-3
AKAM_10K_20241231,AssetsCurrent,us-gaap,"Assets, Current",2578097000.0,True,,2024-12-31,0,,usd,-3
AKAM_10K_20241231,AssetsCurrent,us-gaap,"Assets, Current",1804855000.0,True,,2023-12-31,0,,usd,-3
AKAM_10K_20241231,MarketableSecuritiesNoncurrent,us-gaap,"Marketable Securities, Noncurrent",275592000.0,True,,2024-12-31,0,,usd,-3
AKAM_10K_20241231,MarketableSecuritiesNoncurrent,us-gaap,"Marketable Securities, Noncurrent",1431354000.0,True,,2023-12-31,0,,usd,-3
AKAM_10K_20241231,PropertyPlantAndEquipmentAndCapitalizedSoftwareNet,akam,"Property, Plant And Equipment And Capitalized Software, Net",1995071000.0,True,,2024-12-31,0,,usd,-3
AKAM_10K_20241231,PropertyPlantAndEquipmentAndCapitalizedSoftwareNet,akam,"Property, Plant And Equipment And Capitalized Software, Net",1825944000.0,True,,2023-12-31,0,,usd,-3
AKAM_10K_20241231,OperatingLeaseRightOfUseAsset,us-gaap,"Operating Lease, Right-of-Use Asset",1006738000.0,True,,2024-12-31,0,,usd,-3
AKAM_10K_20241231,OperatingLeaseRightOfUseAsset,us-gaap,"Operating Lease, Right-of-Use Asset",908634000.0,True,,2023-12-31,0,,usd,-3
AKAM_10K_20241231,IntangibleAssetsNetExcludingGoodwill,us-gaap,"Intangible Assets, Net (Excluding Goodwill)",727585000.0,True,,2024-12-31,0,,usd,-3
AKAM_10K_20241231,IntangibleAssetsNetExcludingGoodwill,us-gaap,"Intangible Assets, Net (Excluding Goodwill)",536143000.0,True,,2023-12-31,0,,usd,-3
AKAM_10K_20241231,Goodwill,us-gaap,Goodwill,3151077000.0,True,,2024-12-31,0,,usd,-3
AKAM_10K_20241231,Goodwill,us-gaap,Goodwill,2850470000.0,True,,2023-12-31,0,,usd,-3
AKAM_10K_20241231,DeferredIncomeTaxAssetsNet,us-gaap,"Deferred Income Tax Assets, Net",483249000.0,True,,2024-12-31,0,,usd,-3
AKAM_10K_20241231,DeferredIncomeTaxAssetsNet,us-gaap,"Deferred Income Tax Assets, Net",418297000.0,True,,2023-12-31,0,,usd,-3
AKAM_10K_20241231,OtherAssetsNoncurrent,us-gaap,"Other Assets, Noncurrent",151376000.0,True,,2024-12-31,0,,usd,-3
AKAM_10K_20241231,OtherAssetsNoncurrent,us-gaap,"Other Assets, Noncurrent",124340000.0,True,,2023-12-31,0,,usd,-3
AKAM_10K_20241231,Assets,us-gaap,Assets,10368785000.0,True,,2024-12-31,0,,usd,-3
AKAM_10K_20241231,Assets,us-gaap,Assets,9900037000.0,True,,2023-12-31,0,,usd,-3
AKAM_10K_20241231,AccountsPayableCurrent,us-gaap,"Accounts Payable, Current",130447000.0,True,,2024-12-31,0,,usd,-3
AKAM_10K_20241231,AccountsPayableCurrent,us-gaap,"Accounts Payable, Current",146927000.0,True,,2023-12-31,0,,usd,-3
AKAM_10K_20241231,AccruedLiabilitiesCurrent,us-gaap,"Accrued Liabilities, Current",370888000.0,True,,2024-12-31,0,,usd,-3
AKAM_10K_20241231,AccruedLiabilitiesCurrent,us-gaap,"Accrued Liabilities, Current",352181000.0,True,,2023-12-31,0,,usd,-3
AKAM_10K_20241231,ContractWithCustomerLiabilityCurrent,us-gaap,"Contract with Customer, Liability, Current",149222000.0,True,,2024-12-31,0,,usd,-3
AKAM_10K_20241231,ContractWithCustomerLiabilityCurrent,us-gaap,"Contract with Customer, Liability, Current",107544000.0,True,,2023-12-31,0,,usd,-3
AKAM_10K_20241231,ConvertibleNotesPayableCurrent,us-gaap,"Convertible Notes Payable, Current",1149116000.0,True,,2024-12-31,0,,usd,-3
AKAM_10K_20241231,ConvertibleNotesPayableCurrent,us-gaap,"Convertible Notes Payable, Current",0.0,True,,2023-12-31,0,,usd,-3
AKAM_10K_20241231,OperatingLeaseLiabilityCurrent,us-gaap,"Operating Lease, Liability, Current",259134000.0,True,,2024-12-31,0,,usd,-3
AKAM_10K_20241231,OperatingLeaseLiabilityCurrent,us-gaap,"Operating Lease, Liability, Current",222944000.0,True,,2023-12-31,0,,usd,-3
AKAM_10K_20241231,OtherLiabilitiesCurrent,us-gaap,"Other Liabilities, Current",32516000.0,True,,2024-12-31,0,,usd,-3
AKAM_10K_20241231,OtherLiabilitiesCurrent,us-gaap,"Other Liabilities, Current",6442000.0,True,,2023-12-31,0,,usd,-3
AKAM_10K_20241231,LiabilitiesCurrent,us-gaap,"Liabilities, Current",2091323000.0,True,,2024-12-31,0,,usd,-3
AKAM_10K_20241231,LiabilitiesCurrent,us-gaap,"Liabilities, Current",836038000.0,True,,2023-12-31,0,,usd,-3
AKAM_10K_20241231,ContractWithCustomerLiabilityNoncurrent,us-gaap,"Contract with Customer, Liability, Noncurrent",26314000.0,True,,2024-12-31,0,,usd,-3
AKAM_10K_20241231,ContractWithCustomerLiabilityNoncurrent,us-gaap,"Contract with Customer, Liability, Noncurrent",23006000.0,True,,2023-12-31,0,,usd,-3
AKAM_10K_20241231,DeferredIncomeTaxLiabilitiesNet,us-gaap,"Deferred Income Tax Liabilities, Net",16066000.0,True,,2024-12-31,0,,usd,-3
AKAM_10K_20241231,DeferredIncomeTaxLiabilitiesNet,us-gaap,"Deferred Income Tax Liabilities, Net",24622000.0,True,,2023-12-31,0,,usd,-3
AKAM_10K_20241231,ConvertibleLongTermNotesPayable,us-gaap,"Convertible Notes Payable, Noncurrent",2396695000.0,True,,2024-12-31,0,,usd,-3
AKAM_10K_20241231,ConvertibleLongTermNotesPayable,us-gaap,"Convertible Notes Payable, Noncurrent",3538229000.0,True,,2023-12-31,0,,usd,-3
AKAM_10K_20241231,OperatingLeaseLiabilityNoncurrent,us-gaap,"Operating Lease, Liability, Noncurrent",829660000.0,True,,2024-12-31,0,,usd,-3
AKAM_10K_20241231,OperatingLeaseLiabilityNoncurrent,us-gaap,"Operating Lease, Liability, Noncurrent",774806000.0,True,,2023-12-31,0,,usd,-3
AKAM_10K_20241231,OtherLiabilitiesNoncurrent,us-gaap,"Other Liabilities, Noncurrent",130370000.0,True,,2024-12-31,0,,usd,-3
AKAM_10K_20241231,OtherLiabilitiesNoncurrent,us-gaap,"Other Liabilities, Noncurrent",106181000.0,True,,2023-12-31,0,,usd,-3
AKAM_10K_20241231,Liabilities,us-gaap,Liabilities,5490428000.0,True,,2024-12-31,0,,usd,-3
AKAM_10K_20241231,Liabilities,us-gaap,Liabilities,5302882000.0,True,,2023-12-31,0,,usd,-3
AKAM_10K_20241231,PreferredStockParOrStatedValuePerShare,us-gaap,"Preferred Stock, Par or Stated Value Per Share",0.01,True,,2023-12-31,0,,usdPerShare,INF
AKAM_10K_20241231,PreferredStockParOrStatedValuePerShare,us-gaap,"Preferred Stock, Par or Stated Value Per Share",0.01,True,,2024-12-31,0,,usdPerShare,INF
AKAM_10K_20241231,PreferredStockSharesAuthorized,us-gaap,"Preferred Stock, Shares Authorized",5000000.0,True,,2023-12-31,0,,shares,INF
AKAM_10K_20241231,PreferredStockSharesAuthorized,us-gaap,"Preferred Stock, Shares Authorized",5000000.0,True,,2024-12-31,0,,shares,INF
AKAM_10K_20241231,ConvertiblePreferredStockSharesReservedForFutureIssuance,us-gaap,"Convertible Preferred Stock, Shares Reserved for Future Issuance",700000.0,True,,2023-12-31,0,,shares,INF
AKAM_10K_20241231,ConvertiblePreferredStockSharesReservedForFutureIssuance,us-gaap,"Convertible Preferred Stock, Shares Reserved for Future Issuance",700000.0,True,,2024-12-31,0,,shares,INF
AKAM_10K_20241231,PreferredStockSharesOutstanding,us-gaap,"Preferred Stock, Shares Outstanding",0.0,True,,2024-12-31,0,,shares,INF
AKAM_10K_20241231,PreferredStockSharesOutstanding,us-gaap,"Preferred Stock, Shares Outstanding",0.0,True,,2023-12-31,0,,shares,INF
AKAM_10K_20241231,PreferredStockSharesIssued,us-gaap,"Preferred Stock, Shares Issued",0.0,True,,2024-12-31,0,,shares,INF
AKAM_10K_20241231,PreferredStockSharesIssued,us-gaap,"Preferred Stock, Shares Issued",0.0,True,,2023-12-31,0,,shares,INF
AKAM_10K_20241231,PreferredStockValue,us-gaap,"Preferred Stock, Value, Issued",0.0,True,,2024-12-31,0,,usd,-3
AKAM_10K_20241231,PreferredStockValue,us-gaap,"Preferred Stock, Value, Issued",0.0,True,,2023-12-31,0,,usd,-3
AKAM_10K_20241231,CommonStockParOrStatedValuePerShare,us-gaap,"Common Stock, Par or Stated Value Per Share",0.01,True,,2024-12-31,0,,usdPerShare,INF
AKAM_10K_20241231,CommonStockParOrStatedValuePerShare,us-gaap,"Common Stock, Par or Stated Value Per Share",0.01,True,,2023-12-31,0,,usdPerShare,INF
AKAM_10K_20241231,CommonStockSharesAuthorized,us-gaap,"Common Stock, Shares Authorized",700000000.0,True,,2024-12-31,0,,shares,INF
AKAM_10K_20241231,CommonStockSharesAuthorized,us-gaap,"Common Stock, Shares Authorized",700000000.0,True,,2023-12-31,0,,shares,INF
AKAM_10K_20241231,CommonStockSharesIssued,us-gaap,"Common Stock, Shares, Issued",155647988.0,True,,2024-12-31,0,,shares,INF
AKAM_10K_20241231,CommonStockSharesOutstanding,us-gaap,"Common Stock, Shares, Outstanding",150025096.0,True,,2024-12-31,0,,shares,INF
AKAM_10K_20241231,CommonStockSharesIssued,us-gaap,"Common Stock, Shares, Issued",151232908.0,True,,2023-12-31,0,,shares,INF
AKAM_10K_20241231,CommonStockSharesOutstanding,us-gaap,"Common Stock, Shares, Outstanding",151232908.0,True,,2023-12-31,0,,shares,INF
AKAM_10K_20241231,CommonStockValue,us-gaap,"Common Stock, Value, Issued",1556000.0,True,,2024-12-31,0,,usd,-3
AKAM_10K_20241231,CommonStockValue,us-gaap,"Common Stock, Value, Issued",1512000.0,True,,2023-12-31,0,,usd,-3
AKAM_10K_20241231,AdditionalPaidInCapital,us-gaap,Additional Paid in Capital,2618384000.0,True,,2024-12-31,0,,usd,-3
AKAM_10K_20241231,AdditionalPaidInCapital,us-gaap,Additional Paid in Capital,2222993000.0,True,,2023-12-31,0,,usd,-3
AKAM_10K_20241231,AccumulatedOtherComprehensiveIncomeLossNetOfTax,us-gaap,"Accumulated Other Comprehensive Income (Loss), Net of Tax",-155993000.0,True,,2024-12-31,0,,usd,-3
AKAM_10K_20241231,AccumulatedOtherComprehensiveIncomeLossNetOfTax,us-gaap,"Accumulated Other Comprehensive Income (Loss), Net of Tax",-95330000.0,True,,2023-12-31,0,,usd,-3
AKAM_10K_20241231,TreasuryStockCommonShares,us-gaap,"Treasury Stock, Common, Shares",5622892.0,True,,2024-12-31,0,,shares,INF
AKAM_10K_20241231,TreasuryStockCommonShares,us-gaap,"Treasury Stock, Common, Shares",0.0,True,,2023-12-31,0,,shares,INF
AKAM_10K_20241231,TreasuryStockCommonValue,us-gaap,"Treasury Stock, Common, Value",558488000.0,True,,2024-12-31,0,,usd,-3
AKAM_10K_20241231,TreasuryStockCommonValue,us-gaap,"Treasury Stock, Common, Value",0.0,True,,2023-12-31,0,,usd,-3
AKAM_10K_20241231,RetainedEarningsAccumulatedDeficit,us-gaap,Retained Earnings (Accumulated Deficit),2972898000.0,True,,2024-12-31,0,,usd,-3
AKAM_10K_20241231,RetainedEarningsAccumulatedDeficit,us-gaap,Retained Earnings (Accumulated Deficit),2467980000.0,True,,2023-12-31,0,,usd,-3
AKAM_10K_20241231,StockholdersEquity,us-gaap,"Equity, Attributable to Parent",4878357000.0,True,,2024-12-31,0,,usd,-3
AKAM_10K_20241231,StockholdersEquity,us-gaap,"Equity, Attributable to Parent",4597155000.0,True,,2023-12-31,0,,usd,-3
AKAM_10K_20241231,LiabilitiesAndStockholdersEquity,us-gaap,Liabilities and Equity,10368785000.0,True,,2024-12-31,0,,usd,-3
AKAM_10K_20241231,LiabilitiesAndStockholdersEquity,us-gaap,Liabilities and Equity,9900037000.0,True,,2023-12-31,0,,usd,-3
AKAM_10K_20241231,RevenueFromContractWithCustomerIncludingAssessedTax,us-gaap,"Revenue from Contract with Customer, Including Assessed Tax",3991168000.0,False,2024-01-01,2024-12-31,366,StatementBusinessSegmentsAxis=ReportableSegmentMember,usd,-3
AKAM_10K_20241231,RevenueFromContractWithCustomerIncludingAssessedTax,us-gaap,"Revenue from Contract with Customer, Including Assessed Tax",3811920000.0,False,2023-01-01,2023-12-31,365,StatementBusinessSegmentsAxis=ReportableSegmentMember,usd,-3
AKAM_10K_20241231,RevenueFromContractWithCustomerIncludingAssessedTax,us-gaap,"Revenue from Contract with Customer, Including Assessed Tax",3616654000.0,False,2022-01-01,2022-12-31,365,StatementBusinessSegmentsAxis=ReportableSegmentMember,usd,-3
AKAM_10K_20241231,CostOfRevenue,us-gaap,Cost of Revenue,1620793000.0,False,2024-01-01,2024-12-31,366,,usd,-3
AKAM_10K_20241231,CostOfRevenue,us-gaap,Cost of Revenue,1511063000.0,False,2023-01-01,2023-12-31,365,,usd,-3
AKAM_10K_20241231,CostOfRevenue,us-gaap,Cost of Revenue,1383819000.0,False,2022-01-01,2022-12-31,365,,usd,-3
AKAM_10K_20241231,ResearchAndDevelopmentExpense,us-gaap,Research and Development Expense,470876000.0,False,2024-01-01,2024-12-31,366,,usd,-3
AKAM_10K_20241231,ResearchAndDevelopmentExpense,us-gaap,Research and Development Expense,406048000.0,False,2023-01-01,2023-12-31,365,,usd,-3
AKAM_10K_20241231,ResearchAndDevelopmentExpense,us-gaap,Research and Development Expense,391434000.0,False,2022-01-01,2022-12-31,365,,usd,-3
AKAM_10K_20241231,SellingAndMarketingExpense,us-gaap,Selling and Marketing Expense,556781000.0,False,2024-01-01,2024-12-31,366,,usd,-3
AKAM_10K_20241231,SellingAndMarketingExpense,us-gaap,Selling and Marketing Expense,533226000.0,False,2023-01-01,2023-12-31,365,,usd,-3
AKAM_10K_20241231,SellingAndMarketingExpense,us-gaap,Selling and Marketing Expense,502409000.0,False,2022-01-01,2022-12-31,365,,usd,-3
AKAM_10K_20241231,GeneralAndAdministrativeExpense,us-gaap,General and Administrative Expense,621785000.0,False,2024-01-01,2024-12-31,366,,usd,-3
AKAM_10K_20241231,GeneralAndAdministrativeExpense,us-gaap,General and Administrative Expense,600851000.0,False,2023-01-01,2023-12-31,365,,usd,-3
AKAM_10K_20241231,GeneralAndAdministrativeExpense,us-gaap,General and Administrative Expense,584206000.0,False,2022-01-01,2022-12-31,365,,usd,-3
AKAM_10K_20241231,AmortizationOfIntangibleAssets,us-gaap,Amortization of Intangible Assets,92081000.0,False,2024-01-01,2024-12-31,366,,usd,-3
AKAM_10K_20241231,AmortizationOfIntangibleAssets,us-gaap,Amortization of Intangible Assets,66751000.0,False,2023-01-01,2023-12-31,365,,usd,-3
AKAM_10K_20241231,AmortizationOfIntangibleAssets,us-gaap,Amortization of Intangible Assets,64983000.0,False,2022-01-01,2022-12-31,365,,usd,-3
AKAM_10K_20241231,RestructuringAndRelatedCostIncurredCost,us-gaap,"Restructuring and Related Cost, Incurred Cost",95441000.0,False,2024-01-01,2024-12-31,366,,usd,-3
AKAM_10K_20241231,RestructuringAndRelatedCostIncurredCost,us-gaap,"Restructuring and Related Cost, Incurred Cost",56643000.0,False,2023-01-01,2023-12-31,365,,usd,-3
AKAM_10K_20241231,RestructuringAndRelatedCostIncurredCost,us-gaap,"Restructuring and Related Cost, Incurred Cost",13529000.0,False,2022-01-01,2022-12-31,365,,usd,-3
AKAM_10K_20241231,CostsAndExpenses,us-gaap,Costs and Expenses,3457757000.0,False,2024-01-01,2024-12-31,366,,usd,-3
AKAM_10K_20241231,CostsAndExpenses,us-gaap,Costs and Expenses,3174582000.0,False,2023-01-01,2023-12-31,365,,usd,-3
AKAM_10K_20241231,CostsAndExpenses,us-gaap,Costs and Expenses,2940380000.0,False,2022-01-01,2022-12-31,365,,usd,-3
AKAM_10K_20241231,OperatingIncomeLoss,us-gaap,Operating Income (Loss),533411000.0,False,2024-01-01,2024-12-31,366,,usd,-3
AKAM_10K_20241231,OperatingIncomeLoss,us-gaap,Operating Income (Loss),637338000.0,False,2023-01-01,2023-12-31,365,,usd,-3
AKAM_10K_20241231,OperatingIncomeLoss,us-gaap,Operating Income (Loss),676274000.0,False,2022-01-01,2022-12-31,365,,usd,-3
AKAM_10K_20241231,InterestAndMarketableSecuritiesIncomeLossNet,akam,"Interest And Marketable Securities Income (Loss), Net",100280000.0,False,2024-01-01,2024-12-31,366,,usd,-3
AKAM_10K_20241231,InterestAndMarketableSecuritiesIncomeLossNet,akam,"Interest And Marketable Securities Income (Loss), Net",45194000.0,False,2023-01-01,2023-12-31,365,,usd,-3
AKAM_10K_20241231,InterestAndMarketableSecuritiesIncomeLossNet,akam,"Interest And Marketable Securities Income (Loss), Net",3258000.0,False,2022-01-01,2022-12-31,365,,usd,-3
AKAM_10K_20241231,InterestExpenseNonoperating,us-gaap,"Interest Expense, Nonoperating",27117000.0,False,2024-01-01,2024-12-31,366,,usd,-3
AKAM_10K_20241231,InterestExpenseNonoperating,us-gaap,"Interest Expense, Nonoperating",17709000.0,False,2023-01-01,2023-12-31,365,,usd,-3
AKAM_10K_20241231,InterestExpenseNonoperating,us-gaap,"Interest Expense, Nonoperating",11096000.0,False,2022-01-01,2022-12-31,365,,usd,-3
AKAM_10K_20241231,OtherNonoperatingExpenseNet,akam,"Other Nonoperating Expense, Net",19561000.0,False,2024-01-01,2024-12-31,366,,usd,-3
AKAM_10K_20241231,OtherNonoperatingExpenseNet,akam,"Other Nonoperating Expense, Net",12296000.0,False,2023-01-01,2023-12-31,365,,usd,-3
AKAM_10K_20241231,OtherNonoperatingExpenseNet,akam,"Other Nonoperating Expense, Net",10433000.0,False,2022-01-01,2022-12-31,365,,usd,-3
AKAM_10K_20241231,IncomeLossFromContinuingOperationsBeforeIncomeTaxesMinorityInterestAndIncomeLossFromEquityMethodInvestments,us-gaap,"Income (Loss) from Continuing Operations before Equity Method Investments, Income Taxes, Noncontrolling Interest",587013000.0,False,2024-01-01,2024-12-31,366,,usd,-3
AKAM_10K_20241231,IncomeLossFromContinuingOperationsBeforeIncomeTaxesMinorityInterestAndIncomeLossFromEquityMethodInvestments,us-gaap,"Income (Loss) from Continuing Operations before Equity Method Investments, Income Taxes, Noncontrolling Interest",652527000.0,False,2023-01-01,2023-12-31,365,,usd,-3
AKAM_10K_20241231,IncomeLossFromContinuingOperationsBeforeIncomeTaxesMinorityInterestAndIncomeLossFromEquityMethodInvestments,us-gaap,"Income (Loss) from Continuing Operations before Equity Method Investments, Income Taxes, Noncontrolling Interest",658003000.0,False,2022-01-01,2022-12-31,365,,usd,-3
AKAM_10K_20241231,IncomeTaxExpenseBenefit,us-gaap,Income Tax Expense (Benefit),82095000.0,False,2024-01-01,2024-12-31,366,,usd,-3
AKAM_10K_20241231,IncomeTaxExpenseBenefit,us-gaap,Income Tax Expense (Benefit),106373000.0,False,2023-01-01,2023-12-31,365,,usd,-3
AKAM_10K_20241231,IncomeTaxExpenseBenefit,us-gaap,Income Tax Expense (Benefit),126696000.0,False,2022-01-01,2022-12-31,365,,usd,-3
AKAM_10K_20241231,IncomeLossFromEquityMethodInvestments,us-gaap,Income (Loss) from Equity Method Investments,0.0,False,2024-01-01,2024-12-31,366,,usd,-3
AKAM_10K_20241231,IncomeLossFromEquityMethodInvestments,us-gaap,Income (Loss) from Equity Method Investments,1475000.0,False,2023-01-01,2023-12-31,365,,usd,-3
AKAM_10K_20241231,IncomeLossFromEquityMethodInvestments,us-gaap,Income (Loss) from Equity Method Investments,-7635000.0,False,2022-01-01,2022-12-31,365,,usd,-3
AKAM_10K_20241231,NetIncomeLoss,us-gaap,Net Income (Loss) Attributable to Parent,504918000.0,False,2024-01-01,2024-12-31,366,,usd,-3
AKAM_10K_20241231,NetIncomeLoss,us-gaap,Net Income (Loss) Attributable to Parent,547629000.0,False,2023-01-01,2023-12-31,365,,usd,-3
AKAM_10K_20241231,NetIncomeLoss,us-gaap,Net Income (Loss) Attributable to Parent,523672000.0,False,2022-01-01,2022-12-31,365,,usd,-3
AKAM_10K_20241231,EarningsPerShareBasic,us-gaap,"Earnings Per Share, Basic",3.34,False,2024-01-01,2024-12-31,366,,usdPerShare,2
AKAM_10K_20241231,EarningsPerShareBasic,us-gaap,"Earnings Per Share, Basic",3.59,False,2023-01-01,2023-12-31,365,,usdPerShare,2
AKAM_10K_20241231,EarningsPerShareBasic,us-gaap,"Earnings Per Share, Basic",3.29,False,2022-01-01,2022-12-31,365,,usdPerShare,2
AKAM_10K_20241231,EarningsPerShareDiluted,us-gaap,"Earnings Per Share, Diluted",3.27,False,2024-01-01,2024-12-31,366,,usdPerShare,2
AKAM_10K_20241231,EarningsPerShareDiluted,us-gaap,"Earnings Per Share, Diluted",3.52,False,2023-01-01,2023-12-31,365,,usdPerShare,2
AKAM_10K_20241231,EarningsPerShareDiluted,us-gaap,"Earnings Per Share, Diluted",3.26,False,2022-01-01,2022-12-31,365,,usdPerShare,2
AKAM_10K_20241231,WeightedAverageNumberOfSharesOutstandingBasic,us-gaap,"Weighted Average Number of Shares Outstanding, Basic",151392000.0,False,2024-01-01,2024-12-31,366,,shares,-3
AKAM_10K_20241231,WeightedAverageNumberOfSharesOutstandingBasic,us-gaap,"Weighted Average Number of Shares Outstanding, Basic",152510000.0,False,2023-01-01,2023-12-31,365,,shares,-3
AKAM_10K_20241231,WeightedAverageNumberOfSharesOutstandingBasic,us-gaap,"Weighted Average Number of Shares Outstanding, Basic",159089000.0,False,2022-01-01,2022-12-31,365,,shares,-3
AKAM_10K_20241231,WeightedAverageNumberOfDilutedSharesOutstanding,us-gaap,"Weighted Average Number of Shares Outstanding, Diluted",154346000.0,False,2024-01-01,2024-12-31,366,,shares,-3
AKAM_10K_20241231,WeightedAverageNumberOfDilutedSharesOutstanding,us-gaap,"Weighted Average Number of Shares Outstanding, Diluted",155397000.0,False,2023-01-01,2023-12-31,365,,shares,-3
AKAM_10K_20241231,WeightedAverageNumberOfDilutedSharesOutstanding,us-gaap,"Weighted Average Number of Shares Outstanding, Diluted",160467000.0,False,2022-01-01,2022-12-31,365,,shares,-3
AKAM_10K_20241231,OtherComprehensiveIncomeForeignCurrencyTransactionAndTranslationAdjustmentNetOfTaxPortionAttributableToParent,us-gaap,"Other Comprehensive Income (Loss), Foreign Currency Transaction and Translation Adjustment, Net of Tax, Portion Attributable to Parent",-59064000.0,False,2024-01-01,2024-12-31,366,,usd,-3
AKAM_10K_20241231,OtherComprehensiveIncomeForeignCurrencyTransactionAndTranslationAdjustmentNetOfTaxPortionAttributableToParent,us-gaap,"Other Comprehensive Income (Loss), Foreign Currency Transaction and Translation Adjustment, Net of Tax, Portion Attributable to Parent",18439000.0,False,2023-01-01,2023-12-31,365,,usd,-3
AKAM_10K_20241231,OtherComprehensiveIncomeForeignCurrencyTransactionAndTranslationAdjustmentNetOfTaxPortionAttributableToParent,us-gaap,"Other Comprehensive Income (Loss), Foreign Currency Transaction and Translation Adjustment, Net of Tax, Portion Attributable to Parent",-44665000.0,False,2022-01-01,2022-12-31,365,,usd,-3
AKAM_10K_20241231,OtherComprehensiveIncomeUnrealizedHoldingGainLossOnSecuritiesArisingDuringPeriodTax,us-gaap,"OCI, Debt Securities, Available-for-Sale, Unrealized Holding Gain (Loss), before Adjustment, Tax",-515000.0,False,2024-01-01,2024-12-31,366,,usd,-3
AKAM_10K_20241231,OtherComprehensiveIncomeUnrealizedHoldingGainLossOnSecuritiesArisingDuringPeriodTax,us-gaap,"OCI, Debt Securities, Available-for-Sale, Unrealized Holding Gain (Loss), before Adjustment, Tax",8562000.0,False,2023-01-01,2023-12-31,365,,usd,-3
AKAM_10K_20241231,OtherComprehensiveIncomeUnrealizedHoldingGainLossOnSecuritiesArisingDuringPeriodTax,us-gaap,"OCI, Debt Securities, Available-for-Sale, Unrealized Holding Gain (Loss), before Adjustment, Tax",-6589000.0,False,2022-01-01,2022-12-31,365,,usd,-3
AKAM_10K_20241231,OtherComprehensiveIncomeUnrealizedHoldingGainLossOnSecuritiesArisingDuringPeriodNetOfTax,us-gaap,"OCI, Debt Securities, Available-for-Sale, Unrealized Holding Gain (Loss), before Adjustment, after Tax",-1599000.0,False,2024-01-01,2024-12-31,366,,usd,-3
AKAM_10K_20241231,OtherComprehensiveIncomeUnrealizedHoldingGainLossOnSecuritiesArisingDuringPeriodNetOfTax,us-gaap,"OCI, Debt Securities, Available-for-Sale, Unrealized Holding Gain (Loss), before Adjustment, after Tax",26563000.0,False,2023-01-01,2023-12-31,365,,usd,-3
AKAM_10K_20241231,OtherComprehensiveIncomeUnrealizedHoldingGainLossOnSecuritiesArisingDuringPeriodNetOfTax,us-gaap,"OCI, Debt Securities, Available-for-Sale, Unrealized Holding Gain (Loss), before Adjustment, after Tax",-26562000.0,False,2022-01-01,2022-12-31,365,,usd,-3
AKAM_10K_20241231,OtherComprehensiveIncomeLossNetOfTaxPortionAttributableToParent,us-gaap,"Other Comprehensive Income (Loss), Net of Tax, Portion Attributable to Parent",-60663000.0,False,2024-01-01,2024-12-31,366,,usd,-3
AKAM_10K_20241231,OtherComprehensiveIncomeLossNetOfTaxPortionAttributableToParent,us-gaap,"Other Comprehensive Income (Loss), Net of Tax, Portion Attributable to Parent",45002000.0,False,2023-01-01,2023-12-31,365,,usd,-3
AKAM_10K_20241231,OtherComprehensiveIncomeLossNetOfTaxPortionAttributableToParent,us-gaap,"Other Comprehensive Income (Loss), Net of Tax, Portion Attributable to Parent",-71227000.0,False,2022-01-01,2022-12-31,365,,usd,-3
AKAM_10K_20241231,ComprehensiveIncomeNetOfTax,us-gaap,"Comprehensive Income (Loss), Net of Tax, Attributable to Parent",444255000.0,False,2024-01-01,2024-12-31,366,,usd,-3
AKAM_10K_20241231,ComprehensiveIncomeNetOfTax,us-gaap,"Comprehensive Income (Loss), Net of Tax, Attributable to Parent",592631000.0,False,2023-01-01,2023-12-31,365,,usd,-3
AKAM_10K_20241231,ComprehensiveIncomeNetOfTax,us-gaap,"Comprehensive Income (Loss), Net of Tax, Attributable to Parent",452445000.0,False,2022-01-01,2022-12-31,365,,usd,-3
AKAM_10K_20241231,DepreciationDepletionAndAmortization,us-gaap,"Depreciation, Depletion and Amortization",648410000.0,False,2024-01-01,2024-12-31,366,,usd,-3
AKAM_10K_20241231,DepreciationDepletionAndAmortization,us-gaap,"Depreciation, Depletion and Amortization",570776000.0,False,2023-01-01,2023-12-31,365,,usd,-3
AKAM_10K_20241231,DepreciationDepletionAndAmortization,us-gaap,"Depreciation, Depletion and Amortization",592754000.0,False,2022-01-01,2022-12-31,365,,usd,-3
AKAM_10K_20241231,ShareBasedCompensation,us-gaap,"Share-Based Payment Arrangement, Noncash Expense",393378000.0,False,2024-01-01,2024-12-31,366,,usd,-3
AKAM_10K_20241231,ShareBasedCompensation,us-gaap,"Share-Based Payment Arrangement, Noncash Expense",328467000.0,False,2023-01-01,2023-12-31,365,,usd,-3
AKAM_10K_20241231,ShareBasedCompensation,us-gaap,"Share-Based Payment Arrangement, Noncash Expense",217185000.0,False,2022-01-01,2022-12-31,365,,usd,-3
AKAM_10K_20241231,DeferredIncomeTaxExpenseBenefit,us-gaap,Deferred Income Tax Expense (Benefit),-70268000.0,False,2024-01-01,2024-12-31,366,,usd,-3
AKAM_10K_20241231,DeferredIncomeTaxExpenseBenefit,us-gaap,Deferred Income Tax Expense (Benefit),-22987000.0,False,2023-01-01,2023-12-31,365,,usd,-3
AKAM_10K_20241231,DeferredIncomeTaxExpenseBenefit,us-gaap,Deferred Income Tax Expense (Benefit),-104971000.0,False,2022-01-01,2022-12-31,365,,usd,-3
AKAM_10K_20241231,AmortizationOfFinancingCosts,us-gaap,Amortization of Debt Issuance Costs,6521000.0,False,2024-01-01,2024-12-31,366,,usd,-3
AKAM_10K_20241231,AmortizationOfFinancingCosts,us-gaap,Amortization of Debt Issuance Costs,5341000.0,False,2023-01-01,2023-12-31,365,,usd,-3
AKAM_10K_20241231,AmortizationOfFinancingCosts,us-gaap,Amortization of Debt Issuance Costs,4395000.0,False,2022-01-01,2022-12-31,365,,usd,-3
AKAM_10K_20241231,GainLossOnInvestments,us-gaap,Gain (Loss) on Investments,-5066000.0,False,2024-01-01,2024-12-31,366,,usd,-3
AKAM_10K_20241231,GainLossOnInvestments,us-gaap,Gain (Loss) on Investments,311000.0,False,2023-01-01,2023-12-31,365,,usd,-3
AKAM_10K_20241231,GainLossOnInvestments,us-gaap,Gain (Loss) on Investments,-15895000.0,False,2022-01-01,2022-12-31,365,,usd,-3
AKAM_10K_20241231,OtherNoncashIncomeExpense,us-gaap,Other Noncash Income (Expense),-65488000.0,False,2024-01-01,2024-12-31,366,,usd,-3
AKAM_10K_20241231,OtherNoncashIncomeExpense,us-gaap,Other Noncash Income (Expense),-50221000.0,False,2023-01-01,2023-12-31,365,,usd,-3
AKAM_10K_20241231,OtherNoncashIncomeExpense,us-gaap,Other Noncash Income (Expense),-31063000.0,False,2022-01-01,2022-12-31,365,,usd,-3
AKAM_10K_20241231,IncreaseDecreaseInAccountsReceivable,us-gaap,Increase (Decrease) in Accounts Receivable,22300000.0,False,2024-01-01,2024-12-31,366,,usd,-3
AKAM_10K_20241231,IncreaseDecreaseInAccountsReceivable,us-gaap,Increase (Decrease) in Accounts Receivable,49203000.0,False,2023-01-01,2023-12-31,365,,usd,-3
AKAM_10K_20241231,IncreaseDecreaseInAccountsReceivable,us-gaap,Increase (Decrease) in Accounts Receivable,21214000.0,False,2022-01-01,2022-12-31,365,,usd,-3
AKAM_10K_20241231,IncreaseDecreaseInPrepaidDeferredExpenseAndOtherAssets,us-gaap,Increase (Decrease) in Prepaid Expense and Other Assets,46094000.0,False,2024-01-01,2024-12-31,366,,usd,-3
AKAM_10K_20241231,IncreaseDecreaseInPrepaidDeferredExpenseAndOtherAssets,us-gaap,Increase (Decrease) in Prepaid Expense and Other Assets,18726000.0,False,2023-01-01,2023-12-31,365,,usd,-3
AKAM_10K_20241231,IncreaseDecreaseInPrepaidDeferredExpenseAndOtherAssets,us-gaap,Increase (Decrease) in Prepaid Expense and Other Assets,20125000.0,False,2022-01-01,2022-12-31,365,,usd,-3
AKAM_10K_20241231,IncreaseDecreaseInAccountsPayableAndAccruedLiabilities,us-gaap,Increase (Decrease) in Accounts Payable and Accrued Liabilities,344000.0,False,2024-01-01,2024-12-31,366,,usd,-3
AKAM_10K_20241231,IncreaseDecreaseInAccountsPayableAndAccruedLiabilities,us-gaap,Increase (Decrease) in Accounts Payable and Accrued Liabilities,-39825000.0,False,2023-01-01,2023-12-31,365,,usd,-3
AKAM_10K_20241231,IncreaseDecreaseInAccountsPayableAndAccruedLiabilities,us-gaap,Increase (Decrease) in Accounts Payable and Accrued Liabilities,-26499000.0,False,2022-01-01,2022-12-31,365,,usd,-3
AKAM_10K_20241231,IncreaseDecreaseInContractWithCustomerLiability,us-gaap,"Increase (Decrease) in Contract with Customer, Liability",20687000.0,False,2024-01-01,2024-12-31,366,,usd,-3
AKAM_10K_20241231,IncreaseDecreaseInContractWithCustomerLiability,us-gaap,"Increase (Decrease) in Contract with Customer, Liability",48000.0,False,2023-01-01,2023-12-31,365,,usd,-3
AKAM_10K_20241231,IncreaseDecreaseInContractWithCustomerLiability,us-gaap,"Increase (Decrease) in Contract with Customer, Liability",16713000.0,False,2022-01-01,2022-12-31,365,,usd,-3
AKAM_10K_20241231,IncreaseDecreaseInOtherCurrentLiabilities,us-gaap,Increase (Decrease) in Other Current Liabilities,26860000.0,False,2024-01-01,2024-12-31,366,,usd,-3
AKAM_10K_20241231,IncreaseDecreaseInOtherCurrentLiabilities,us-gaap,Increase (Decrease) in Other Current Liabilities,1516000.0,False,2023-01-01,2023-12-31,365,,usd,-3
AKAM_10K_20241231,IncreaseDecreaseInOtherCurrentLiabilities,us-gaap,Increase (Decrease) in Other Current Liabilities,-5318000.0,False,2022-01-01,2022-12-31,365,,usd,-3
AKAM_10K_20241231,IncreaseDecreaseInOtherOperatingCapitalNet,us-gaap,"Increase (Decrease) in Other Operating Assets and Liabilities, Net",13839000.0,False,2024-01-01,2024-12-31,366,,usd,-3
AKAM_10K_20241231,IncreaseDecreaseInOtherOperatingCapitalNet,us-gaap,"Increase (Decrease) in Other Operating Assets and Liabilities, Net",24507000.0,False,2023-01-01,2023-12-31,365,,usd,-3
AKAM_10K_20241231,IncreaseDecreaseInOtherOperatingCapitalNet,us-gaap,"Increase (Decrease) in Other Operating Assets and Liabilities, Net",-51126000.0,False,2022-01-01,2022-12-31,365,,usd,-3
AKAM_10K_20241231,NetCashProvidedByUsedInOperatingActivities,us-gaap,Net Cash Provided by (Used in) Operating Activities,1519171000.0,False,2024-01-01,2024-12-31,366,,usd,-3
AKAM_10K_20241231,NetCashProvidedByUsedInOperatingActivities,us-gaap,Net Cash Provided by (Used in) Operating Activities,1348439000.0,False,2023-01-01,2023-12-31,365,,usd,-3
AKAM_10K_20241231,NetCashProvidedByUsedInOperatingActivities,us-gaap,Net Cash Provided by (Used in) Operating Activities,1274676000.0,False,2022-01-01,2022-12-31,365,,usd,-3
AKAM_10K_20241231,PaymentsToAcquireBusinessesNetOfCashAcquired,us-gaap,"Payments to Acquire Businesses, Net of Cash Acquired",434066000.0,False,2024-01-01,2024-12-31,366,,usd,-3
AKAM_10K_20241231,PaymentsToAcquireBusinessesNetOfCashAcquired,us-gaap,"Payments to Acquire Businesses, Net of Cash Acquired",106171000.0,False,2023-01-01,2023-12-31,365,,usd,-3
AKAM_10K_20241231,PaymentsToAcquireBusinessesNetOfCashAcquired,us-gaap,"Payments to Acquire Businesses, Net of Cash Acquired",872091000.0,False,2022-01-01,2022-12-31,365,,usd,-3
AKAM_10K_20241231,PaymentsToAcquireAssets,akam,Payments To Acquire Assets,132835000.0,False,2024-01-01,2024-12-31,366,,usd,-3
AKAM_10K_20241231,PaymentsToAcquireAssets,akam,Payments To Acquire Assets,120985000.0,False,2023-01-01,2023-12-31,365,,usd,-3
AKAM_10K_20241231,PaymentsToAcquireAssets,akam,Payments To Acquire Assets,0.0,False,2022-01-01,2022-12-31,365,,usd,-3
AKAM_10K_20241231,PaymentsToAcquirePropertyPlantAndEquipment,us-gaap,"Payments to Acquire Property, Plant, and Equipment",390433000.0,False,2024-01-01,2024-12-31,366,,usd,-3
AKAM_10K_20241231,PaymentsToAcquirePropertyPlantAndEquipment,us-gaap,"Payments to Acquire Property, Plant, and Equipment",457909000.0,False,2023-01-01,2023-12-31,365,,usd,-3
AKAM_10K_20241231,PaymentsToAcquirePropertyPlantAndEquipment,us-gaap,"Payments to Acquire Property, Plant, and Equipment",241266000.0,False,2022-01-01,2022-12-31,365,,usd,-3
AKAM_10K_20241231,PaymentsForSoftware,us-gaap,Payments for Software,294834000.0,False,2024-01-01,2024-12-31,366,,usd,-3
AKAM_10K_20241231,PaymentsForSoftware,us-gaap,Payments for Software,272131000.0,False,2023-01-01,2023-12-31,365,,usd,-3
AKAM_10K_20241231,PaymentsForSoftware,us-gaap,Payments for Software,217036000.0,False,2022-01-01,2022-12-31,365,,usd,-3
AKAM_10K_20241231,PaymentsToAcquireAvailableForSaleSecuritiesDebt,us-gaap,"Payments to Acquire Debt Securities, Available-for-Sale",236176000.0,False,2024-01-01,2024-12-31,366,,usd,-3
AKAM_10K_20241231,PaymentsToAcquireAvailableForSaleSecuritiesDebt,us-gaap,"Payments to Acquire Debt Securities, Available-for-Sale",1461890000.0,False,2023-01-01,2023-12-31,365,,usd,-3
AKAM_10K_20241231,PaymentsToAcquireAvailableForSaleSecuritiesDebt,us-gaap,"Payments to Acquire Debt Securities, Available-for-Sale",17975000.0,False,2022-01-01,2022-12-31,365,,usd,-3
AKAM_10K_20241231,ProceedsFromSaleOfAvailableForSaleSecuritiesDebt,us-gaap,"Proceeds from Sale of Debt Securities, Available-for-Sale",333069000.0,False,2024-01-01,2024-12-31,366,,usd,-3
AKAM_10K_20241231,ProceedsFromSaleOfAvailableForSaleSecuritiesDebt,us-gaap,"Proceeds from Sale of Debt Securities, Available-for-Sale",201585000.0,False,2023-01-01,2023-12-31,365,,usd,-3
AKAM_10K_20241231,ProceedsFromSaleOfAvailableForSaleSecuritiesDebt,us-gaap,"Proceeds from Sale of Debt Securities, Available-for-Sale",575522000.0,False,2022-01-01,2022-12-31,365,,usd,-3
AKAM_10K_20241231,ProceedsFromMaturitiesPrepaymentsAndCallsOfAvailableForSaleSecurities,us-gaap,"Proceeds from Maturities, Prepayments and Calls of Debt Securities, Available-for-Sale",352623000.0,False,2024-01-01,2024-12-31,366,,usd,-3
AKAM_10K_20241231,ProceedsFromMaturitiesPrepaymentsAndCallsOfAvailableForSaleSecurities,us-gaap,"Proceeds from Maturities, Prepayments and Calls of Debt Securities, Available-for-Sale",375332000.0,False,2023-01-01,2023-12-31,365,,usd,-3
AKAM_10K_20241231,ProceedsFromMaturitiesPrepaymentsAndCallsOfAvailableForSaleSecurities,us-gaap,"Proceeds from Maturities, Prepayments and Calls of Debt Securities, Available-for-Sale",156658000.0,False,2022-01-01,2022-12-31,365,,usd,-3
AKAM_10K_20241231,PaymentsForProceedsFromOtherInvestingActivities,us-gaap,Payments for (Proceeds from) Other Investing Activities,-3973000.0,False,2024-01-01,2024-12-31,366,,usd,-3
AKAM_10K_20241231,PaymentsForProceedsFromOtherInvestingActivities,us-gaap,Payments for (Proceeds from) Other Investing Activities,6069000.0,False,2023-01-01,2023-12-31,365,,usd,-3
AKAM_10K_20241231,PaymentsForProceedsFromOtherInvestingActivities,us-gaap,Payments for (Proceeds from) Other Investing Activities,6122000.0,False,2022-01-01,2022-12-31,365,,usd,-3
AKAM_10K_20241231,NetCashProvidedByUsedInInvestingActivities,us-gaap,Net Cash Provided by (Used in) Investing Activities,-798679000.0,False,2024-01-01,2024-12-31,366,,usd,-3
AKAM_10K_20241231,NetCashProvidedByUsedInInvestingActivities,us-gaap,Net Cash Provided by (Used in) Investing Activities,-1848238000.0,False,2023-01-01,2023-12-31,365,,usd,-3
AKAM_10K_20241231,NetCashProvidedByUsedInInvestingActivities,us-gaap,Net Cash Provided by (Used in) Investing Activities,-622310000.0,False,2022-01-01,2022-12-31,365,,usd,-3
AKAM_10K_20241231,ProceedsFromLinesOfCredit,us-gaap,Proceeds from Lines of Credit,0.0,False,2024-01-01,2024-12-31,366,,usd,-3
AKAM_10K_20241231,ProceedsFromLinesOfCredit,us-gaap,Proceeds from Lines of Credit,90000000.0,False,2023-01-01,2023-12-31,365,,usd,-3
AKAM_10K_20241231,ProceedsFromLinesOfCredit,us-gaap,Proceeds from Lines of Credit,125000000.0,False,2022-01-01,2022-12-31,365,,usd,-3
AKAM_10K_20241231,RepaymentsOfLinesOfCredit,us-gaap,Repayments of Lines of Credit,0.0,False,2024-01-01,2024-12-31,366,,usd,-3
AKAM_10K_20241231,RepaymentsOfLinesOfCredit,us-gaap,Repayments of Lines of Credit,90000000.0,False,2023-01-01,2023-12-31,365,,usd,-3
AKAM_10K_20241231,RepaymentsOfLinesOfCredit,us-gaap,Repayments of Lines of Credit,125000000.0,False,2022-01-01,2022-12-31,365,,usd,-3
AKAM_10K_20241231,ProceedsFromConvertibleDebt,us-gaap,Proceeds from Convertible Debt,0.0,False,2024-01-01,2024-12-31,366,,usd,-3
AKAM_10K_20241231,ProceedsFromConvertibleDebt,us-gaap,Proceeds from Convertible Debt,1247388000.0,False,2023-01-01,2023-12-31,365,,usd,-3
AKAM_10K_20241231,ProceedsFromConvertibleDebt,us-gaap,Proceeds from Convertible Debt,0.0,False,2022-01-01,2022-12-31,365,,usd,-3
AKAM_10K_20241231,ProceedsFromIssuanceOfWarrants,us-gaap,Proceeds from Issuance of Warrants,0.0,False,2024-01-01,2024-12-31,366,,usd,-3
AKAM_10K_20241231,ProceedsFromIssuanceOfWarrants,us-gaap,Proceeds from Issuance of Warrants,90195000.0,False,2023-01-01,2023-12-31,365,,usd,-3
AKAM_10K_20241231,ProceedsFromIssuanceOfWarrants,us-gaap,Proceeds from Issuance of Warrants,0.0,False,2022-01-01,2022-12-31,365,,usd,-3
AKAM_10K_20241231,PaymentsForHedgeFinancingActivities,us-gaap,"Payments for Hedge, Financing Activities",0.0,False,2024-01-01,2024-12-31,366,,usd,-3
AKAM_10K_20241231,PaymentsForHedgeFinancingActivities,us-gaap,"Payments for Hedge, Financing Activities",236555000.0,False,2023-01-01,2023-12-31,365,,usd,-3
AKAM_10K_20241231,PaymentsForHedgeFinancingActivities,us-gaap,"Payments for Hedge, Financing Activities",0.0,False,2022-01-01,2022-12-31,365,,usd,-3
AKAM_10K_20241231,ProceedsFromIssuanceOfSharesUnderIncentiveAndShareBasedCompensationPlansIncludingStockOptions,us-gaap,"Proceeds, Issuance of Shares, Share-Based Payment Arrangement, Including Option Exercised",61513000.0,False,2024-01-01,2024-12-31,366,,usd,-3
AKAM_10K_20241231,ProceedsFromIssuanceOfSharesUnderIncentiveAndShareBasedCompensationPlansIncludingStockOptions,us-gaap,"Proceeds, Issuance of Shares, Share-Based Payment Arrangement, Including Option Exercised",62979000.0,False,2023-01-01,2023-12-31,365,,usd,-3
AKAM_10K_20241231,ProceedsFromIssuanceOfSharesUnderIncentiveAndShareBasedCompensationPlansIncludingStockOptions,us-gaap,"Proceeds, Issuance of Shares, Share-Based Payment Arrangement, Including Option Exercised",56462000.0,False,2022-01-01,2022-12-31,365,,usd,-3
AKAM_10K_20241231,EmployeeTaxesPaidRelatedToNetShareSettlementOfEquityAwards,akam,Employee Taxes Paid Related To Net Share Settlement of Equity Awards,173176000.0,False,2024-01-01,2024-12-31,366,,usd,-3
AKAM_10K_20241231,EmployeeTaxesPaidRelatedToNetShareSettlementOfEquityAwards,akam,Employee Taxes Paid Related To Net Share Settlement of Equity Awards,66222000.0,False,2023-01-01,2023-12-31,365,,usd,-3
AKAM_10K_20241231,EmployeeTaxesPaidRelatedToNetShareSettlementOfEquityAwards,akam,Employee Taxes Paid Related To Net Share Settlement of Equity Awards,82236000.0,False,2022-01-01,2022-12-31,365,,usd,-3
AKAM_10K_20241231,PaymentsForRepurchaseOfCommonStock,us-gaap,Payments for Repurchase of Common Stock,557468000.0,False,2024-01-01,2024-12-31,366,,usd,-3
AKAM_10K_20241231,PaymentsForRepurchaseOfCommonStock,us-gaap,Payments for Repurchase of Common Stock,654046000.0,False,2023-01-01,2023-12-31,365,,usd,-3
AKAM_10K_20241231,PaymentsForRepurchaseOfCommonStock,us-gaap,Payments for Repurchase of Common Stock,608010000.0,False,2022-01-01,2022-12-31,365,,usd,-3
AKAM_10K_20241231,ProceedsFromPaymentsForOtherFinancingActivities,us-gaap,Proceeds from (Payments for) Other Financing Activities,-10504000.0,False,2024-01-01,2024-12-31,366,,usd,-3
AKAM_10K_20241231,ProceedsFromPaymentsForOtherFinancingActivities,us-gaap,Proceeds from (Payments for) Other Financing Activities,-360000.0,False,2023-01-01,2023-12-31,365,,usd,-3
AKAM_10K_20241231,ProceedsFromPaymentsForOtherFinancingActivities,us-gaap,Proceeds from (Payments for) Other Financing Activities,-393000.0,False,2022-01-01,2022-12-31,365,,usd,-3
AKAM_10K_20241231,NetCashProvidedByUsedInFinancingActivities,us-gaap,Net Cash Provided by (Used in) Financing Activities,-679635000.0,False,2024-01-01,2024-12-31,366,,usd,-3
AKAM_10K_20241231,NetCashProvidedByUsedInFinancingActivities,us-gaap,Net Cash Provided by (Used in) Financing Activities,443379000.0,False,2023-01-01,2023-12-31,365,,usd,-3
AKAM_10K_20241231,NetCashProvidedByUsedInFinancingActivities,us-gaap,Net Cash Provided by (Used in) Financing Activities,-634177000.0,False,2022-01-01,2022-12-31,365,,usd,-3
AKAM_10K_20241231,EffectOfExchangeRateOnCashCashEquivalentsRestrictedCashAndRestrictedCashEquivalents,us-gaap,"Effect of Exchange Rate on Cash, Cash Equivalents, Restricted Cash, and Restricted Cash Equivalents, Continuing Operations",-12243000.0,False,2024-01-01,2024-12-31,366,,usd,-3
AKAM_10K_20241231,EffectOfExchangeRateOnCashCashEquivalentsRestrictedCashAndRestrictedCashEquivalents,us-gaap,"Effect of Exchange Rate on Cash, Cash Equivalents, Restricted Cash, and Restricted Cash Equivalents, Continuing Operations",3868000.0,False,2023-01-01,2023-12-31,365,,usd,-3
AKAM_10K_20241231,EffectOfExchangeRateOnCashCashEquivalentsRestrictedCashAndRestrictedCashEquivalents,us-gaap,"Effect of Exchange Rate on Cash, Cash Equivalents, Restricted Cash, and Restricted Cash Equivalents, Continuing Operations",-12918000.0,False,2022-01-01,2022-12-31,365,,usd,-3
AKAM_10K_20241231,CashCashEquivalentsRestrictedCashAndRestrictedCashEquivalentsPeriodIncreaseDecreaseIncludingExchangeRateEffect,us-gaap,"Cash, Cash Equivalents, Restricted Cash, and Restricted Cash Equivalents, Period Increase (Decrease), Including Exchange Rate Effect",28614000.0,False,2024-01-01,2024-12-31,366,,usd,-3
AKAM_10K_20241231,CashCashEquivalentsRestrictedCashAndRestrictedCashEquivalentsPeriodIncreaseDecreaseIncludingExchangeRateEffect,us-gaap,"Cash, Cash Equivalents, Restricted Cash, and Restricted Cash Equivalents, Period Increase (Decrease), Including Exchange Rate Effect",-52552000.0,False,2023-01-01,2023-12-31,365,,usd,-3
AKAM_10K_20241231,CashCashEquivalentsRestrictedCashAndRestrictedCashEquivalentsPeriodIncreaseDecreaseIncludingExchangeRateEffect,us-gaap,"Cash, Cash Equivalents, Restricted Cash, and Restricted Cash Equivalents, Period Increase (Decrease), Including Exchange Rate Effect",5271000.0,False,2022-01-01,2022-12-31,365,,usd,-3
AKAM_10K_20241231,CashCashEquivalentsRestrictedCashAndRestrictedCashEquivalents,us-gaap,"Cash, Cash Equivalents, Restricted Cash, and Restricted Cash Equivalents",490470000.0,True,,2023-12-31,0,,usd,-3
AKAM_10K_20241231,CashCashEquivalentsRestrictedCashAndRestrictedCashEquivalents,us-gaap,"Cash, Cash Equivalents, Restricted Cash, and Restricted Cash Equivalents",543022000.0,True,,2022-12-31,0,,usd,-3
AKAM_10K_20241231,CashCashEquivalentsRestrictedCashAndRestrictedCashEquivalents,us-gaap,"Cash, Cash Equivalents, Restricted Cash, and Restricted Cash Equivalents",537751000.0,True,,2021-12-31,0,,usd,-3
AKAM_10K_20241231,CashCashEquivalentsRestrictedCashAndRestrictedCashEquivalents,us-gaap,"Cash, Cash Equivalents, Restricted Cash, and Restricted Cash Equivalents",519084000.0,True,,2024-12-31,0,,usd,-3
AKAM_10K_20241231,ProceedsFromIncomeTaxRefunds,us-gaap,Proceeds from Income Tax Refunds,5888000.0,False,2024-01-01,2024-12-31,366,,usd,-3
AKAM_10K_20241231,ProceedsFromIncomeTaxRefunds,us-gaap,Proceeds from Income Tax Refunds,11006000.0,False,2023-01-01,2023-12-31,365,,usd,-3
AKAM_10K_20241231,ProceedsFromIncomeTaxRefunds,us-gaap,Proceeds from Income Tax Refunds,15458000.0,False,2022-01-01,2022-12-31,365,,usd,-3
AKAM_10K_20241231,IncomeTaxesPaidNet,us-gaap,"Income Taxes Paid, Net",136322000.0,False,2024-01-01,2024-12-31,366,,usd,-3
AKAM_10K_20241231,IncomeTaxesPaidNet,us-gaap,"Income Taxes Paid, Net",134478000.0,False,2023-01-01,2023-12-31,365,,usd,-3
AKAM_10K_20241231,IncomeTaxesPaidNet,us-gaap,"Income Taxes Paid, Net",183900000.0,False,2022-01-01,2022-12-31,365,,usd,-3
AKAM_10K_20241231,InterestPaidNet,us-gaap,"Interest Paid, Excluding Capitalized Interest, Operating Activities",20420000.0,False,2024-01-01,2024-12-31,366,,usd,-3
AKAM_10K_20241231,InterestPaidNet,us-gaap,"Interest Paid, Excluding Capitalized Interest, Operating Activities",6328000.0,False,2023-01-01,2023-12-31,365,,usd,-3
AKAM_10K_20241231,InterestPaidNet,us-gaap,"Interest Paid, Excluding Capitalized Interest, Operating Activities",6158000.0,False,2022-01-01,2022-12-31,365,,usd,-3
AKAM_10K_20241231,OperatingLeasePayments,us-gaap,"Operating Lease, Payments",288067000.0,False,2024-01-01,2024-12-31,366,,usd,-3
AKAM_10K_20241231,OperatingLeasePayments,us-gaap,"Operating Lease, Payments",257961000.0,False,2023-01-01,2023-12-31,365,,usd,-3
AKAM_10K_20241231,OperatingLeasePayments,us-gaap,"Operating Lease, Payments",224898000.0,False,2022-01-01,2022-12-31,365,,usd,-3
AKAM_10K_20241231,RightOfUseAssetObtainedInExchangeForOperatingLeaseLiability,us-gaap,Right-of-Use Asset Obtained in Exchange for Operating Lease Liability,356912000.0,False,2024-01-01,2024-12-31,366,,usd,-3
AKAM_10K_20241231,RightOfUseAssetObtainedInExchangeForOperatingLeaseLiability,us-gaap,Right-of-Use Asset Obtained in Exchange for Operating Lease Liability,333590000.0,False,2023-01-01,2023-12-31,365,,usd,-3
AKAM_10K_20241231,RightOfUseAssetObtainedInExchangeForOperatingLeaseLiability,us-gaap,Right-of-Use Asset Obtained in Exchange for Operating Lease Liability,202409000.0,False,2022-01-01,2022-12-31,365,,usd,-3
AKAM_10K_20241231,CapitalExpendituresIncurredButNotYetPaid,us-gaap,Capital Expenditures Incurred but Not yet Paid,55515000.0,False,2024-01-01,2024-12-31,366,,usd,-3
AKAM_10K_20241231,CapitalExpendituresIncurredButNotYetPaid,us-gaap,Capital Expenditures Incurred but Not yet Paid,65048000.0,False,2023-01-01,2023-12-31,365,,usd,-3
AKAM_10K_20241231,CapitalExpendituresIncurredButNotYetPaid,us-gaap,Capital Expenditures Incurred but Not yet Paid,80170000.0,False,2022-01-01,2022-12-31,365,,usd,-3
AKAM_10K_20241231,EmployeeServiceShareBasedCompensationAllocationOfRecognizedPeriodCostsCapitalizedAmount,us-gaap,"Share-Based Payment Arrangement, Amount Capitalized",107488000.0,False,2024-01-01,2024-12-31,366,,usd,-3
AKAM_10K_20241231,EmployeeServiceShareBasedCompensationAllocationOfRecognizedPeriodCostsCapitalizedAmount,us-gaap,"Share-Based Payment Arrangement, Amount Capitalized",83676000.0,False,2023-01-01,2023-12-31,365,,usd,-3
AKAM_10K_20241231,EmployeeServiceShareBasedCompensationAllocationOfRecognizedPeriodCostsCapitalizedAmount,us-gaap,"Share-Based Payment Arrangement, Amount Capitalized",33060000.0,False,2022-01-01,2022-12-31,365,,usd,-3
AKAM_10K_20241231,CashAndCashEquivalentsAtCarryingValue,us-gaap,"Cash and Cash Equivalents, at Carrying Value",542337000.0,True,,2022-12-31,0,,usd,-3
AKAM_10K_20241231,RestrictedCash,us-gaap,Restricted Cash,1377000.0,True,,2024-12-31,0,,usd,-3
AKAM_10K_20241231,RestrictedCash,us-gaap,Restricted Cash,1002000.0,True,,2023-12-31,0,,usd,-3
AKAM_10K_20241231,RestrictedCash,us-gaap,Restricted Cash,685000.0,True,,2022-12-31,0,,usd,-3
AKAM_10K_20241231,CommonStockSharesOutstanding,us-gaap,"Common Stock, Shares, Outstanding",160512111.0,True,,2021-12-31,0,StatementEquityComponentsAxis=CommonStockMember,shares,INF
AKAM_10K_20241231,StockholdersEquity,us-gaap,"Equity, Attributable to Parent",1605000.0,True,,2021-12-31,0,StatementEquityComponentsAxis=CommonStockMember,usd,-3
AKAM_10K_20241231,StockholdersEquity,us-gaap,"Equity, Attributable to Parent",3340822000.0,True,,2021-12-31,0,StatementEquityComponentsAxis=AdditionalPaidInCapitalMember,usd,-3
AKAM_10K_20241231,StockholdersEquity,us-gaap,"Equity, Attributable to Parent",0.0,True,,2021-12-31,0,StatementEquityComponentsAxis=TreasuryStockCommonMember,usd,-3
AKAM_10K_20241231,StockholdersEquity,us-gaap,"Equity, Attributable to Parent",-69105000.0,True,,2021-12-31,0,StatementEquityComponentsAxis=AccumulatedOtherComprehensiveIncomeMember,usd,-3
AKAM_10K_20241231,StockholdersEquity,us-gaap,"Equity, Attributable to Parent",1256692000.0,True,,2021-12-31,0,StatementEquityComponentsAxis=RetainedEarningsMember,usd,-3
AKAM_10K_20241231,StockholdersEquity,us-gaap,"Equity, Attributable to Parent",4530014000.0,True,,2021-12-31,0,,usd,-3
AKAM_10K_20241231,StockholdersEquity,us-gaap,"Equity, Attributable to Parent",-375414000.0,True,,2021-12-31,0,CumulativeEffectPeriodOfAdoptionAxis=CumulativeEffectPeriodOfAdoptionAdjustmentMember;StatementEquityComponentsAxis=AdditionalPaidInCapitalMember,usd,-3
AKAM_10K_20241231,StockholdersEquity,us-gaap,"Equity, Attributable to Parent",139987000.0,True,,2021-12-31,0,CumulativeEffectPeriodOfAdoptionAxis=CumulativeEffectPeriodOfAdoptionAdjustmentMember;StatementEquityComponentsAxis=RetainedEarningsMember,usd,-3
AKAM_10K_20241231,StockholdersEquity,us-gaap,"Equity, Attributable to Parent",-235427000.0,True,,2021-12-31,0,CumulativeEffectPeriodOfAdoptionAxis=CumulativeEffectPeriodOfAdoptionAdjustmentMember,usd,-3
AKAM_10K_20241231,StockIssuedDuringPeriodSharesExerciseOfStockOptionsAndVestingOfRestrictedAndDeferredStockUnits,akam,Stock Issued During Period Shares Exercise Of Stock Options And Vesting Of Restricted And Deferred Stock Units,1697410.0,False,2022-01-01,2022-12-31,365,StatementEquityComponentsAxis=CommonStockMember,shares,INF
AKAM_10K_20241231,StockIssuedDuringPeriodValueExerciseOfStockOptionsandVestingofRestrictedandDeferredStockUnits,akam,"Stock Issued During Period, Value, Exercise Of Stock Options and Vesting of Restricted and Deferred Stock Units",17000.0,False,2022-01-01,2022-12-31,365,StatementEquityComponentsAxis=CommonStockMember,usd,-3
AKAM_10K_20241231,StockIssuedDuringPeriodValueExerciseOfStockOptionsandVestingofRestrictedandDeferredStockUnits,akam,"Stock Issued During Period, Value, Exercise Of Stock Options and Vesting of Restricted and Deferred Stock Units",-82294000.0,False,2022-01-01,2022-12-31,365,StatementEquityComponentsAxis=AdditionalPaidInCapitalMember,usd,-3
AKAM_10K_20241231,StockIssuedDuringPeriodValueExerciseOfStockOptionsandVestingofRestrictedandDeferredStockUnits,akam,"Stock Issued During Period, Value, Exercise Of Stock Options and Vesting of Restricted and Deferred Stock Units",-82277000.0,False,2022-01-01,2022-12-31,365,,usd,-3
AKAM_10K_20241231,StockIssuedDuringPeriodSharesEmployeeStockPurchasePlans,us-gaap,"Stock Issued During Period, Shares, Employee Stock Purchase Plans",687945.0,False,2022-01-01,2022-12-31,365,StatementEquityComponentsAxis=CommonStockMember,shares,INF
AKAM_10K_20241231,StockIssuedDuringPeriodValueEmployeeStockPurchasePlan,us-gaap,"Stock Issued During Period, Value, Employee Stock Purchase Plan",7000.0,False,2022-01-01,2022-12-31,365,StatementEquityComponentsAxis=CommonStockMember,usd,-3
AKAM_10K_20241231,StockIssuedDuringPeriodValueEmployeeStockPurchasePlan,us-gaap,"Stock Issued During Period, Value, Employee Stock Purchase Plan",56563000.0,False,2022-01-01,2022-12-31,365,StatementEquityComponentsAxis=AdditionalPaidInCapitalMember,usd,-3
AKAM_10K_20241231,StockIssuedDuringPeriodValueEmployeeStockPurchasePlan,us-gaap,"Stock Issued During Period, Value, Employee Stock Purchase Plan",56570000.0,False,2022-01-01,2022-12-31,365,,usd,-3
AKAM_10K_20241231,AdjustmentsToAdditionalPaidInCapitalSharebasedCompensationRequisiteServicePeriodRecognitionValue,us-gaap,"APIC, Share-Based Payment Arrangement, Increase for Cost Recognition",246872000.0,False,2022-01-01,2022-12-31,365,StatementEquityComponentsAxis=AdditionalPaidInCapitalMember,usd,-3
AKAM_10K_20241231,AdjustmentsToAdditionalPaidInCapitalSharebasedCompensationRequisiteServicePeriodRecognitionValue,us-gaap,"APIC, Share-Based Payment Arrangement, Increase for Cost Recognition",246872000.0,False,2022-01-01,2022-12-31,365,,usd,-3
AKAM_10K_20241231,TreasuryStockSharesAcquired,us-gaap,"Treasury Stock, Shares, Acquired",6402650.0,False,2022-01-01,2022-12-31,365,StatementEquityComponentsAxis=CommonStockMember,shares,INF
AKAM_10K_20241231,TreasuryStockValueAcquiredCostMethod,us-gaap,"Treasury Stock, Value, Acquired, Cost Method",608010000.0,False,2022-01-01,2022-12-31,365,StatementEquityComponentsAxis=TreasuryStockCommonMember,usd,-3
AKAM_10K_20241231,TreasuryStockValueAcquiredCostMethod,us-gaap,"Treasury Stock, Value, Acquired, Cost Method",608010000.0,False,2022-01-01,2022-12-31,365,,usd,-3
AKAM_10K_20241231,TreasuryStockRetiredCostMethodAmount,us-gaap,"Treasury Stock, Retired, Cost Method, Amount",64000.0,False,2022-01-01,2022-12-31,365,StatementEquityComponentsAxis=CommonStockMember,usd,-3
AKAM_10K_20241231,TreasuryStockRetiredCostMethodAmount,us-gaap,"Treasury Stock, Retired, Cost Method, Amount",607946000.0,False,2022-01-01,2022-12-31,365,StatementEquityComponentsAxis=AdditionalPaidInCapitalMember,usd,-3
AKAM_10K_20241231,TreasuryStockRetiredCostMethodAmount,us-gaap,"Treasury Stock, Retired, Cost Method, Amount",-608010000.0,False,2022-01-01,2022-12-31,365,StatementEquityComponentsAxis=TreasuryStockCommonMember,usd,-3
AKAM_10K_20241231,TreasuryStockRetiredCostMethodAmount,us-gaap,"Treasury Stock, Retired, Cost Method, Amount",0.0,False,2022-01-01,2022-12-31,365,,usd,-3
AKAM_10K_20241231,NetIncomeLoss,us-gaap,Net Income (Loss) Attributable to Parent,523672000.0,False,2022-01-01,2022-12-31,365,StatementEquityComponentsAxis=RetainedEarningsMember,usd,-3
AKAM_10K_20241231,OtherComprehensiveIncomeForeignCurrencyTransactionAndTranslationAdjustmentNetOfTaxPortionAttributableToParent,us-gaap,"Other Comprehensive Income (Loss), Foreign Currency Transaction and Translation Adjustment, Net of Tax, Portion Attributable to Parent",-44665000.0,False,2022-01-01,2022-12-31,365,StatementEquityComponentsAxis=AccumulatedOtherComprehensiveIncomeMember,usd,-3
AKAM_10K_20241231,OtherComprehensiveIncomeUnrealizedHoldingGainLossOnSecuritiesArisingDuringPeriodNetOfTax,us-gaap,"OCI, Debt Securities, Available-for-Sale, Unrealized Holding Gain (Loss), before Adjustment, after Tax",-26562000.0,False,2022-01-01,2022-12-31,365,StatementEquityComponentsAxis=AccumulatedOtherComprehensiveIncomeMember,usd,-3
AKAM_10K_20241231,CommonStockSharesOutstanding,us-gaap,"Common Stock, Shares, Outstanding",156494816.0,True,,2022-12-31,0,StatementEquityComponentsAxis=CommonStockMember,shares,INF
AKAM_10K_20241231,StockholdersEquity,us-gaap,"Equity, Attributable to Parent",1565000.0,True,,2022-12-31,0,StatementEquityComponentsAxis=CommonStockMember,usd,-3
AKAM_10K_20241231,StockholdersEquity,us-gaap,"Equity, Attributable to Parent",2578603000.0,True,,2022-12-31,0,StatementEquityComponentsAxis=AdditionalPaidInCapitalMember,usd,-3
AKAM_10K_20241231,StockholdersEquity,us-gaap,"Equity, Attributable to Parent",0.0,True,,2022-12-31,0,StatementEquityComponentsAxis=TreasuryStockCommonMember,usd,-3
AKAM_10K_20241231,StockholdersEquity,us-gaap,"Equity, Attributable to Parent",-140332000.0,True,,2022-12-31,0,StatementEquityComponentsAxis=AccumulatedOtherComprehensiveIncomeMember,usd,-3
AKAM_10K_20241231,StockholdersEquity,us-gaap,"Equity, Attributable to Parent",1920351000.0,True,,2022-12-31,0,StatementEquityComponentsAxis=RetainedEarningsMember,usd,-3
AKAM_10K_20241231,StockholdersEquity,us-gaap,"Equity, Attributable to Parent",4360187000.0,True,,2022-12-31,0,,usd,-3
AKAM_10K_20241231,StockIssuedDuringPeriodSharesExerciseOfStockOptionsAndVestingOfRestrictedAndDeferredStockUnits,akam,Stock Issued During Period Shares Exercise Of Stock Options And Vesting Of Restricted And Deferred Stock Units,1743329.0,False,2023-01-01,2023-12-31,365,StatementEquityComponentsAxis=CommonStockMember,shares,INF
AKAM_10K_20241231,StockIssuedDuringPeriodValueExerciseOfStockOptionsandVestingofRestrictedandDeferredStockUnits,akam,"Stock Issued During Period, Value, Exercise Of Stock Options and Vesting of Restricted and Deferred Stock Units",17000.0,False,2023-01-01,2023-12-31,365,StatementEquityComponentsAxis=CommonStockMember,usd,-3
AKAM_10K_20241231,StockIssuedDuringPeriodValueExerciseOfStockOptionsandVestingofRestrictedandDeferredStockUnits,akam,"Stock Issued During Period, Value, Exercise Of Stock Options and Vesting of Restricted and Deferred Stock Units",-69621000.0,False,2023-01-01,2023-12-31,365,StatementEquityComponentsAxis=AdditionalPaidInCapitalMember,usd,-3
AKAM_10K_20241231,StockIssuedDuringPeriodValueExerciseOfStockOptionsandVestingofRestrictedandDeferredStockUnits,akam,"Stock Issued During Period, Value, Exercise Of Stock Options and Vesting of Restricted and Deferred Stock Units",-69604000.0,False,2023-01-01,2023-12-31,365,,usd,-3
AKAM_10K_20241231,StockIssuedDuringPeriodSharesEmployeeStockPurchasePlans,us-gaap,"Stock Issued During Period, Shares, Employee Stock Purchase Plans",796541.0,False,2023-01-01,2023-12-31,365,StatementEquityComponentsAxis=CommonStockMember,shares,INF
AKAM_10K_20241231,StockIssuedDuringPeriodValueEmployeeStockPurchasePlan,us-gaap,"Stock Issued During Period, Value, Employee Stock Purchase Plan",8000.0,False,2023-01-01,2023-12-31,365,StatementEquityComponentsAxis=CommonStockMember,usd,-3
AKAM_10K_20241231,StockIssuedDuringPeriodValueEmployeeStockPurchasePlan,us-gaap,"Stock Issued During Period, Value, Employee Stock Purchase Plan",62357000.0,False,2023-01-01,2023-12-31,365,StatementEquityComponentsAxis=AdditionalPaidInCapitalMember,usd,-3
AKAM_10K_20241231,StockIssuedDuringPeriodValueEmployeeStockPurchasePlan,us-gaap,"Stock Issued During Period, Value, Employee Stock Purchase Plan",62365000.0,False,2023-01-01,2023-12-31,365,,usd,-3
AKAM_10K_20241231,AdjustmentsToAdditionalPaidInCapitalSharebasedCompensationRequisiteServicePeriodRecognitionValue,us-gaap,"APIC, Share-Based Payment Arrangement, Increase for Cost Recognition",398495000.0,False,2023-01-01,2023-12-31,365,StatementEquityComponentsAxis=AdditionalPaidInCapitalMember,usd,-3
AKAM_10K_20241231,AdjustmentsToAdditionalPaidInCapitalSharebasedCompensationRequisiteServicePeriodRecognitionValue,us-gaap,"APIC, Share-Based Payment Arrangement, Increase for Cost Recognition",398495000.0,False,2023-01-01,2023-12-31,365,,usd,-3
AKAM_10K_20241231,AdjustmentsToAdditionalPaidInCapitalWarrantIssued,us-gaap,"Adjustments to Additional Paid in Capital, Warrant Issued",90195000.0,False,2023-01-01,2023-12-31,365,StatementEquityComponentsAxis=AdditionalPaidInCapitalMember,usd,-3
AKAM_10K_20241231,AdjustmentsToAdditionalPaidInCapitalWarrantIssued,us-gaap,"Adjustments to Additional Paid in Capital, Warrant Issued",90195000.0,False,2023-01-01,2023-12-31,365,,usd,-3
AKAM_10K_20241231,ConvertibleDebtDeferredTaxes,akam,"Convertible Debt, Deferred Taxes",57628000.0,False,2023-01-01,2023-12-31,365,,usd,-3
AKAM_10K_20241231,AdjustmentsToAdditionalPaidInCapitalPurchaseOfNoteHedgeRelatedToConvertibleSeniorNotes,akam,Adjustments To Additional Paid In Capital Purchase Of Note Hedge Related To Convertible Senior Notes,178927000.0,False,2023-01-01,2023-12-31,365,StatementEquityComponentsAxis=AdditionalPaidInCapitalMember,usd,-3
AKAM_10K_20241231,AdjustmentsToAdditionalPaidInCapitalPurchaseOfNoteHedgeRelatedToConvertibleSeniorNotes,akam,Adjustments To Additional Paid In Capital Purchase Of Note Hedge Related To Convertible Senior Notes,178927000.0,False,2023-01-01,2023-12-31,365,,usd,-3
AKAM_10K_20241231,TreasuryStockSharesAcquired,us-gaap,"Treasury Stock, Shares, Acquired",7801778.0,False,2023-01-01,2023-12-31,365,StatementEquityComponentsAxis=CommonStockMember,shares,INF
AKAM_10K_20241231,TreasuryStockValueAcquiredCostMethod,us-gaap,"Treasury Stock, Value, Acquired, Cost Method",658187000.0,False,2023-01-01,2023-12-31,365,StatementEquityComponentsAxis=TreasuryStockCommonMember,usd,-3
AKAM_10K_20241231,TreasuryStockValueAcquiredCostMethod,us-gaap,"Treasury Stock, Value, Acquired, Cost Method",658187000.0,False,2023-01-01,2023-12-31,365,,usd,-3
AKAM_10K_20241231,TreasuryStockRetiredCostMethodAmount,us-gaap,"Treasury Stock, Retired, Cost Method, Amount",78000.0,False,2023-01-01,2023-12-31,365,StatementEquityComponentsAxis=CommonStockMember,usd,-3
AKAM_10K_20241231,TreasuryStockRetiredCostMethodAmount,us-gaap,"Treasury Stock, Retired, Cost Method, Amount",658109000.0,False,2023-01-01,2023-12-31,365,StatementEquityComponentsAxis=AdditionalPaidInCapitalMember,usd,-3
AKAM_10K_20241231,TreasuryStockRetiredCostMethodAmount,us-gaap,"Treasury Stock, Retired, Cost Method, Amount",-658187000.0,False,2023-01-01,2023-12-31,365,StatementEquityComponentsAxis=TreasuryStockCommonMember,usd,-3
AKAM_10K_20241231,TreasuryStockRetiredCostMethodAmount,us-gaap,"Treasury Stock, Retired, Cost Method, Amount",0.0,False,2023-01-01,2023-12-31,365,,usd,-3
AKAM_10K_20241231,NetIncomeLoss,us-gaap,Net Income (Loss) Attributable to Parent,547629000.0,False,2023-01-01,2023-12-31,365,StatementEquityComponentsAxis=RetainedEarningsMember,usd,-3
AKAM_10K_20241231,OtherComprehensiveIncomeForeignCurrencyTransactionAndTranslationAdjustmentNetOfTaxPortionAttributableToParent,us-gaap,"Other Comprehensive Income (Loss), Foreign Currency Transaction and Translation Adjustment, Net of Tax, Portion Attributable to Parent",18439000.0,False,2023-01-01,2023-12-31,365,StatementEquityComponentsAxis=AccumulatedOtherComprehensiveIncomeMember,usd,-3
AKAM_10K_20241231,OtherComprehensiveIncomeUnrealizedHoldingGainLossOnSecuritiesArisingDuringPeriodNetOfTax,us-gaap,"OCI, Debt Securities, Available-for-Sale, Unrealized Holding Gain (Loss), before Adjustment, after Tax",26563000.0,False,2023-01-01,2023-12-31,365,StatementEquityComponentsAxis=AccumulatedOtherComprehensiveIncomeMember,usd,-3
AKAM_10K_20241231,CommonStockSharesOutstanding,us-gaap,"Common Stock, Shares, Outstanding",151232908.0,True,,2023-12-31,0,StatementEquityComponentsAxis=CommonStockMember,shares,INF
AKAM_10K_20241231,StockholdersEquity,us-gaap,"Equity, Attributable to Parent",1512000.0,True,,2023-12-31,0,StatementEquityComponentsAxis=CommonStockMember,usd,-3
AKAM_10K_20241231,StockholdersEquity,us-gaap,"Equity, Attributable to Parent",2222993000.0,True,,2023-12-31,0,StatementEquityComponentsAxis=AdditionalPaidInCapitalMember,usd,-3
AKAM_10K_20241231,StockholdersEquity,us-gaap,"Equity, Attributable to Parent",0.0,True,,2023-12-31,0,StatementEquityComponentsAxis=TreasuryStockCommonMember,usd,-3
AKAM_10K_20241231,StockholdersEquity,us-gaap,"Equity, Attributable to Parent",-95330000.0,True,,2023-12-31,0,StatementEquityComponentsAxis=AccumulatedOtherComprehensiveIncomeMember,usd,-3
AKAM_10K_20241231,StockholdersEquity,us-gaap,"Equity, Attributable to Parent",2467980000.0,True,,2023-12-31,0,StatementEquityComponentsAxis=RetainedEarningsMember,usd,-3
AKAM_10K_20241231,StockIssuedDuringPeriodSharesExerciseOfStockOptionsAndVestingOfRestrictedAndDeferredStockUnits,akam,Stock Issued During Period Shares Exercise Of Stock Options And Vesting Of Restricted And Deferred Stock Units,3627278.0,False,2024-01-01,2024-12-31,366,StatementEquityComponentsAxis=CommonStockMember,shares,INF
AKAM_10K_20241231,StockIssuedDuringPeriodValueExerciseOfStockOptionsandVestingofRestrictedandDeferredStockUnits,akam,"Stock Issued During Period, Value, Exercise Of Stock Options and Vesting of Restricted and Deferred Stock Units",36000.0,False,2024-01-01,2024-12-31,366,StatementEquityComponentsAxis=CommonStockMember,usd,-3
AKAM_10K_20241231,StockIssuedDuringPeriodValueExerciseOfStockOptionsandVestingofRestrictedandDeferredStockUnits,akam,"Stock Issued During Period, Value, Exercise Of Stock Options and Vesting of Restricted and Deferred Stock Units",-172560000.0,False,2024-01-01,2024-12-31,366,StatementEquityComponentsAxis=AdditionalPaidInCapitalMember,usd,-3
AKAM_10K_20241231,StockIssuedDuringPeriodValueExerciseOfStockOptionsandVestingofRestrictedandDeferredStockUnits,akam,"Stock Issued During Period, Value, Exercise Of Stock Options and Vesting of Restricted and Deferred Stock Units",-172524000.0,False,2024-01-01,2024-12-31,366,,usd,-3
AKAM_10K_20241231,StockIssuedDuringPeriodSharesEmployeeStockPurchasePlans,us-gaap,"Stock Issued During Period, Shares, Employee Stock Purchase Plans",787802.0,False,2024-01-01,2024-12-31,366,StatementEquityComponentsAxis=CommonStockMember,shares,INF
AKAM_10K_20241231,StockIssuedDuringPeriodValueEmployeeStockPurchasePlan,us-gaap,"Stock Issued During Period, Value, Employee Stock Purchase Plan",8000.0,False,2024-01-01,2024-12-31,366,StatementEquityComponentsAxis=CommonStockMember,usd,-3
AKAM_10K_20241231,StockIssuedDuringPeriodValueEmployeeStockPurchasePlan,us-gaap,"Stock Issued During Period, Value, Employee Stock Purchase Plan",61123000.0,False,2024-01-01,2024-12-31,366,StatementEquityComponentsAxis=AdditionalPaidInCapitalMember,usd,-3
AKAM_10K_20241231,StockIssuedDuringPeriodValueEmployeeStockPurchasePlan,us-gaap,"Stock Issued During Period, Value, Employee Stock Purchase Plan",61131000.0,False,2024-01-01,2024-12-31,366,,usd,-3
AKAM_10K_20241231,AdjustmentsToAdditionalPaidInCapitalSharebasedCompensationRequisiteServicePeriodRecognitionValue,us-gaap,"APIC, Share-Based Payment Arrangement, Increase for Cost Recognition",506828000.0,False,2024-01-01,2024-12-31,366,StatementEquityComponentsAxis=AdditionalPaidInCapitalMember,usd,-3
AKAM_10K_20241231,AdjustmentsToAdditionalPaidInCapitalSharebasedCompensationRequisiteServicePeriodRecognitionValue,us-gaap,"APIC, Share-Based Payment Arrangement, Increase for Cost Recognition",506828000.0,False,2024-01-01,2024-12-31,366,,usd,-3
AKAM_10K_20241231,TreasuryStockSharesAcquired,us-gaap,"Treasury Stock, Shares, Acquired",5622892.0,False,2024-01-01,2024-12-31,366,StatementEquityComponentsAxis=CommonStockMember,shares,INF
AKAM_10K_20241231,TreasuryStockValueAcquiredCostMethod,us-gaap,"Treasury Stock, Value, Acquired, Cost Method",558488000.0,False,2024-01-01,2024-12-31,366,StatementEquityComponentsAxis=TreasuryStockCommonMember,usd,-3
AKAM_10K_20241231,TreasuryStockValueAcquiredCostMethod,us-gaap,"Treasury Stock, Value, Acquired, Cost Method",558488000.0,False,2024-01-01,2024-12-31,366,,usd,-3
AKAM_10K_20241231,NetIncomeLoss,us-gaap,Net Income (Loss) Attributable to Parent,504918000.0,False,2024-01-01,2024-12-31,366,StatementEquityComponentsAxis=RetainedEarningsMember,usd,-3
AKAM_10K_20241231,OtherComprehensiveIncomeForeignCurrencyTransactionAndTranslationAdjustmentNetOfTaxPortionAttributableToParent,us-gaap,"Other Comprehensive Income (Loss), Foreign Currency Transaction and Translation Adjustment, Net of Tax, Portion Attributable to Parent",-59064000.0,False,2024-01-01,2024-12-31,366,StatementEquityComponentsAxis=AccumulatedOtherComprehensiveIncomeMember,usd,-3
AKAM_10K_20241231,OtherComprehensiveIncomeUnrealizedHoldingGainLossOnSecuritiesArisingDuringPeriodNetOfTax,us-gaap,"OCI, Debt Securities, Available-for-Sale, Unrealized Holding Gain (Loss), before Adjustment, after Tax",-1599000.0,False,2024-01-01,2024-12-31,366,StatementEquityComponentsAxis=AccumulatedOtherComprehensiveIncomeMember,usd,-3
AKAM_10K_20241231,CommonStockSharesOutstanding,us-gaap,"Common Stock, Shares, Outstanding",150025096.0,True,,2024-12-31,0,StatementEquityComponentsAxis=CommonStockMember,shares,INF
AKAM_10K_20241231,StockholdersEquity,us-gaap,"Equity, Attributable to Parent",1556000.0,True,,2024-12-31,0,StatementEquityComponentsAxis=CommonStockMember,usd,-3
AKAM_10K_20241231,StockholdersEquity,us-gaap,"Equity, Attributable to Parent",2618384000.0,True,,2024-12-31,0,StatementEquityComponentsAxis=AdditionalPaidInCapitalMember,usd,-3
AKAM_10K_20241231,StockholdersEquity,us-gaap,"Equity, Attributable to Parent",-558488000.0,True,,2024-12-31,0,StatementEquityComponentsAxis=TreasuryStockCommonMember,usd,-3
AKAM_10K_20241231,StockholdersEquity,us-gaap,"Equity, Attributable to Parent",-155993000.0,True,,2024-12-31,0,StatementEquityComponentsAxis=AccumulatedOtherComprehensiveIncomeMember,usd,-3
AKAM_10K_20241231,StockholdersEquity,us-gaap,"Equity, Attributable to Parent",2972898000.0,True,,2024-12-31,0,StatementEquityComponentsAxis=RetainedEarningsMember,usd,-3
AKAM_10K_20241231,NumberOfLocations,akam,Number Of Locations,4300.0,True,,2024-12-31,0,,location,-2
AKAM_10K_20241231,NumberOfCountriesServersAreIn,akam,Number Of Countries Servers Are In,130.0,True,,2024-12-31,0,,country,0
AKAM_10K_20241231,NumberOfCitiesServersAreIn,akam,Number Of Cities Servers Are In,700.0,True,,2024-12-31,0,,city,0
AKAM_10K_20241231,PropertyAndEquipmentPerUnitValueMinimum,akam,Property And Equipment Per Unit Value Minimum,1000.0,True,,2024-12-31,0,,usd,INF
AKAM_10K_20241231,Depreciation,us-gaap,Depreciation,-47700000.0,False,2024-01-01,2024-12-31,366,ChangeInAccountingEstimateByTypeAxis=ServiceLifeMember,usd,-5
AKAM_10K_20241231,NetIncomeLoss,us-gaap,Net Income (Loss) Attributable to Parent,39800000.0,False,2024-01-01,2024-12-31,366,ChangeInAccountingEstimateByTypeAxis=ServiceLifeMember,usd,-5
AKAM_10K_20241231,EarningsPerShareDiluted,us-gaap,"Earnings Per Share, Diluted",0.26,False,2024-01-01,2024-12-31,366,ChangeInAccountingEstimateByTypeAxis=ServiceLifeMember,usdPerShare,2
AKAM_10K_20241231,EarningsPerShareBasic,us-gaap,"Earnings Per Share, Basic",0.26,False,2024-01-01,2024-12-31,366,ChangeInAccountingEstimateByTypeAxis=ServiceLifeMember,usdPerShare,2
AKAM_10K_20241231,Depreciation,us-gaap,Depreciation,-62700000.0,False,2023-01-01,2023-12-31,365,ChangeInAccountingEstimateByTypeAxis=ServiceLifeMember,usd,-5
AKAM_10K_20241231,NetIncomeLoss,us-gaap,Net Income (Loss) Attributable to Parent,52300000.0,False,2023-01-01,2023-12-31,365,ChangeInAccountingEstimateByTypeAxis=ServiceLifeMember,usd,-5
AKAM_10K_20241231,EarningsPerShareBasic,us-gaap,"Earnings Per Share, Basic",0.34,False,2023-01-01,2023-12-31,365,ChangeInAccountingEstimateByTypeAxis=ServiceLifeMember,usdPerShare,2
AKAM_10K_20241231,EarningsPerShareDiluted,us-gaap,"Earnings Per Share, Diluted",0.34,False,2023-01-01,2023-12-31,365,ChangeInAccountingEstimateByTypeAxis=ServiceLifeMember,usdPerShare,2
AKAM_10K_20241231,EquitySecuritiesWithoutReadilyDeterminableFairValueAmount,us-gaap,"Equity Securities without Readily Determinable Fair Value, Amount",20500000.0,True,,2024-12-31,0,,usd,-5
AKAM_10K_20241231,EquitySecuritiesWithoutReadilyDeterminableFairValueAmount,us-gaap,"Equity Securities without Readily Determinable Fair Value, Amount",19600000.0,True,,2023-12-31,0,,usd,-5
AKAM_10K_20241231,EquitySecuritiesWithoutReadilyDeterminableFairValueImpairmentLossAnnualAmount,us-gaap,"Equity Securities without Readily Determinable Fair Value, Impairment Loss, Annual Amount",5100000.0,False,2024-01-01,2024-12-31,366,,usd,-5
AKAM_10K_20241231,EquitySecuritiesWithoutReadilyDeterminableFairValueImpairmentLossAnnualAmount,us-gaap,"Equity Securities without Readily Determinable Fair Value, Impairment Loss, Annual Amount",8900000.0,False,2022-01-01,2022-12-31,365,,usd,-5
AKAM_10K_20241231,EquityMethodInvestmentOwnershipPercentage,us-gaap,"Equity Method Investment, Ownership Percentage",0.2,True,,2024-12-31,0,ScheduleOfEquityMethodInvestmentEquityMethodInvesteeNameAxis=GlobalOpenNetworkIncMember,number,2
AKAM_10K_20241231,EquityMethodInvestmentOtherThanTemporaryImpairment,us-gaap,"Equity Method Investment, Other-than-Temporary Impairment",7500000.0,False,2022-01-01,2022-12-31,365,ScheduleOfEquityMethodInvestmentEquityMethodInvesteeNameAxis=GlobalOpenNetworkIncMember,usd,-5
AKAM_10K_20241231,IncomeLossFromEquityMethodInvestments,us-gaap,Income (Loss) from Equity Method Investments,1500000.0,False,2023-01-01,2023-12-31,365,ScheduleOfEquityMethodInvestmentEquityMethodInvesteeNameAxis=GlobalOpenNetworkIncMember,usd,-5
AKAM_10K_20241231,RevenueFromContractWithCustomerIncludingAssessedTax,us-gaap,"Revenue from Contract with Customer, Including Assessed Tax",4000000.0,False,2022-01-01,2022-12-31,365,RelatedPartyTransactionsByRelatedPartyAxis=RelatedPartyMember;ScheduleOfEquityMethodInvestmentEquityMethodInvesteeNameAxis=GlobalOpenNetworkIncMember,usd,-5
AKAM_10K_20241231,AvailableForSaleDebtSecuritiesAmortizedCostBasis,us-gaap,"Debt Securities, Available-for-Sale, Amortized Cost",11330000.0,True,,2024-12-31,0,FinancialInstrumentAxis=BankTimeDepositsMember,usd,-3
AKAM_10K_20241231,AvailableForSaleDebtSecuritiesAccumulatedGrossUnrealizedGainBeforeTax,us-gaap,"Debt Securities, Available-for-Sale, Accumulated Gross Unrealized Gain, before Tax",0.0,True,,2024-12-31,0,FinancialInstrumentAxis=BankTimeDepositsMember,usd,-3
AKAM_10K_20241231,AvailableForSaleDebtSecuritiesAccumulatedGrossUnrealizedLossBeforeTax,us-gaap,"Debt Securities, Available-for-Sale, Accumulated Gross Unrealized Loss, before Tax",0.0,True,,2024-12-31,0,FinancialInstrumentAxis=BankTimeDepositsMember,usd,-3
AKAM_10K_20241231,AvailableForSaleSecuritiesDebtSecurities,us-gaap,"Debt Securities, Available-for-Sale",11330000.0,True,,2024-12-31,0,FinancialInstrumentAxis=BankTimeDepositsMember,usd,-3
AKAM_10K_20241231,AvailableForSaleSecuritiesDebtSecuritiesCurrent,us-gaap,"Debt Securities, Available-for-Sale, Current",11330000.0,True,,2024-12-31,0,FinancialInstrumentAxis=BankTimeDepositsMember,usd,-3
AKAM_10K_20241231,AvailableForSaleSecuritiesDebtSecuritiesNoncurrent,us-gaap,"Debt Securities, Available-for-Sale, Noncurrent",0.0,True,,2024-12-31,0,FinancialInstrumentAxis=BankTimeDepositsMember,usd,-3
AKAM_10K_20241231,AvailableForSaleDebtSecuritiesAmortizedCostBasis,us-gaap,"Debt Securities, Available-for-Sale, Amortized Cost",1003915000.0,True,,2024-12-31,0,FinancialInstrumentAxis=DomesticCorporateDebtSecuritiesMember,usd,-3
AKAM_10K_20241231,AvailableForSaleDebtSecuritiesAccumulatedGrossUnrealizedGainBeforeTax,us-gaap,"Debt Securities, Available-for-Sale, Accumulated Gross Unrealized Gain, before Tax",1369000.0,True,,2024-12-31,0,FinancialInstrumentAxis=DomesticCorporateDebtSecuritiesMember,usd,-3
AKAM_10K_20241231,AvailableForSaleDebtSecuritiesAccumulatedGrossUnrealizedLossBeforeTax,us-gaap,"Debt Securities, Available-for-Sale, Accumulated Gross Unrealized Loss, before Tax",307000.0,True,,2024-12-31,0,FinancialInstrumentAxis=DomesticCorporateDebtSecuritiesMember,usd,-3
AKAM_10K_20241231,AvailableForSaleSecuritiesDebtSecurities,us-gaap,"Debt Securities, Available-for-Sale",1004977000.0,True,,2024-12-31,0,FinancialInstrumentAxis=DomesticCorporateDebtSecuritiesMember,usd,-3
AKAM_10K_20241231,AvailableForSaleSecuritiesDebtSecuritiesCurrent,us-gaap,"Debt Securities, Available-for-Sale, Current",808800000.0,True,,2024-12-31,0,FinancialInstrumentAxis=DomesticCorporateDebtSecuritiesMember,usd,-3
AKAM_10K_20241231,AvailableForSaleSecuritiesDebtSecuritiesNoncurrent,us-gaap,"Debt Securities, Available-for-Sale, Noncurrent",196177000.0,True,,2024-12-31,0,FinancialInstrumentAxis=DomesticCorporateDebtSecuritiesMember,usd,-3
AKAM_10K_20241231,AvailableForSaleDebtSecuritiesAmortizedCostBasis,us-gaap,"Debt Securities, Available-for-Sale, Amortized Cost",303816000.0,True,,2024-12-31,0,FinancialInstrumentAxis=USGovernmentAgenciesDebtSecuritiesMember,usd,-3
AKAM_10K_20241231,AvailableForSaleDebtSecuritiesAccumulatedGrossUnrealizedGainBeforeTax,us-gaap,"Debt Securities, Available-for-Sale, Accumulated Gross Unrealized Gain, before Tax",567000.0,True,,2024-12-31,0,FinancialInstrumentAxis=USGovernmentAgenciesDebtSecuritiesMember,usd,-3
AKAM_10K_20241231,AvailableForSaleDebtSecuritiesAccumulatedGrossUnrealizedLossBeforeTax,us-gaap,"Debt Securities, Available-for-Sale, Accumulated Gross Unrealized Loss, before Tax",36000.0,True,,2024-12-31,0,FinancialInstrumentAxis=USGovernmentAgenciesDebtSecuritiesMember,usd,-3
AKAM_10K_20241231,AvailableForSaleSecuritiesDebtSecurities,us-gaap,"Debt Securities, Available-for-Sale",304347000.0,True,,2024-12-31,0,FinancialInstrumentAxis=USGovernmentAgenciesDebtSecuritiesMember,usd,-3
AKAM_10K_20241231,AvailableForSaleSecuritiesDebtSecuritiesCurrent,us-gaap,"Debt Securities, Available-for-Sale, Current",249318000.0,True,,2024-12-31,0,FinancialInstrumentAxis=USGovernmentAgenciesDebtSecuritiesMember,usd,-3
AKAM_10K_20241231,AvailableForSaleSecuritiesDebtSecuritiesNoncurrent,us-gaap,"Debt Securities, Available-for-Sale, Noncurrent",55029000.0,True,,2024-12-31,0,FinancialInstrumentAxis=USGovernmentAgenciesDebtSecuritiesMember,usd,-3
AKAM_10K_20241231,AvailableForSaleDebtSecuritiesAmortizedCostBasis,us-gaap,"Debt Securities, Available-for-Sale, Amortized Cost",1319061000.0,True,,2024-12-31,0,,usd,-3
AKAM_10K_20241231,AvailableForSaleDebtSecuritiesAccumulatedGrossUnrealizedGainBeforeTax,us-gaap,"Debt Securities, Available-for-Sale, Accumulated Gross Unrealized Gain, before Tax",1936000.0,True,,2024-12-31,0,,usd,-3
AKAM_10K_20241231,AvailableForSaleDebtSecuritiesAccumulatedGrossUnrealizedLossBeforeTax,us-gaap,"Debt Securities, Available-for-Sale, Accumulated Gross Unrealized Loss, before Tax",343000.0,True,,2024-12-31,0,,usd,-3
AKAM_10K_20241231,AvailableForSaleSecuritiesDebtSecurities,us-gaap,"Debt Securities, Available-for-Sale",1320654000.0,True,,2024-12-31,0,,usd,-3
AKAM_10K_20241231,AvailableForSaleSecuritiesDebtSecuritiesCurrent,us-gaap,"Debt Securities, Available-for-Sale, Current",1069448000.0,True,,2024-12-31,0,,usd,-3
AKAM_10K_20241231,AvailableForSaleSecuritiesDebtSecuritiesNoncurrent,us-gaap,"Debt Securities, Available-for-Sale, Noncurrent",251206000.0,True,,2024-12-31,0,,usd,-3
AKAM_10K_20241231,AvailableForSaleDebtSecuritiesAmortizedCostBasis,us-gaap,"Debt Securities, Available-for-Sale, Amortized Cost",14426000.0,True,,2023-12-31,0,FinancialInstrumentAxis=BankTimeDepositsMember,usd,-3
AKAM_10K_20241231,AvailableForSaleDebtSecuritiesAccumulatedGrossUnrealizedGainBeforeTax,us-gaap,"Debt Securities, Available-for-Sale, Accumulated Gross Unrealized Gain, before Tax",0.0,True,,2023-12-31,0,FinancialInstrumentAxis=BankTimeDepositsMember,usd,-3
AKAM_10K_20241231,AvailableForSaleDebtSecuritiesAccumulatedGrossUnrealizedLossBeforeTax,us-gaap,"Debt Securities, Available-for-Sale, Accumulated Gross Unrealized Loss, before Tax",0.0,True,,2023-12-31,0,FinancialInstrumentAxis=BankTimeDepositsMember,usd,-3
AKAM_10K_20241231,AvailableForSaleSecuritiesDebtSecurities,us-gaap,"Debt Securities, Available-for-Sale",14426000.0,True,,2023-12-31,0,FinancialInstrumentAxis=BankTimeDepositsMember,usd,-3
AKAM_10K_20241231,AvailableForSaleSecuritiesDebtSecuritiesCurrent,us-gaap,"Debt Securities, Available-for-Sale, Current",14426000.0,True,,2023-12-31,0,FinancialInstrumentAxis=BankTimeDepositsMember,usd,-3
AKAM_10K_20241231,AvailableForSaleSecuritiesDebtSecuritiesNoncurrent,us-gaap,"Debt Securities, Available-for-Sale, Noncurrent",0.0,True,,2023-12-31,0,FinancialInstrumentAxis=BankTimeDepositsMember,usd,-3
AKAM_10K_20241231,AvailableForSaleDebtSecuritiesAmortizedCostBasis,us-gaap,"Debt Securities, Available-for-Sale, Amortized Cost",6249000.0,True,,2023-12-31,0,FinancialInstrumentAxis=CommercialPaperMember,usd,-3
AKAM_10K_20241231,AvailableForSaleDebtSecuritiesAccumulatedGrossUnrealizedGainBeforeTax,us-gaap,"Debt Securities, Available-for-Sale, Accumulated Gross Unrealized Gain, before Tax",0.0,True,,2023-12-31,0,FinancialInstrumentAxis=CommercialPaperMember,usd,-3
AKAM_10K_20241231,AvailableForSaleDebtSecuritiesAccumulatedGrossUnrealizedLossBeforeTax,us-gaap,"Debt Securities, Available-for-Sale, Accumulated Gross Unrealized Loss, before Tax",5000.0,True,,2023-12-31,0,FinancialInstrumentAxis=CommercialPaperMember,usd,-3
AKAM_10K_20241231,AvailableForSaleSecuritiesDebtSecurities,us-gaap,"Debt Securities, Available-for-Sale",6244000.0,True,,2023-12-31,0,FinancialInstrumentAxis=CommercialPaperMember,usd,-3
AKAM_10K_20241231,AvailableForSaleSecuritiesDebtSecuritiesCurrent,us-gaap,"Debt Securities, Available-for-Sale, Current",6244000.0,True,,2023-12-31,0,FinancialInstrumentAxis=CommercialPaperMember,usd,-3
AKAM_10K_20241231,AvailableForSaleSecuritiesDebtSecuritiesNoncurrent,us-gaap,"Debt Securities, Available-for-Sale, Noncurrent",0.0,True,,2023-12-31,0,FinancialInstrumentAxis=CommercialPaperMember,usd,-3
AKAM_10K_20241231,AvailableForSaleDebtSecuritiesAmortizedCostBasis,us-gaap,"Debt Securities, Available-for-Sale, Amortized Cost",1328980000.0,True,,2023-12-31,0,FinancialInstrumentAxis=DomesticCorporateDebtSecuritiesMember,usd,-3
AKAM_10K_20241231,AvailableForSaleDebtSecuritiesAccumulatedGrossUnrealizedGainBeforeTax,us-gaap,"Debt Securities, Available-for-Sale, Accumulated Gross Unrealized Gain, before Tax",6429000.0,True,,2023-12-31,0,FinancialInstrumentAxis=DomesticCorporateDebtSecuritiesMember,usd,-3
AKAM_10K_20241231,AvailableForSaleDebtSecuritiesAccumulatedGrossUnrealizedLossBeforeTax,us-gaap,"Debt Securities, Available-for-Sale, Accumulated Gross Unrealized Loss, before Tax",4201000.0,True,,2023-12-31,0,FinancialInstrumentAxis=DomesticCorporateDebtSecuritiesMember,usd,-3
AKAM_10K_20241231,AvailableForSaleSecuritiesDebtSecurities,us-gaap,"Debt Securities, Available-for-Sale",1331208000.0,True,,2023-12-31,0,FinancialInstrumentAxis=DomesticCorporateDebtSecuritiesMember,usd,-3
AKAM_10K_20241231,AvailableForSaleSecuritiesDebtSecuritiesCurrent,us-gaap,"Debt Securities, Available-for-Sale, Current",276975000.0,True,,2023-12-31,0,FinancialInstrumentAxis=DomesticCorporateDebtSecuritiesMember,usd,-3
AKAM_10K_20241231,AvailableForSaleSecuritiesDebtSecuritiesNoncurrent,us-gaap,"Debt Securities, Available-for-Sale, Noncurrent",1054233000.0,True,,2023-12-31,0,FinancialInstrumentAxis=DomesticCorporateDebtSecuritiesMember,usd,-3
AKAM_10K_20241231,AvailableForSaleDebtSecuritiesAmortizedCostBasis,us-gaap,"Debt Securities, Available-for-Sale, Amortized Cost",428157000.0,True,,2023-12-31,0,FinancialInstrumentAxis=USGovernmentAgenciesDebtSecuritiesMember,usd,-3
AKAM_10K_20241231,AvailableForSaleDebtSecuritiesAccumulatedGrossUnrealizedGainBeforeTax,us-gaap,"Debt Securities, Available-for-Sale, Accumulated Gross Unrealized Gain, before Tax",2462000.0,True,,2023-12-31,0,FinancialInstrumentAxis=USGovernmentAgenciesDebtSecuritiesMember,usd,-3
AKAM_10K_20241231,AvailableForSaleDebtSecuritiesAccumulatedGrossUnrealizedLossBeforeTax,us-gaap,"Debt Securities, Available-for-Sale, Accumulated Gross Unrealized Loss, before Tax",979000.0,True,,2023-12-31,0,FinancialInstrumentAxis=USGovernmentAgenciesDebtSecuritiesMember,usd,-3
AKAM_10K_20241231,AvailableForSaleSecuritiesDebtSecurities,us-gaap,"Debt Securities, Available-for-Sale",429640000.0,True,,2023-12-31,0,FinancialInstrumentAxis=USGovernmentAgenciesDebtSecuritiesMember,usd,-3
AKAM_10K_20241231,AvailableForSaleSecuritiesDebtSecuritiesCurrent,us-gaap,"Debt Securities, Available-for-Sale, Current",74369000.0,True,,2023-12-31,0,FinancialInstrumentAxis=USGovernmentAgenciesDebtSecuritiesMember,usd,-3
AKAM_10K_20241231,AvailableForSaleSecuritiesDebtSecuritiesNoncurrent,us-gaap,"Debt Securities, Available-for-Sale, Noncurrent",355271000.0,True,,2023-12-31,0,FinancialInstrumentAxis=USGovernmentAgenciesDebtSecuritiesMember,usd,-3
AKAM_10K_20241231,AvailableForSaleDebtSecuritiesAmortizedCostBasis,us-gaap,"Debt Securities, Available-for-Sale, Amortized Cost",1777812000.0,True,,2023-12-31,0,,usd,-3
AKAM_10K_20241231,AvailableForSaleDebtSecuritiesAccumulatedGrossUnrealizedGainBeforeTax,us-gaap,"Debt Securities, Available-for-Sale, Accumulated Gross Unrealized Gain, before Tax",8891000.0,True,,2023-12-31,0,,usd,-3
AKAM_10K_20241231,AvailableForSaleDebtSecuritiesAccumulatedGrossUnrealizedLossBeforeTax,us-gaap,"Debt Securities, Available-for-Sale, Accumulated Gross Unrealized Loss, before Tax",5185000.0,True,,2023-12-31,0,,usd,-3
AKAM_10K_20241231,AvailableForSaleSecuritiesDebtSecurities,us-gaap,"Debt Securities, Available-for-Sale",1781518000.0,True,,2023-12-31,0,,usd,-3
AKAM_10K_20241231,AvailableForSaleSecuritiesDebtSecuritiesCurrent,us-gaap,"Debt Securities, Available-for-Sale, Current",372014000.0,True,,2023-12-31,0,,usd,-3
AKAM_10K_20241231,AvailableForSaleSecuritiesDebtSecuritiesNoncurrent,us-gaap,"Debt Securities, Available-for-Sale, Noncurrent",1409504000.0,True,,2023-12-31,0,,usd,-3
AKAM_10K_20241231,DebtSecuritiesAvailableForSaleUnrealizedLossPosition,us-gaap,"Debt Securities, Available-for-Sale, Unrealized Loss Position",14400000.0,True,,2024-12-31,0,FinancialInstrumentAxis=DomesticCorporateDebtSecuritiesMember,usd,-5
AKAM_10K_20241231,CashAndCashEquivalentsFairValueDisclosure,us-gaap,"Cash and Cash Equivalents, Fair Value Disclosure",163722000.0,True,,2024-12-31,0,FinancialInstrumentAxis=MoneyMarketFundsMember,usd,-3
AKAM_10K_20241231,CashAndCashEquivalentsFairValueDisclosure,us-gaap,"Cash and Cash Equivalents, Fair Value Disclosure",163722000.0,True,,2024-12-31,0,FairValueByFairValueHierarchyLevelAxis=FairValueInputsLevel1Member;FinancialInstrumentAxis=MoneyMarketFundsMember,usd,-3
AKAM_10K_20241231,CashAndCashEquivalentsFairValueDisclosure,us-gaap,"Cash and Cash Equivalents, Fair Value Disclosure",0.0,True,,2024-12-31,0,FairValueByFairValueHierarchyLevelAxis=FairValueInputsLevel2Member;FinancialInstrumentAxis=MoneyMarketFundsMember,usd,-3
AKAM_10K_20241231,DebtSecuritiesAndCashEquivalents,akam,Debt Securities and Cash Equivalents,64202000.0,True,,2024-12-31,0,FinancialInstrumentAxis=BankTimeDepositsMember,usd,-3
AKAM_10K_20241231,DebtSecuritiesAndCashEquivalents,akam,Debt Securities and Cash Equivalents,0.0,True,,2024-12-31,0,FairValueByFairValueHierarchyLevelAxis=FairValueInputsLevel1Member;FinancialInstrumentAxis=BankTimeDepositsMember,usd,-3
AKAM_10K_20241231,DebtSecuritiesAndCashEquivalents,akam,Debt Securities and Cash Equivalents,64202000.0,True,,2024-12-31,0,FairValueByFairValueHierarchyLevelAxis=FairValueInputsLevel2Member;FinancialInstrumentAxis=BankTimeDepositsMember,usd,-3
AKAM_10K_20241231,AvailableForSaleSecuritiesDebtSecurities,us-gaap,"Debt Securities, Available-for-Sale",0.0,True,,2024-12-31,0,FairValueByFairValueHierarchyLevelAxis=FairValueInputsLevel1Member;FinancialInstrumentAxis=DomesticCorporateDebtSecuritiesMember,usd,-3
AKAM_10K_20241231,AvailableForSaleSecuritiesDebtSecurities,us-gaap,"Debt Securities, Available-for-Sale",1004977000.0,True,,2024-12-31,0,FairValueByFairValueHierarchyLevelAxis=FairValueInputsLevel2Member;FinancialInstrumentAxis=DomesticCorporateDebtSecuritiesMember,usd,-3
AKAM_10K_20241231,DebtSecuritiesAndCashEquivalents,akam,Debt Securities and Cash Equivalents,304347000.0,True,,2024-12-31,0,FinancialInstrumentAxis=USGovernmentAgenciesDebtSecuritiesMember,usd,-3
AKAM_10K_20241231,DebtSecuritiesAndCashEquivalents,akam,Debt Securities and Cash Equivalents,0.0,True,,2024-12-31,0,FairValueByFairValueHierarchyLevelAxis=FairValueInputsLevel1Member;FinancialInstrumentAxis=USGovernmentAgenciesDebtSecuritiesMember,usd,-3
AKAM_10K_20241231,DebtSecuritiesAndCashEquivalents,akam,Debt Securities and Cash Equivalents,304347000.0,True,,2024-12-31,0,FairValueByFairValueHierarchyLevelAxis=FairValueInputsLevel2Member;FinancialInstrumentAxis=USGovernmentAgenciesDebtSecuritiesMember,usd,-3
AKAM_10K_20241231,AvailableForSaleSecuritiesDebtSecurities,us-gaap,"Debt Securities, Available-for-Sale",26580000.0,True,,2024-12-31,0,FinancialInstrumentAxis=MutualFundMember,usd,-3
AKAM_10K_20241231,AvailableForSaleSecuritiesDebtSecurities,us-gaap,"Debt Securities, Available-for-Sale",26580000.0,True,,2024-12-31,0,FairValueByFairValueHierarchyLevelAxis=FairValueInputsLevel1Member;FinancialInstrumentAxis=MutualFundMember,usd,-3
AKAM_10K_20241231,AvailableForSaleSecuritiesDebtSecurities,us-gaap,"Debt Securities, Available-for-Sale",0.0,True,,2024-12-31,0,FairValueByFairValueHierarchyLevelAxis=FairValueInputsLevel2Member;FinancialInstrumentAxis=MutualFundMember,usd,-3
AKAM_10K_20241231,AssetsFairValueDisclosure,us-gaap,"Assets, Fair Value Disclosure",1563828000.0,True,,2024-12-31,0,,usd,-3
AKAM_10K_20241231,AssetsFairValueDisclosure,us-gaap,"Assets, Fair Value Disclosure",190302000.0,True,,2024-12-31,0,FairValueByFairValueHierarchyLevelAxis=FairValueInputsLevel1Member,usd,-3
AKAM_10K_20241231,AssetsFairValueDisclosure,us-gaap,"Assets, Fair Value Disclosure",1373526000.0,True,,2024-12-31,0,FairValueByFairValueHierarchyLevelAxis=FairValueInputsLevel2Member,usd,-3
AKAM_10K_20241231,CashAndCashEquivalentsFairValueDisclosure,us-gaap,"Cash and Cash Equivalents, Fair Value Disclosure",177240000.0,True,,2023-12-31,0,FinancialInstrumentAxis=MoneyMarketFundsMember,usd,-3
AKAM_10K_20241231,CashAndCashEquivalentsFairValueDisclosure,us-gaap,"Cash and Cash Equivalents, Fair Value Disclosure",177240000.0,True,,2023-12-31,0,FairValueByFairValueHierarchyLevelAxis=FairValueInputsLevel1Member;FinancialInstrumentAxis=MoneyMarketFundsMember,usd,-3
AKAM_10K_20241231,CashAndCashEquivalentsFairValueDisclosure,us-gaap,"Cash and Cash Equivalents, Fair Value Disclosure",0.0,True,,2023-12-31,0,FairValueByFairValueHierarchyLevelAxis=FairValueInputsLevel2Member;FinancialInstrumentAxis=MoneyMarketFundsMember,usd,-3
AKAM_10K_20241231,DebtSecuritiesAndCashEquivalents,akam,Debt Securities and Cash Equivalents,39670000.0,True,,2023-12-31,0,FinancialInstrumentAxis=BankTimeDepositsMember,usd,-3
AKAM_10K_20241231,DebtSecuritiesAndCashEquivalents,akam,Debt Securities and Cash Equivalents,0.0,True,,2023-12-31,0,FairValueByFairValueHierarchyLevelAxis=FairValueInputsLevel1Member;FinancialInstrumentAxis=BankTimeDepositsMember,usd,-3
AKAM_10K_20241231,DebtSecuritiesAndCashEquivalents,akam,Debt Securities and Cash Equivalents,39670000.0,True,,2023-12-31,0,FairValueByFairValueHierarchyLevelAxis=FairValueInputsLevel2Member;FinancialInstrumentAxis=BankTimeDepositsMember,usd,-3
AKAM_10K_20241231,DebtSecuritiesAndCashEquivalents,akam,Debt Securities and Cash Equivalents,6244000.0,True,,2023-12-31,0,FinancialInstrumentAxis=CommercialPaperMember,usd,-3
AKAM_10K_20241231,DebtSecuritiesAndCashEquivalents,akam,Debt Securities and Cash Equivalents,0.0,True,,2023-12-31,0,FairValueByFairValueHierarchyLevelAxis=FairValueInputsLevel1Member;FinancialInstrumentAxis=CommercialPaperMember,usd,-3
AKAM_10K_20241231,DebtSecuritiesAndCashEquivalents,akam,Debt Securities and Cash Equivalents,6244000.0,True,,2023-12-31,0,FairValueByFairValueHierarchyLevelAxis=FairValueInputsLevel2Member;FinancialInstrumentAxis=CommercialPaperMember,usd,-3
AKAM_10K_20241231,AvailableForSaleSecuritiesDebtSecurities,us-gaap,"Debt Securities, Available-for-Sale",0.0,True,,2023-12-31,0,FairValueByFairValueHierarchyLevelAxis=FairValueInputsLevel1Member;FinancialInstrumentAxis=DomesticCorporateDebtSecuritiesMember,usd,-3
AKAM_10K_20241231,AvailableForSaleSecuritiesDebtSecurities,us-gaap,"Debt Securities, Available-for-Sale",1331208000.0,True,,2023-12-31,0,FairValueByFairValueHierarchyLevelAxis=FairValueInputsLevel2Member;FinancialInstrumentAxis=DomesticCorporateDebtSecuritiesMember,usd,-3
AKAM_10K_20241231,DebtSecuritiesAndCashEquivalents,akam,Debt Securities and Cash Equivalents,429640000.0,True,,2023-12-31,0,FinancialInstrumentAxis=USGovernmentAgenciesDebtSecuritiesMember,usd,-3
AKAM_10K_20241231,DebtSecuritiesAndCashEquivalents,akam,Debt Securities and Cash Equivalents,0.0,True,,2023-12-31,0,FairValueByFairValueHierarchyLevelAxis=FairValueInputsLevel1Member;FinancialInstrumentAxis=USGovernmentAgenciesDebtSecuritiesMember,usd,-3
AKAM_10K_20241231,DebtSecuritiesAndCashEquivalents,akam,Debt Securities and Cash Equivalents,429640000.0,True,,2023-12-31,0,FairValueByFairValueHierarchyLevelAxis=FairValueInputsLevel2Member;FinancialInstrumentAxis=USGovernmentAgenciesDebtSecuritiesMember,usd,-3
AKAM_10K_20241231,AvailableForSaleSecuritiesDebtSecurities,us-gaap,"Debt Securities, Available-for-Sale",22942000.0,True,,2023-12-31,0,FinancialInstrumentAxis=MutualFundMember,usd,-3
AKAM_10K_20241231,AvailableForSaleSecuritiesDebtSecurities,us-gaap,"Debt Securities, Available-for-Sale",22942000.0,True,,2023-12-31,0,FairValueByFairValueHierarchyLevelAxis=FairValueInputsLevel1Member;FinancialInstrumentAxis=MutualFundMember,usd,-3
AKAM_10K_20241231,AvailableForSaleSecuritiesDebtSecurities,us-gaap,"Debt Securities, Available-for-Sale",0.0,True,,2023-12-31,0,FairValueByFairValueHierarchyLevelAxis=FairValueInputsLevel2Member;FinancialInstrumentAxis=MutualFundMember,usd,-3
AKAM_10K_20241231,AssetsFairValueDisclosure,us-gaap,"Assets, Fair Value Disclosure",2006944000.0,True,,2023-12-31,0,,usd,-3
AKAM_10K_20241231,AssetsFairValueDisclosure,us-gaap,"Assets, Fair Value Disclosure",200182000.0,True,,2023-12-31,0,FairValueByFairValueHierarchyLevelAxis=FairValueInputsLevel1Member,usd,-3
AKAM_10K_20241231,AssetsFairValueDisclosure,us-gaap,"Assets, Fair Value Disclosure",1806762000.0,True,,2023-12-31,0,FairValueByFairValueHierarchyLevelAxis=FairValueInputsLevel2Member,usd,-3
AKAM_10K_20241231,AvailableForSaleSecuritiesDebtMaturitiesWithinOneYearFairValue,us-gaap,"Debt Securities, Available-for-Sale, Fair Value, Maturity, Allocated and Single Maturity Date, Year One",1069448000.0,True,,2024-12-31,0,,usd,-3
AKAM_10K_20241231,AvailableForSaleSecuritiesDebtMaturitiesWithinOneYearFairValue,us-gaap,"Debt Securities, Available-for-Sale, Fair Value, Maturity, Allocated and Single Maturity Date, Year One",372014000.0,True,,2023-12-31,0,,usd,-3
AKAM_10K_20241231,AvailableForSaleSecuritiesDebtMaturitiesAfterOneThroughFiveYearsFairValue,us-gaap,"Debt Securities, Available-for-Sale, Fair Value, Maturity, Allocated and Single Maturity Date, after Year One Through Five",251206000.0,True,,2024-12-31,0,,usd,-3
AKAM_10K_20241231,AvailableForSaleSecuritiesDebtMaturitiesAfterOneThroughFiveYearsFairValue,us-gaap,"Debt Securities, Available-for-Sale, Fair Value, Maturity, Allocated and Single Maturity Date, after Year One Through Five",1409504000.0,True,,2023-12-31,0,,usd,-3
AKAM_10K_20241231,AccountsReceivableGrossCurrent,us-gaap,"Accounts Receivable, before Allowance for Credit Loss, Current",508928000.0,True,,2024-12-31,0,AccountsNotesLoansAndFinancingReceivableByReceivableTypeAxis=TradeAccountsReceivableMember,usd,-3
AKAM_10K_20241231,AccountsReceivableGrossCurrent,us-gaap,"Accounts Receivable, before Allowance for Credit Loss, Current",516175000.0,True,,2023-12-31,0,AccountsNotesLoansAndFinancingReceivableByReceivableTypeAxis=TradeAccountsReceivableMember,usd,-3
AKAM_10K_20241231,AccountsReceivableGrossCurrent,us-gaap,"Accounts Receivable, before Allowance for Credit Loss, Current",222281000.0,True,,2024-12-31,0,AccountsNotesLoansAndFinancingReceivableByReceivableTypeAxis=UnbilledAccountsReceivableMember,usd,-3
AKAM_10K_20241231,AccountsReceivableGrossCurrent,us-gaap,"Accounts Receivable, before Allowance for Credit Loss, Current",211596000.0,True,,2023-12-31,0,AccountsNotesLoansAndFinancingReceivableByReceivableTypeAxis=UnbilledAccountsReceivableMember,usd,-3
AKAM_10K_20241231,AccountsReceivableGrossCurrent,us-gaap,"Accounts Receivable, before Allowance for Credit Loss, Current",731209000.0,True,,2024-12-31,0,,usd,-3
AKAM_10K_20241231,AccountsReceivableGrossCurrent,us-gaap,"Accounts Receivable, before Allowance for Credit Loss, Current",727771000.0,True,,2023-12-31,0,,usd,-3
AKAM_10K_20241231,AllowanceForDoubtfulAccountsReceivableCurrent,us-gaap,"Accounts Receivable, Allowance for Credit Loss, Current",5917000.0,True,,2022-12-31,0,,usd,-3
AKAM_10K_20241231,AllowanceForDoubtfulAccountsReceivableCurrent,us-gaap,"Accounts Receivable, Allowance for Credit Loss, Current",1397000.0,True,,2021-12-31,0,,usd,-3
AKAM_10K_20241231,ProvisionForDoubtfulAccounts,us-gaap,"Accounts Receivable, Credit Loss Expense (Reversal)",6954000.0,False,2024-01-01,2024-12-31,366,,usd,-3
AKAM_10K_20241231,ProvisionForDoubtfulAccounts,us-gaap,"Accounts Receivable, Credit Loss Expense (Reversal)",13431000.0,False,2023-01-01,2023-12-31,365,,usd,-3
AKAM_10K_20241231,ProvisionForDoubtfulAccounts,us-gaap,"Accounts Receivable, Credit Loss Expense (Reversal)",9292000.0,False,2022-01-01,2022-12-31,365,,usd,-3
AKAM_10K_20241231,AllowanceForDoubtfulAccountsReceivableRecoveries,us-gaap,"Accounts Receivable, Allowance for Credit Loss, Recovery",6901000.0,False,2024-01-01,2024-12-31,366,,usd,-3
AKAM_10K_20241231,AllowanceForDoubtfulAccountsReceivableRecoveries,us-gaap,"Accounts Receivable, Allowance for Credit Loss, Recovery",15879000.0,False,2023-01-01,2023-12-31,365,,usd,-3
AKAM_10K_20241231,AllowanceForDoubtfulAccountsReceivableRecoveries,us-gaap,"Accounts Receivable, Allowance for Credit Loss, Recovery",4772000.0,False,2022-01-01,2022-12-31,365,,usd,-3
AKAM_10K_20241231,PrepaidTaxes,us-gaap,Prepaid Taxes,36822000.0,True,,2024-12-31,0,,usd,-3
AKAM_10K_20241231,PrepaidTaxes,us-gaap,Prepaid Taxes,33448000.0,True,,2023-12-31,0,,usd,-3
AKAM_10K_20241231,PrepaidSalesandOtherTaxesCurrent,akam,"Prepaid Sales and Other Taxes, Current",39069000.0,True,,2024-12-31,0,,usd,-3
AKAM_10K_20241231,PrepaidSalesandOtherTaxesCurrent,akam,"Prepaid Sales and Other Taxes, Current",40843000.0,True,,2023-12-31,0,,usd,-3
AKAM_10K_20241231,Supplies,us-gaap,Prepaid Supplies,35490000.0,True,,2024-12-31,0,,usd,-3
AKAM_10K_20241231,Supplies,us-gaap,Prepaid Supplies,29155000.0,True,,2023-12-31,0,,usd,-3
AKAM_10K_20241231,CapitalizedContractCostNetCurrent,us-gaap,"Capitalized Contract Cost, Net, Current",72391000.0,True,,2024-12-31,0,,usd,-3
AKAM_10K_20241231,CapitalizedContractCostNetCurrent,us-gaap,"Capitalized Contract Cost, Net, Current",44383000.0,True,,2023-12-31,0,,usd,-3
AKAM_10K_20241231,OtherPrepaidExpenseCurrent,us-gaap,"Other Prepaid Expense, Current",23604000.0,True,,2024-12-31,0,,usd,-3
AKAM_10K_20241231,OtherPrepaidExpenseCurrent,us-gaap,"Other Prepaid Expense, Current",26316000.0,True,,2023-12-31,0,,usd,-3
AKAM_10K_20241231,OtherAssetsCurrent,us-gaap,"Other Assets, Current",46451000.0,True,,2024-12-31,0,,usd,-3
AKAM_10K_20241231,OtherAssetsCurrent,us-gaap,"Other Assets, Current",41969000.0,True,,2023-12-31,0,,usd,-3
AKAM_10K_20241231,CapitalizedContractCostNet,us-gaap,"Capitalized Contract Cost, Net",72391000.0,True,,2024-12-31,0,BalanceSheetLocationAxis=OtherCurrentAssetsMember;CapitalizedContractCostAxis=CommissionandIncentivePaymentsMember,usd,-3
AKAM_10K_20241231,CapitalizedContractCostNet,us-gaap,"Capitalized Contract Cost, Net",44383000.0,True,,2023-12-31,0,BalanceSheetLocationAxis=OtherCurrentAssetsMember;CapitalizedContractCostAxis=CommissionandIncentivePaymentsMember,usd,-3
AKAM_10K_20241231,CapitalizedContractCostNet,us-gaap,"Capitalized Contract Cost, Net",58996000.0,True,,2024-12-31,0,BalanceSheetLocationAxis=OtherAssetsMember;CapitalizedContractCostAxis=CommissionandIncentivePaymentsMember,usd,-3
AKAM_10K_20241231,CapitalizedContractCostNet,us-gaap,"Capitalized Contract Cost, Net",42738000.0,True,,2023-12-31,0,BalanceSheetLocationAxis=OtherAssetsMember;CapitalizedContractCostAxis=CommissionandIncentivePaymentsMember,usd,-3
AKAM_10K_20241231,CapitalizedContractCostNet,us-gaap,"Capitalized Contract Cost, Net",131387000.0,True,,2024-12-31,0,CapitalizedContractCostAxis=CommissionandIncentivePaymentsMember,usd,-3
AKAM_10K_20241231,CapitalizedContractCostNet,us-gaap,"Capitalized Contract Cost, Net",87121000.0,True,,2023-12-31,0,CapitalizedContractCostAxis=CommissionandIncentivePaymentsMember,usd,-3
AKAM_10K_20241231,CapitalizedContractCostAmortization,us-gaap,"Capitalized Contract Cost, Amortization",66366000.0,False,2024-01-01,2024-12-31,366,,usd,-3
AKAM_10K_20241231,CapitalizedContractCostAmortization,us-gaap,"Capitalized Contract Cost, Amortization",50414000.0,False,2023-01-01,2023-12-31,365,,usd,-3
AKAM_10K_20241231,CapitalizedContractCostAmortization,us-gaap,"Capitalized Contract Cost, Amortization",52691000.0,False,2022-01-01,2022-12-31,365,,usd,-3
AKAM_10K_20241231,ContractCostCapitalizedDuringPeriod,akam,Contract Cost Capitalized During Period,114238000.0,False,2024-01-01,2024-12-31,366,,usd,-3
AKAM_10K_20241231,ContractCostCapitalizedDuringPeriod,akam,Contract Cost Capitalized During Period,70072000.0,False,2023-01-01,2023-12-31,365,,usd,-3
AKAM_10K_20241231,ContractCostCapitalizedDuringPeriod,akam,Contract Cost Capitalized During Period,47416000.0,False,2022-01-01,2022-12-31,365,,usd,-3
AKAM_10K_20241231,PropertyPlantAndEquipmentGross,us-gaap,"Property, Plant and Equipment, Gross",2665002000.0,True,,2024-12-31,0,PropertyPlantAndEquipmentByTypeAxis=ComputerEquipmentMember,usd,-3
AKAM_10K_20241231,PropertyPlantAndEquipmentGross,us-gaap,"Property, Plant and Equipment, Gross",2456470000.0,True,,2023-12-31,0,PropertyPlantAndEquipmentByTypeAxis=ComputerEquipmentMember,usd,-3
AKAM_10K_20241231,PropertyPlantAndEquipmentGross,us-gaap,"Property, Plant and Equipment, Gross",88033000.0,True,,2024-12-31,0,PropertyPlantAndEquipmentByTypeAxis=ComputerSoftwareIntangibleAssetMember,usd,-3
AKAM_10K_20241231,PropertyPlantAndEquipmentGross,us-gaap,"Property, Plant and Equipment, Gross",96979000.0,True,,2023-12-31,0,PropertyPlantAndEquipmentByTypeAxis=ComputerSoftwareIntangibleAssetMember,usd,-3
AKAM_10K_20241231,PropertyPlantAndEquipmentGross,us-gaap,"Property, Plant and Equipment, Gross",63876000.0,True,,2024-12-31,0,PropertyPlantAndEquipmentByTypeAxis=FurnitureAndFixturesMember,usd,-3
AKAM_10K_20241231,PropertyPlantAndEquipmentGross,us-gaap,"Property, Plant and Equipment, Gross",67657000.0,True,,2023-12-31,0,PropertyPlantAndEquipmentByTypeAxis=FurnitureAndFixturesMember,usd,-3
AKAM_10K_20241231,PropertyPlantAndEquipmentGross,us-gaap,"Property, Plant and Equipment, Gross",36340000.0,True,,2024-12-31,0,PropertyPlantAndEquipmentByTypeAxis=OfficeEquipmentMember,usd,-3
AKAM_10K_20241231,PropertyPlantAndEquipmentGross,us-gaap,"Property, Plant and Equipment, Gross",40546000.0,True,,2023-12-31,0,PropertyPlantAndEquipmentByTypeAxis=OfficeEquipmentMember,usd,-3
AKAM_10K_20241231,PropertyPlantAndEquipmentGross,us-gaap,"Property, Plant and Equipment, Gross",197663000.0,True,,2024-12-31,0,PropertyPlantAndEquipmentByTypeAxis=LeaseholdImprovementsMember,usd,-3
AKAM_10K_20241231,PropertyPlantAndEquipmentGross,us-gaap,"Property, Plant and Equipment, Gross",214712000.0,True,,2023-12-31,0,PropertyPlantAndEquipmentByTypeAxis=LeaseholdImprovementsMember,usd,-3
AKAM_10K_20241231,PropertyPlantAndEquipmentGross,us-gaap,"Property, Plant and Equipment, Gross",2103054000.0,True,,2024-12-31,0,PropertyPlantAndEquipmentByTypeAxis=InternalUseSoftwareMember,usd,-3
AKAM_10K_20241231,PropertyPlantAndEquipmentGross,us-gaap,"Property, Plant and Equipment, Gross",1829933000.0,True,,2023-12-31,0,PropertyPlantAndEquipmentByTypeAxis=InternalUseSoftwareMember,usd,-3
AKAM_10K_20241231,PropertyPlantAndEquipmentGross,us-gaap,"Property, Plant and Equipment, Gross",5153968000.0,True,,2024-12-31,0,,usd,-3
AKAM_10K_20241231,PropertyPlantAndEquipmentGross,us-gaap,"Property, Plant and Equipment, Gross",4706297000.0,True,,2023-12-31,0,,usd,-3
AKAM_10K_20241231,AccumulatedDepreciationDepletionAndAmortizationPropertyPlantAndEquipment,us-gaap,"Accumulated Depreciation, Depletion and Amortization, Property, Plant, and Equipment",3158897000.0,True,,2024-12-31,0,,usd,-3
AKAM_10K_20241231,AccumulatedDepreciationDepletionAndAmortizationPropertyPlantAndEquipment,us-gaap,"Accumulated Depreciation, Depletion and Amortization, Property, Plant, and Equipment",2880353000.0,True,,2023-12-31,0,,usd,-3
AKAM_10K_20241231,PropertyPlantAndEquipmentNet,us-gaap,"Property, Plant and Equipment, Net",1995071000.0,True,,2024-12-31,0,,usd,-3
AKAM_10K_20241231,PropertyPlantAndEquipmentNet,us-gaap,"Property, Plant and Equipment, Net",1825944000.0,True,,2023-12-31,0,,usd,-3
AKAM_10K_20241231,Depreciation,us-gaap,Depreciation,556000000.0,False,2024-01-01,2024-12-31,366,,usd,-5
AKAM_10K_20241231,Depreciation,us-gaap,Depreciation,504000000.0,False,2023-01-01,2023-12-31,365,,usd,-5
AKAM_10K_20241231,Depreciation,us-gaap,Depreciation,527800000.0,False,2022-01-01,2022-12-31,365,,usd,-5
AKAM_10K_20241231,CapitalizedStockbasedCompensationRelatedtoSoftware,akam,Capitalized Stock-based Compensation Related to Software,105300000.0,False,2024-01-01,2024-12-31,366,,usd,-5
AKAM_10K_20241231,CapitalizedStockbasedCompensationRelatedtoSoftware,akam,Capitalized Stock-based Compensation Related to Software,81800000.0,False,2023-01-01,2023-12-31,365,,usd,-5
AKAM_10K_20241231,CapitalizedStockbasedCompensationRelatedtoSoftware,akam,Capitalized Stock-based Compensation Related to Software,32300000.0,False,2022-01-01,2022-12-31,365,,usd,-5
AKAM_10K_20241231,PropertyPlantAndEquipmentDisposals,us-gaap,"Property, Plant and Equipment, Disposals",250600000.0,False,2024-01-01,2024-12-31,366,,usd,-5
AKAM_10K_20241231,PropertyPlantAndEquipmentDisposals,us-gaap,"Property, Plant and Equipment, Disposals",174300000.0,False,2023-01-01,2023-12-31,365,,usd,-5
AKAM_10K_20241231,CapitalizedComputerSoftwareImpairments1,us-gaap,"Capitalized Computer Software, Impairments",32800000.0,False,2024-01-01,2024-12-31,366,,usd,-5
AKAM_10K_20241231,CapitalizedComputerSoftwareImpairments1,us-gaap,"Capitalized Computer Software, Impairments",13800000.0,False,2023-01-01,2023-12-31,365,,usd,-5
AKAM_10K_20241231,FiniteLivedIntangibleAssetsGross,us-gaap,"Finite-Lived Intangible Assets, Gross",463766000.0,True,,2024-12-31,0,FiniteLivedIntangibleAssetsByMajorClassAxis=DevelopedTechnologyRightsMember,usd,-3
AKAM_10K_20241231,FiniteLivedIntangibleAssetsAccumulatedAmortization,us-gaap,"Finite-Lived Intangible Assets, Accumulated Amortization",223480000.0,True,,2024-12-31,0,FiniteLivedIntangibleAssetsByMajorClassAxis=DevelopedTechnologyRightsMember,usd,-3
AKAM_10K_20241231,FiniteLivedIntangibleAssetsNet,us-gaap,"Finite-Lived Intangible Assets, Net",240286000.0,True,,2024-12-31,0,FiniteLivedIntangibleAssetsByMajorClassAxis=DevelopedTechnologyRightsMember,usd,-3
AKAM_10K_20241231,FiniteLivedIntangibleAssetsGross,us-gaap,"Finite-Lived Intangible Assets, Gross",354539000.0,True,,2023-12-31,0,FiniteLivedIntangibleAssetsByMajorClassAxis=DevelopedTechnologyRightsMember,usd,-3
AKAM_10K_20241231,FiniteLivedIntangibleAssetsAccumulatedAmortization,us-gaap,"Finite-Lived Intangible Assets, Accumulated Amortization",196572000.0,True,,2023-12-31,0,FiniteLivedIntangibleAssetsByMajorClassAxis=DevelopedTechnologyRightsMember,usd,-3
AKAM_10K_20241231,FiniteLivedIntangibleAssetsNet,us-gaap,"Finite-Lived Intangible Assets, Net",157967000.0,True,,2023-12-31,0,FiniteLivedIntangibleAssetsByMajorClassAxis=DevelopedTechnologyRightsMember,usd,-3
AKAM_10K_20241231,FiniteLivedIntangibleAssetsGross,us-gaap,"Finite-Lived Intangible Assets, Gross",758817000.0,True,,2024-12-31,0,FiniteLivedIntangibleAssetsByMajorClassAxis=CustomerRelationshipsMember,usd,-3
AKAM_10K_20241231,FiniteLivedIntangibleAssetsAccumulatedAmortization,us-gaap,"Finite-Lived Intangible Assets, Accumulated Amortization",313991000.0,True,,2024-12-31,0,FiniteLivedIntangibleAssetsByMajorClassAxis=CustomerRelationshipsMember,usd,-3
AKAM_10K_20241231,FiniteLivedIntangibleAssetsNet,us-gaap,"Finite-Lived Intangible Assets, Net",444826000.0,True,,2024-12-31,0,FiniteLivedIntangibleAssetsByMajorClassAxis=CustomerRelationshipsMember,usd,-3
AKAM_10K_20241231,FiniteLivedIntangibleAssetsGross,us-gaap,"Finite-Lived Intangible Assets, Gross",616267000.0,True,,2023-12-31,0,FiniteLivedIntangibleAssetsByMajorClassAxis=CustomerRelationshipsMember,usd,-3
AKAM_10K_20241231,FiniteLivedIntangibleAssetsAccumulatedAmortization,us-gaap,"Finite-Lived Intangible Assets, Accumulated Amortization",273758000.0,True,,2023-12-31,0,FiniteLivedIntangibleAssetsByMajorClassAxis=CustomerRelationshipsMember,usd,-3
AKAM_10K_20241231,FiniteLivedIntangibleAssetsNet,us-gaap,"Finite-Lived Intangible Assets, Net",342509000.0,True,,2023-12-31,0,FiniteLivedIntangibleAssetsByMajorClassAxis=CustomerRelationshipsMember,usd,-3
AKAM_10K_20241231,FiniteLivedIntangibleAssetsGross,us-gaap,"Finite-Lived Intangible Assets, Gross",15318000.0,True,,2024-12-31,0,FiniteLivedIntangibleAssetsByMajorClassAxis=TrademarksAndTradeNamesMember,usd,-3
AKAM_10K_20241231,FiniteLivedIntangibleAssetsAccumulatedAmortization,us-gaap,"Finite-Lived Intangible Assets, Accumulated Amortization",10579000.0,True,,2024-12-31,0,FiniteLivedIntangibleAssetsByMajorClassAxis=TrademarksAndTradeNamesMember,usd,-3
AKAM_10K_20241231,FiniteLivedIntangibleAssetsNet,us-gaap,"Finite-Lived Intangible Assets, Net",4739000.0,True,,2024-12-31,0,FiniteLivedIntangibleAssetsByMajorClassAxis=TrademarksAndTradeNamesMember,usd,-3
AKAM_10K_20241231,FiniteLivedIntangibleAssetsGross,us-gaap,"Finite-Lived Intangible Assets, Gross",14659000.0,True,,2023-12-31,0,FiniteLivedIntangibleAssetsByMajorClassAxis=TrademarksAndTradeNamesMember,usd,-3
AKAM_10K_20241231,FiniteLivedIntangibleAssetsAccumulatedAmortization,us-gaap,"Finite-Lived Intangible Assets, Accumulated Amortization",9117000.0,True,,2023-12-31,0,FiniteLivedIntangibleAssetsByMajorClassAxis=TrademarksAndTradeNamesMember,usd,-3
AKAM_10K_20241231,FiniteLivedIntangibleAssetsNet,us-gaap,"Finite-Lived Intangible Assets, Net",5542000.0,True,,2023-12-31,0,FiniteLivedIntangibleAssetsByMajorClassAxis=TrademarksAndTradeNamesMember,usd,-3
AKAM_10K_20241231,FiniteLivedIntangibleAssetsGross,us-gaap,"Finite-Lived Intangible Assets, Gross",44810000.0,True,,2024-12-31,0,FiniteLivedIntangibleAssetsByMajorClassAxis=LicensingAgreementsMember,usd,-3
AKAM_10K_20241231,FiniteLivedIntangibleAssetsAccumulatedAmortization,us-gaap,"Finite-Lived Intangible Assets, Accumulated Amortization",7076000.0,True,,2024-12-31,0,FiniteLivedIntangibleAssetsByMajorClassAxis=LicensingAgreementsMember,usd,-3
AKAM_10K_20241231,FiniteLivedIntangibleAssetsNet,us-gaap,"Finite-Lived Intangible Assets, Net",37734000.0,True,,2024-12-31,0,FiniteLivedIntangibleAssetsByMajorClassAxis=LicensingAgreementsMember,usd,-3
AKAM_10K_20241231,FiniteLivedIntangibleAssetsGross,us-gaap,"Finite-Lived Intangible Assets, Gross",34810000.0,True,,2023-12-31,0,FiniteLivedIntangibleAssetsByMajorClassAxis=LicensingAgreementsMember,usd,-3
AKAM_10K_20241231,FiniteLivedIntangibleAssetsAccumulatedAmortization,us-gaap,"Finite-Lived Intangible Assets, Accumulated Amortization",4685000.0,True,,2023-12-31,0,FiniteLivedIntangibleAssetsByMajorClassAxis=LicensingAgreementsMember,usd,-3
AKAM_10K_20241231,FiniteLivedIntangibleAssetsNet,us-gaap,"Finite-Lived Intangible Assets, Net",30125000.0,True,,2023-12-31,0,FiniteLivedIntangibleAssetsByMajorClassAxis=LicensingAgreementsMember,usd,-3
AKAM_10K_20241231,FiniteLivedIntangibleAssetsGross,us-gaap,"Finite-Lived Intangible Assets, Gross",1282711000.0,True,,2024-12-31,0,,usd,-3
AKAM_10K_20241231,FiniteLivedIntangibleAssetsAccumulatedAmortization,us-gaap,"Finite-Lived Intangible Assets, Accumulated Amortization",555126000.0,True,,2024-12-31,0,,usd,-3
AKAM_10K_20241231,FiniteLivedIntangibleAssetsNet,us-gaap,"Finite-Lived Intangible Assets, Net",727585000.0,True,,2024-12-31,0,,usd,-3
AKAM_10K_20241231,FiniteLivedIntangibleAssetsGross,us-gaap,"Finite-Lived Intangible Assets, Gross",1020275000.0,True,,2023-12-31,0,,usd,-3
AKAM_10K_20241231,FiniteLivedIntangibleAssetsAccumulatedAmortization,us-gaap,"Finite-Lived Intangible Assets, Accumulated Amortization",484132000.0,True,,2023-12-31,0,,usd,-3
AKAM_10K_20241231,FiniteLivedIntangibleAssetsNet,us-gaap,"Finite-Lived Intangible Assets, Net",536143000.0,True,,2023-12-31,0,,usd,-3
AKAM_10K_20241231,FiniteLivedIntangibleAssetsAmortizationExpenseNextTwelveMonths,us-gaap,"Finite-Lived Intangible Asset, Expected Amortization, Year One",111500000.0,True,,2024-12-31,0,,usd,-5
AKAM_10K_20241231,FiniteLivedIntangibleAssetsAmortizationExpenseYearTwo,us-gaap,"Finite-Lived Intangible Asset, Expected Amortization, Year Two",104100000.0,True,,2024-12-31,0,,usd,-5
AKAM_10K_20241231,FiniteLivedIntangibleAssetsAmortizationExpenseYearThree,us-gaap,"Finite-Lived Intangible Asset, Expected Amortization, Year Three",89200000.0,True,,2024-12-31,0,,usd,-5
AKAM_10K_20241231,FiniteLivedIntangibleAssetsAmortizationExpenseYearFour,us-gaap,"Finite-Lived Intangible Asset, Expected Amortization, Year Four",81900000.0,True,,2024-12-31,0,,usd,-5
AKAM_10K_20241231,FiniteLivedIntangibleAssetsAmortizationExpenseYearFive,us-gaap,"Finite-Lived Intangible Asset, Expected Amortization, Year Five",76000000.0,True,,2024-12-31,0,,usd,-5
AKAM_10K_20241231,ImpairmentOfIntangibleAssetsFinitelived,us-gaap,"Impairment of Intangible Assets, Finite-Lived",23700000.0,False,2024-01-01,2024-12-31,366,,usd,-5
AKAM_10K_20241231,Goodwill,us-gaap,Goodwill,2763838000.0,True,,2022-12-31,0,,usd,-3
AKAM_10K_20241231,GoodwillAcquiredDuringPeriod,us-gaap,"Goodwill, Acquired During Period",312065000.0,False,2024-01-01,2024-12-31,366,BusinessAcquisitionAxis=NonameSecurityMember,usd,-3
AKAM_10K_20241231,GoodwillAcquiredDuringPeriod,us-gaap,"Goodwill, Acquired During Period",0.0,False,2023-01-01,2023-12-31,365,BusinessAcquisitionAxis=NonameSecurityMember,usd,-3
AKAM_10K_20241231,GoodwillAcquiredDuringPeriod,us-gaap,"Goodwill, Acquired During Period",0.0,False,2024-01-01,2024-12-31,366,BusinessAcquisitionAxis=StorageOSMember,usd,-3
AKAM_10K_20241231,GoodwillAcquiredDuringPeriod,us-gaap,"Goodwill, Acquired During Period",14046000.0,False,2023-01-01,2023-12-31,365,BusinessAcquisitionAxis=StorageOSMember,usd,-3
AKAM_10K_20241231,GoodwillAcquiredDuringPeriod,us-gaap,"Goodwill, Acquired During Period",0.0,False,2024-01-01,2024-12-31,366,BusinessAcquisitionAxis=NeosecIncMember,usd,-3
AKAM_10K_20241231,GoodwillAcquiredDuringPeriod,us-gaap,"Goodwill, Acquired During Period",66882000.0,False,2023-01-01,2023-12-31,365,BusinessAcquisitionAxis=NeosecIncMember,usd,-3
AKAM_10K_20241231,GoodwillPurchaseAccountingAdjustments,us-gaap,"Goodwill, Measurement Period Adjustment",18000.0,False,2024-01-01,2024-12-31,366,,usd,-3
AKAM_10K_20241231,GoodwillPurchaseAccountingAdjustments,us-gaap,"Goodwill, Measurement Period Adjustment",0.0,False,2023-01-01,2023-12-31,365,,usd,-3
AKAM_10K_20241231,GoodwillForeignCurrencyTranslationGainLoss,us-gaap,"Goodwill, Foreign Currency Translation Gain (Loss)",-11476000.0,False,2024-01-01,2024-12-31,366,,usd,-3
AKAM_10K_20241231,GoodwillForeignCurrencyTranslationGainLoss,us-gaap,"Goodwill, Foreign Currency Translation Gain (Loss)",5704000.0,False,2023-01-01,2023-12-31,365,,usd,-3
AKAM_10K_20241231,AssetAcquisitionConsiderationTransferred,us-gaap,"Asset Acquisition, Consideration Transferred",158247000.0,False,2024-12-01,2024-12-31,31,AssetAcquisitionAxis=EdgioMember,usd,-3
AKAM_10K_20241231,AssetAcquisitionConsiderationTransferred,us-gaap,"Asset Acquisition, Consideration Transferred",79682000.0,False,2023-10-01,2023-10-31,31,AssetAcquisitionAxis=LumenMember,usd,-3
AKAM_10K_20241231,AssetAcquisitionConsiderationTransferred,us-gaap,"Asset Acquisition, Consideration Transferred",51211000.0,False,2023-08-01,2023-08-31,31,AssetAcquisitionAxis=StackPathMember,usd,-3
AKAM_10K_20241231,BusinessCombinationAcquisitionRelatedCosts,us-gaap,"Business Combination, Acquisition Related Costs",7500000.0,False,2024-01-01,2024-12-31,366,,usd,-5
AKAM_10K_20241231,BusinessCombinationAcquisitionRelatedCosts,us-gaap,"Business Combination, Acquisition Related Costs",2700000.0,False,2023-01-01,2023-12-31,365,,usd,-5
AKAM_10K_20241231,BusinessCombinationAcquisitionRelatedCosts,us-gaap,"Business Combination, Acquisition Related Costs",10700000.0,False,2022-01-01,2022-12-31,365,,usd,-5
AKAM_10K_20241231,PaymentsToAcquireBusinessesGross,us-gaap,"Payments to Acquire Businesses, Gross",452300000.0,False,2024-06-01,2024-06-30,30,BusinessAcquisitionAxis=NonameSecurityMember,usd,-5
AKAM_10K_20241231,BusinessCombinationConsiderationTransferred1,us-gaap,"Business Combination, Consideration Transferred",452319000.0,False,2024-06-01,2024-06-30,30,BusinessAcquisitionAxis=NonameSecurityMember,usd,-3
AKAM_10K_20241231,BusinessCombinationRecognizedIdentifiableAssetsAcquiredAndLiabilitiesAssumedCashAndEquivalents,us-gaap,"Business Combination, Recognized Identifiable Assets Acquired and Liabilities Assumed, Cash and Equivalents",18253000.0,True,,2024-06-30,0,BusinessAcquisitionAxis=NonameSecurityMember,usd,-3
AKAM_10K_20241231,BusinessCombinationRecognizedIdentifiableAssetsAcquiredAndLiabilitiesAssumedCurrentAssetsReceivables,us-gaap,"Business Combination, Recognized Identifiable Assets Acquired and Liabilities Assumed, Current Assets, Receivables",5984000.0,True,,2024-06-30,0,BusinessAcquisitionAxis=NonameSecurityMember,usd,-3
AKAM_10K_20241231,BusinessCombinationRecognizedIdentifiableAssetsAcquiredAndLiabilitiesAssumedCurrentAssetsPrepaidExpenseAndOtherAssets,us-gaap,"Business Combination, Recognized Identifiable Assets Acquired and Liabilities Assumed, Current Assets, Prepaid Expense and Other Assets",3020000.0,True,,2024-06-30,0,BusinessAcquisitionAxis=NonameSecurityMember,usd,-3
AKAM_10K_20241231,BusinessCombinationRecognizedIdentifiableAssetsAcquiredAndLiabilitiesAssumedIntangibles,us-gaap,"Business Combination, Recognized Identifiable Assets Acquired and Liabilities Assumed, Finite-Lived Intangibles",137800000.0,True,,2024-06-30,0,BusinessAcquisitionAxis=NonameSecurityMember,usd,-3
AKAM_10K_20241231,BusinessCombinationRecognizedIdentifiableAssetsAcquiredAndLiabilitiesAssumedDeferredTaxAssets,us-gaap,"Business Combination Recognized Identifiable Assets Acquired and Liabilities Assumed, Deferred Tax Assets",2487000.0,True,,2024-06-30,0,BusinessAcquisitionAxis=NonameSecurityMember,usd,-3
AKAM_10K_20241231,BusinessCombinationRecognizedIdentifiableAssetsAcquiredAndLiabilitiesAssumedAssets,us-gaap,"Business Combination, Recognized Identifiable Assets Acquired and Liabilities Assumed, Assets",167544000.0,True,,2024-06-30,0,BusinessAcquisitionAxis=NonameSecurityMember,usd,-3
AKAM_10K_20241231,BusinessCombinationRecognizedIdentifiableAssetsAcquiredAndLiabilitiesAssumedCurrentLiabilitiesAccountsPayable,us-gaap,"Business Combination, Recognized Identifiable Assets Acquired and Liabilities Assumed, Current Liabilities, Accounts Payable",2074000.0,True,,2024-06-30,0,BusinessAcquisitionAxis=NonameSecurityMember,usd,-3
AKAM_10K_20241231,BusinessCombinationRecognizedIdentifiableAssetsAcquiredAndLiabilitiesAssumedCurrentLiabilitiesAccruedExpenses,akam,"Business Combination, Recognized Identifiable Assets Acquired and Liabilities Assumed, Current Liabilities, Accrued Expenses",5926000.0,True,,2024-06-30,0,BusinessAcquisitionAxis=NonameSecurityMember,usd,-3
AKAM_10K_20241231,BusinessCombinationRecognizedIdentifiableAssetsAcquiredAndLiabilitiesAssumedCurrentLiabilitiesDeferredRevenue,us-gaap,"Business Combination, Recognized Identifiable Assets Acquired and Liabilities Assumed, Current Liabilities, Deferred Revenue",19289000.0,True,,2024-06-30,0,BusinessAcquisitionAxis=NonameSecurityMember,usd,-3
AKAM_10K_20241231,BusinessCombinationRecognizedIdentifiableAssetsAcquiredAndLiabilitiesAssumedLiabilities,us-gaap,"Business Combination, Recognized Identifiable Assets Acquired and Liabilities Assumed, Liabilities",27289000.0,True,,2024-06-30,0,BusinessAcquisitionAxis=NonameSecurityMember,usd,-3
AKAM_10K_20241231,BusinessCombinationRecognizedIdentifiableAssetsAcquiredAndLiabilitiesAssumedNet,us-gaap,"Business Combination, Recognized Identifiable Assets Acquired and Liabilities Assumed, Net",140255000.0,True,,2024-06-30,0,BusinessAcquisitionAxis=NonameSecurityMember,usd,-3
AKAM_10K_20241231,Goodwill,us-gaap,Goodwill,312064000.0,True,,2024-06-30,0,BusinessAcquisitionAxis=NonameSecurityMember,usd,-3
AKAM_10K_20241231,BusinessCombinationRecognizedIdentifiableAssetsAcquiredGoodwillAndLiabilitiesAssumedNet,us-gaap,"Business Combination, Recognized Identifiable Assets Acquired, Goodwill, and Liabilities Assumed, Net",452319000.0,True,,2024-06-30,0,BusinessAcquisitionAxis=NonameSecurityMember,usd,-3
AKAM_10K_20241231,BusinessAcquisitionPurchasePriceAllocationGoodwillExpectedTaxDeductibleAmount,us-gaap,"Business Acquisition, Goodwill, Expected Tax Deductible Amount",248800000.0,True,,2024-06-30,0,BusinessAcquisitionAxis=NonameSecurityMember,usd,-5
AKAM_10K_20241231,FinitelivedIntangibleAssetsAcquired1,us-gaap,Finite-Lived Intangible Assets Acquired,132300000.0,False,2024-06-01,2024-06-30,30,BusinessAcquisitionAxis=NonameSecurityMember;FiniteLivedIntangibleAssetsByMajorClassAxis=DevelopedTechnologyRightsMember,usd,-3
AKAM_10K_20241231,FinitelivedIntangibleAssetsAcquired1,us-gaap,Finite-Lived Intangible Assets Acquired,4800000.0,False,2024-06-01,2024-06-30,30,BusinessAcquisitionAxis=NonameSecurityMember;FiniteLivedIntangibleAssetsByMajorClassAxis=CustomerRelatedIntangibleAssetsMember,usd,-3
AKAM_10K_20241231,FinitelivedIntangibleAssetsAcquired1,us-gaap,Finite-Lived Intangible Assets Acquired,700000.0,False,2024-06-01,2024-06-30,30,BusinessAcquisitionAxis=NonameSecurityMember;FiniteLivedIntangibleAssetsByMajorClassAxis=TrademarksMember,usd,-3
AKAM_10K_20241231,FinitelivedIntangibleAssetsAcquired1,us-gaap,Finite-Lived Intangible Assets Acquired,137800000.0,False,2024-06-01,2024-06-30,30,BusinessAcquisitionAxis=NonameSecurityMember,usd,-3
AKAM_10K_20241231,PaymentsToAcquireBusinessesGross,us-gaap,"Payments to Acquire Businesses, Gross",91400000.0,False,2023-05-01,2023-05-31,31,BusinessAcquisitionAxis=NeosecIncMember,usd,-5
AKAM_10K_20241231,Goodwill,us-gaap,Goodwill,66900000.0,True,,2023-05-31,0,BusinessAcquisitionAxis=NeosecIncMember,usd,-5
AKAM_10K_20241231,BusinessCombinationRecognizedIdentifiableAssetsAcquiredAndLiabilitiesAssumedIntangibles,us-gaap,"Business Combination, Recognized Identifiable Assets Acquired and Liabilities Assumed, Finite-Lived Intangibles",19900000.0,True,,2023-05-31,0,BusinessAcquisitionAxis=NeosecIncMember,usd,-5
AKAM_10K_20241231,BusinessAcquisitionPurchasePriceAllocationGoodwillExpectedTaxDeductibleAmount,us-gaap,"Business Acquisition, Goodwill, Expected Tax Deductible Amount",33800000.0,True,,2023-05-31,0,BusinessAcquisitionAxis=NeosecIncMember,usd,-5
AKAM_10K_20241231,PaymentsToAcquireBusinessesGross,us-gaap,"Payments to Acquire Businesses, Gross",20600000.0,False,2023-03-01,2023-03-31,31,BusinessAcquisitionAxis=StorageOSMember,usd,-5
AKAM_10K_20241231,Goodwill,us-gaap,Goodwill,14000000.0,True,,2023-03-31,0,BusinessAcquisitionAxis=StorageOSMember,usd,-5
AKAM_10K_20241231,BusinessCombinationRecognizedIdentifiableAssetsAcquiredAndLiabilitiesAssumedIntangibles,us-gaap,"Business Combination, Recognized Identifiable Assets Acquired and Liabilities Assumed, Finite-Lived Intangibles",4500000.0,True,,2023-03-31,0,BusinessAcquisitionAxis=StorageOSMember,usd,-5
AKAM_10K_20241231,PaymentsToAcquireBusinessesGross,us-gaap,"Payments to Acquire Businesses, Gross",898500000.0,False,2022-03-01,2022-03-31,31,BusinessAcquisitionAxis=LinodeLimitedLiabilityCompanyMember,usd,-5
AKAM_10K_20241231,BusinessCombinationProFormaInformationRevenueOfAcquireeSinceAcquisitionDateActual,us-gaap,"Business Combination, Pro Forma Information, Revenue of Acquiree since Acquisition Date, Actual",103500000.0,False,2022-01-01,2022-12-31,365,BusinessAcquisitionAxis=LinodeLimitedLiabilityCompanyMember,usd,-5
AKAM_10K_20241231,BusinessCombinationConsiderationTransferred1,us-gaap,"Business Combination, Consideration Transferred",898516000.0,False,2022-03-01,2022-03-31,31,BusinessAcquisitionAxis=LinodeLimitedLiabilityCompanyMember,usd,-3
AKAM_10K_20241231,BusinessCombinationRecognizedIdentifiableAssetsAcquiredAndLiabilitiesAssumedCashAndEquivalents,us-gaap,"Business Combination, Recognized Identifiable Assets Acquired and Liabilities Assumed, Cash and Equivalents",26678000.0,True,,2022-03-31,0,BusinessAcquisitionAxis=LinodeLimitedLiabilityCompanyMember,usd,-3
AKAM_10K_20241231,BusinessCombinationRecognizedIdentifiableAssetsAcquiredAndLiabilitiesAssumedCurrentAssetsReceivables,us-gaap,"Business Combination, Recognized Identifiable Assets Acquired and Liabilities Assumed, Current Assets, Receivables",7171000.0,True,,2022-03-31,0,BusinessAcquisitionAxis=LinodeLimitedLiabilityCompanyMember,usd,-3
AKAM_10K_20241231,BusinessCombinationRecognizedIdentifiableAssetsAcquiredAndLiabilitiesAssumedCurrentAssetsPrepaidExpenseAndOtherAssets,us-gaap,"Business Combination, Recognized Identifiable Assets Acquired and Liabilities Assumed, Current Assets, Prepaid Expense and Other Assets",4478000.0,True,,2022-03-31,0,BusinessAcquisitionAxis=LinodeLimitedLiabilityCompanyMember,usd,-3
AKAM_10K_20241231,BusinessCombinationRecognizedIdentifiableAssetsAcquiredAndLiabilitiesAssumedPropertyPlantAndEquipment,us-gaap,"Business Combination, Recognized Identifiable Assets Acquired and Liabilities Assumed, Property, Plant, and Equipment",56268000.0,True,,2022-03-31,0,BusinessAcquisitionAxis=LinodeLimitedLiabilityCompanyMember,usd,-3
AKAM_10K_20241231,BusinessCombinationRecognizedIdentifiableAssetsAcquiredAndLiabilitiesAssumedOperatingRightOfUseAssets,akam,"Business Combination, Recognized Identifiable Assets Acquired and Liabilities Assumed, Operating Right-Of-Use Assets",17000000.0,True,,2022-03-31,0,BusinessAcquisitionAxis=LinodeLimitedLiabilityCompanyMember,usd,-3
AKAM_10K_20241231,BusinessCombinationRecognizedIdentifiableAssetsAcquiredAndLiabilitiesAssumedIntangibles,us-gaap,"Business Combination, Recognized Identifiable Assets Acquired and Liabilities Assumed, Finite-Lived Intangibles",196020000.0,True,,2022-03-31,0,BusinessAcquisitionAxis=LinodeLimitedLiabilityCompanyMember,usd,-3
AKAM_10K_20241231,BusinessCombinationRecognizedIdentifiableAssetsAcquiredAndLiabilitiesAssumedDeferredTaxAssets,us-gaap,"Business Combination Recognized Identifiable Assets Acquired and Liabilities Assumed, Deferred Tax Assets",2528000.0,True,,2022-03-31,0,BusinessAcquisitionAxis=LinodeLimitedLiabilityCompanyMember,usd,-3
AKAM_10K_20241231,BusinessCombinationRecognizedIdentifiableAssetsAcquiredAndLiabilitiesAssumedOtherNoncurrentAssets,us-gaap,"Business Combination, Recognized Identifiable Assets Acquired and Liabilities Assumed, Other Noncurrent Assets",292000.0,True,,2022-03-31,0,BusinessAcquisitionAxis=LinodeLimitedLiabilityCompanyMember,usd,-3
AKAM_10K_20241231,BusinessCombinationRecognizedIdentifiableAssetsAcquiredAndLiabilitiesAssumedAssets,us-gaap,"Business Combination, Recognized Identifiable Assets Acquired and Liabilities Assumed, Assets",310435000.0,True,,2022-03-31,0,BusinessAcquisitionAxis=LinodeLimitedLiabilityCompanyMember,usd,-3
AKAM_10K_20241231,BusinessCombinationRecognizedIdentifiableAssetsAcquiredAndLiabilitiesAssumedCurrentLiabilitiesAccountsPayable,us-gaap,"Business Combination, Recognized Identifiable Assets Acquired and Liabilities Assumed, Current Liabilities, Accounts Payable",5767000.0,True,,2022-03-31,0,BusinessAcquisitionAxis=LinodeLimitedLiabilityCompanyMember,usd,-3
AKAM_10K_20241231,BusinessCombinationRecognizedIdentifiableAssetsAcquiredAndLiabilitiesAssumedCurrentLiabilitiesAccruedExpenses,akam,"Business Combination, Recognized Identifiable Assets Acquired and Liabilities Assumed, Current Liabilities, Accrued Expenses",1958000.0,True,,2022-03-31,0,BusinessAcquisitionAxis=LinodeLimitedLiabilityCompanyMember,usd,-3
AKAM_10K_20241231,BusinessCombinationRecognizedIdentifiableAssetsAcquiredAndLiabilitiesAssumedOperatingLeaseLiability,akam,"Business Combination, Recognized Identifiable Assets Acquired and Liabilities Assumed, Operating Lease Liability",17235000.0,True,,2022-03-31,0,BusinessAcquisitionAxis=LinodeLimitedLiabilityCompanyMember,usd,-3
AKAM_10K_20241231,BusinessCombinationRecognizedIdentifiableAssetsAcquiredAndLiabilitiesAssumedNoncurrentLiabilitiesOther,us-gaap,"Business Combination, Recognized Identifiable Assets Acquired and Liabilities Assumed, Noncurrent Liabilities, Other",4251000.0,True,,2022-03-31,0,BusinessAcquisitionAxis=LinodeLimitedLiabilityCompanyMember,usd,-3
AKAM_10K_20241231,BusinessCombinationRecognizedIdentifiableAssetsAcquiredAndLiabilitiesAssumedLiabilities,us-gaap,"Business Combination, Recognized Identifiable Assets Acquired and Liabilities Assumed, Liabilities",29211000.0,True,,2022-03-31,0,BusinessAcquisitionAxis=LinodeLimitedLiabilityCompanyMember,usd,-3
AKAM_10K_20241231,BusinessCombinationRecognizedIdentifiableAssetsAcquiredAndLiabilitiesAssumedNet,us-gaap,"Business Combination, Recognized Identifiable Assets Acquired and Liabilities Assumed, Net",281224000.0,True,,2022-03-31,0,BusinessAcquisitionAxis=LinodeLimitedLiabilityCompanyMember,usd,-3
AKAM_10K_20241231,Goodwill,us-gaap,Goodwill,617292000.0,True,,2022-03-31,0,BusinessAcquisitionAxis=LinodeLimitedLiabilityCompanyMember,usd,-3
AKAM_10K_20241231,FinitelivedIntangibleAssetsAcquired1,us-gaap,Finite-Lived Intangible Assets Acquired,84200000.0,False,2022-03-01,2022-03-31,31,BusinessAcquisitionAxis=LinodeLimitedLiabilityCompanyMember;FiniteLivedIntangibleAssetsByMajorClassAxis=CustomerRelatedIntangibleAssetsMember,usd,-3
AKAM_10K_20241231,FinitelivedIntangibleAssetsAcquired1,us-gaap,Finite-Lived Intangible Assets Acquired,70900000.0,False,2022-03-01,2022-03-31,31,BusinessAcquisitionAxis=LinodeLimitedLiabilityCompanyMember;FiniteLivedIntangibleAssetsByMajorClassAxis=DevelopedTechnologyRightsMember,usd,-3
AKAM_10K_20241231,FinitelivedIntangibleAssetsAcquired1,us-gaap,Finite-Lived Intangible Assets Acquired,34320000.0,False,2022-03-01,2022-03-31,31,BusinessAcquisitionAxis=LinodeLimitedLiabilityCompanyMember;FiniteLivedIntangibleAssetsByMajorClassAxis=LicensingAgreementsMember,usd,-3
AKAM_10K_20241231,FinitelivedIntangibleAssetsAcquired1,us-gaap,Finite-Lived Intangible Assets Acquired,6600000.0,False,2022-03-01,2022-03-31,31,BusinessAcquisitionAxis=LinodeLimitedLiabilityCompanyMember;FiniteLivedIntangibleAssetsByMajorClassAxis=TrademarksAndTradeNamesMember,usd,-3
AKAM_10K_20241231,FinitelivedIntangibleAssetsAcquired1,us-gaap,Finite-Lived Intangible Assets Acquired,196020000.0,False,2022-03-01,2022-03-31,31,BusinessAcquisitionAxis=LinodeLimitedLiabilityCompanyMember,usd,-3
AKAM_10K_20241231,EmployeeRelatedLiabilitiesCurrent,us-gaap,"Employee-related Liabilities, Current",146841000.0,True,,2024-12-31,0,,usd,-3
AKAM_10K_20241231,EmployeeRelatedLiabilitiesCurrent,us-gaap,"Employee-related Liabilities, Current",143010000.0,True,,2023-12-31,0,,usd,-3
AKAM_10K_20241231,AccruedIncomeTaxesCurrent,us-gaap,"Accrued Income Taxes, Current",76375000.0,True,,2024-12-31,0,,usd,-3
AKAM_10K_20241231,AccruedIncomeTaxesCurrent,us-gaap,"Accrued Income Taxes, Current",70017000.0,True,,2023-12-31,0,,usd,-3
AKAM_10K_20241231,BandwidthAndCoLocation,akam,Bandwidth and Co location,77603000.0,True,,2024-12-31,0,,usd,-3
AKAM_10K_20241231,BandwidthAndCoLocation,akam,Bandwidth and Co location,78210000.0,True,,2023-12-31,0,,usd,-3
AKAM_10K_20241231,AccrualForTaxesOtherThanIncomeTaxesCurrent,us-gaap,"Accrual for Taxes Other than Income Taxes, Current",31357000.0,True,,2024-12-31,0,,usd,-3
AKAM_10K_20241231,AccrualForTaxesOtherThanIncomeTaxesCurrent,us-gaap,"Accrual for Taxes Other than Income Taxes, Current",38270000.0,True,,2023-12-31,0,,usd,-3
AKAM_10K_20241231,InterestPayableCurrent,us-gaap,"Interest Payable, Current",6926000.0,True,,2024-12-31,0,,usd,-3
AKAM_10K_20241231,InterestPayableCurrent,us-gaap,"Interest Payable, Current",6807000.0,True,,2023-12-31,0,,usd,-3
AKAM_10K_20241231,OtherAccruedLiabilitiesCurrent,us-gaap,"Other Accrued Liabilities, Current",31786000.0,True,,2024-12-31,0,,usd,-3
AKAM_10K_20241231,OtherAccruedLiabilitiesCurrent,us-gaap,"Other Accrued Liabilities, Current",15867000.0,True,,2023-12-31,0,,usd,-3
AKAM_10K_20241231,RestructuringCharges,us-gaap,Restructuring Charges,63398000.0,False,2024-01-01,2024-12-31,366,RestructuringPlanAxis=Q32024ActionPlanMember,usd,-3
AKAM_10K_20241231,RestructuringCharges,us-gaap,Restructuring Charges,0.0,False,2023-01-01,2023-12-31,365,RestructuringPlanAxis=Q32024ActionPlanMember,usd,-3
AKAM_10K_20241231,RestructuringCharges,us-gaap,Restructuring Charges,0.0,False,2022-01-01,2022-12-31,365,RestructuringPlanAxis=Q32024ActionPlanMember,usd,-3
AKAM_10K_20241231,RestructuringCharges,us-gaap,Restructuring Charges,0.0,False,2024-01-01,2024-12-31,366,RestructuringPlanAxis=Q12023ActionPlanMember,usd,-3
AKAM_10K_20241231,RestructuringCharges,us-gaap,Restructuring Charges,20668000.0,False,2023-01-01,2023-12-31,365,RestructuringPlanAxis=Q12023ActionPlanMember,usd,-3
AKAM_10K_20241231,RestructuringCharges,us-gaap,Restructuring Charges,0.0,False,2022-01-01,2022-12-31,365,RestructuringPlanAxis=Q12023ActionPlanMember,usd,-3
AKAM_10K_20241231,RestructuringCharges,us-gaap,Restructuring Charges,1717000.0,False,2024-01-01,2024-12-31,366,RestructuringPlanAxis=FlexBaseActionPlanMember,usd,-3
AKAM_10K_20241231,RestructuringCharges,us-gaap,Restructuring Charges,27654000.0,False,2023-01-01,2023-12-31,365,RestructuringPlanAxis=FlexBaseActionPlanMember,usd,-3
AKAM_10K_20241231,RestructuringCharges,us-gaap,Restructuring Charges,3637000.0,False,2022-01-01,2022-12-31,365,RestructuringPlanAxis=FlexBaseActionPlanMember,usd,-3
AKAM_10K_20241231,RestructuringCharges,us-gaap,Restructuring Charges,0.0,False,2024-01-01,2024-12-31,366,RestructuringPlanAxis=GONETActionPlanMember,usd,-3
AKAM_10K_20241231,RestructuringCharges,us-gaap,Restructuring Charges,0.0,False,2023-01-01,2023-12-31,365,RestructuringPlanAxis=GONETActionPlanMember,usd,-3
AKAM_10K_20241231,RestructuringCharges,us-gaap,Restructuring Charges,7490000.0,False,2022-01-01,2022-12-31,365,RestructuringPlanAxis=GONETActionPlanMember,usd,-3
AKAM_10K_20241231,RestructuringCharges,us-gaap,Restructuring Charges,30326000.0,False,2024-01-01,2024-12-31,366,RestructuringPlanAxis=AcquisitionsRelatedPlanMember,usd,-3
AKAM_10K_20241231,RestructuringCharges,us-gaap,Restructuring Charges,8321000.0,False,2023-01-01,2023-12-31,365,RestructuringPlanAxis=AcquisitionsRelatedPlanMember,usd,-3
AKAM_10K_20241231,RestructuringCharges,us-gaap,Restructuring Charges,2402000.0,False,2022-01-01,2022-12-31,365,RestructuringPlanAxis=AcquisitionsRelatedPlanMember,usd,-3
AKAM_10K_20241231,RestructuringCharges,us-gaap,Restructuring Charges,95441000.0,False,2024-01-01,2024-12-31,366,,usd,-3
AKAM_10K_20241231,RestructuringCharges,us-gaap,Restructuring Charges,56643000.0,False,2023-01-01,2023-12-31,365,,usd,-3
AKAM_10K_20241231,RestructuringCharges,us-gaap,Restructuring Charges,13529000.0,False,2022-01-01,2022-12-31,365,,usd,-3
AKAM_10K_20241231,RestructuringReserve,us-gaap,Restructuring Reserve,0.0,True,,2021-12-31,0,RestructuringPlanAxis=Q32024ActionPlanMember,usd,-3
AKAM_10K_20241231,RestructuringReserve,us-gaap,Restructuring Reserve,0.0,True,,2021-12-31,0,RestructuringPlanAxis=Q12023ActionPlanMember,usd,-3
AKAM_10K_20241231,RestructuringReserve,us-gaap,Restructuring Reserve,0.0,True,,2021-12-31,0,RestructuringPlanAxis=GONETActionPlanMember,usd,-3
AKAM_10K_20241231,RestructuringReserve,us-gaap,Restructuring Reserve,1188000.0,True,,2021-12-31,0,RestructuringPlanAxis=AcquisitionsRelatedPlanMember,usd,-3
AKAM_10K_20241231,RestructuringReserve,us-gaap,Restructuring Reserve,1188000.0,True,,2021-12-31,0,,usd,-3
AKAM_10K_20241231,RestructuringReserveAccrualAdjustment1,us-gaap,"Restructuring Reserve, Accrual Adjustment",0.0,False,2022-01-01,2022-12-31,365,RestructuringPlanAxis=Q32024ActionPlanMember,usd,-3
AKAM_10K_20241231,RestructuringReserveAccrualAdjustment1,us-gaap,"Restructuring Reserve, Accrual Adjustment",0.0,False,2022-01-01,2022-12-31,365,RestructuringPlanAxis=Q12023ActionPlanMember,usd,-3
AKAM_10K_20241231,RestructuringReserveAccrualAdjustment1,us-gaap,"Restructuring Reserve, Accrual Adjustment",224000.0,False,2022-01-01,2022-12-31,365,RestructuringPlanAxis=GONETActionPlanMember,usd,-3
AKAM_10K_20241231,RestructuringReserveAccrualAdjustment1,us-gaap,"Restructuring Reserve, Accrual Adjustment",523000.0,False,2022-01-01,2022-12-31,365,RestructuringPlanAxis=AcquisitionsRelatedPlanMember,usd,-3
AKAM_10K_20241231,RestructuringReserveAccrualAdjustment1,us-gaap,"Restructuring Reserve, Accrual Adjustment",747000.0,False,2022-01-01,2022-12-31,365,,usd,-3
AKAM_10K_20241231,PaymentsForRestructuring,us-gaap,Payments for Restructuring,0.0,False,2022-01-01,2022-12-31,365,RestructuringPlanAxis=Q32024ActionPlanMember,usd,-3
AKAM_10K_20241231,PaymentsForRestructuring,us-gaap,Payments for Restructuring,0.0,False,2022-01-01,2022-12-31,365,RestructuringPlanAxis=Q12023ActionPlanMember,usd,-3
AKAM_10K_20241231,PaymentsForRestructuring,us-gaap,Payments for Restructuring,180000.0,False,2022-01-01,2022-12-31,365,RestructuringPlanAxis=GONETActionPlanMember,usd,-3
AKAM_10K_20241231,PaymentsForRestructuring,us-gaap,Payments for Restructuring,1029000.0,False,2022-01-01,2022-12-31,365,RestructuringPlanAxis=AcquisitionsRelatedPlanMember,usd,-3
AKAM_10K_20241231,PaymentsForRestructuring,us-gaap,Payments for Restructuring,1209000.0,False,2022-01-01,2022-12-31,365,,usd,-3
AKAM_10K_20241231,RestructuringReserveTranslationAndOtherAdjustment,us-gaap,"Restructuring Reserve, Translation and Other Adjustment",0.0,False,2022-01-01,2022-12-31,365,RestructuringPlanAxis=Q32024ActionPlanMember,usd,-3
AKAM_10K_20241231,RestructuringReserveTranslationAndOtherAdjustment,us-gaap,"Restructuring Reserve, Translation and Other Adjustment",0.0,False,2022-01-01,2022-12-31,365,RestructuringPlanAxis=Q12023ActionPlanMember,usd,-3
AKAM_10K_20241231,RestructuringReserveTranslationAndOtherAdjustment,us-gaap,"Restructuring Reserve, Translation and Other Adjustment",-44000.0,False,2022-01-01,2022-12-31,365,RestructuringPlanAxis=GONETActionPlanMember,usd,-3
AKAM_10K_20241231,RestructuringReserveTranslationAndOtherAdjustment,us-gaap,"Restructuring Reserve, Translation and Other Adjustment",-141000.0,False,2022-01-01,2022-12-31,365,RestructuringPlanAxis=AcquisitionsRelatedPlanMember,usd,-3
AKAM_10K_20241231,RestructuringReserveTranslationAndOtherAdjustment,us-gaap,"Restructuring Reserve, Translation and Other Adjustment",-185000.0,False,2022-01-01,2022-12-31,365,,usd,-3
AKAM_10K_20241231,RestructuringReserve,us-gaap,Restructuring Reserve,0.0,True,,2022-12-31,0,RestructuringPlanAxis=Q32024ActionPlanMember,usd,-3
AKAM_10K_20241231,RestructuringReserve,us-gaap,Restructuring Reserve,0.0,True,,2022-12-31,0,RestructuringPlanAxis=Q12023ActionPlanMember,usd,-3
AKAM_10K_20241231,RestructuringReserve,us-gaap,Restructuring Reserve,0.0,True,,2022-12-31,0,RestructuringPlanAxis=GONETActionPlanMember,usd,-3
AKAM_10K_20241231,RestructuringReserve,us-gaap,Restructuring Reserve,541000.0,True,,2022-12-31,0,RestructuringPlanAxis=AcquisitionsRelatedPlanMember,usd,-3
AKAM_10K_20241231,RestructuringReserve,us-gaap,Restructuring Reserve,541000.0,True,,2022-12-31,0,,usd,-3
AKAM_10K_20241231,RestructuringReserveAccrualAdjustment1,us-gaap,"Restructuring Reserve, Accrual Adjustment",0.0,False,2023-01-01,2023-12-31,365,RestructuringPlanAxis=Q32024ActionPlanMember,usd,-3
AKAM_10K_20241231,RestructuringReserveAccrualAdjustment1,us-gaap,"Restructuring Reserve, Accrual Adjustment",20668000.0,False,2023-01-01,2023-12-31,365,RestructuringPlanAxis=Q12023ActionPlanMember,usd,-3
AKAM_10K_20241231,RestructuringReserveAccrualAdjustment1,us-gaap,"Restructuring Reserve, Accrual Adjustment",0.0,False,2023-01-01,2023-12-31,365,RestructuringPlanAxis=GONETActionPlanMember,usd,-3
AKAM_10K_20241231,RestructuringReserveAccrualAdjustment1,us-gaap,"Restructuring Reserve, Accrual Adjustment",417000.0,False,2023-01-01,2023-12-31,365,RestructuringPlanAxis=AcquisitionsRelatedPlanMember,usd,-3
AKAM_10K_20241231,RestructuringReserveAccrualAdjustment1,us-gaap,"Restructuring Reserve, Accrual Adjustment",21085000.0,False,2023-01-01,2023-12-31,365,,usd,-3
AKAM_10K_20241231,PaymentsForRestructuring,us-gaap,Payments for Restructuring,0.0,False,2023-01-01,2023-12-31,365,RestructuringPlanAxis=Q32024ActionPlanMember,usd,-3
AKAM_10K_20241231,PaymentsForRestructuring,us-gaap,Payments for Restructuring,19798000.0,False,2023-01-01,2023-12-31,365,RestructuringPlanAxis=Q12023ActionPlanMember,usd,-3
AKAM_10K_20241231,PaymentsForRestructuring,us-gaap,Payments for Restructuring,0.0,False,2023-01-01,2023-12-31,365,RestructuringPlanAxis=GONETActionPlanMember,usd,-3
AKAM_10K_20241231,PaymentsForRestructuring,us-gaap,Payments for Restructuring,950000.0,False,2023-01-01,2023-12-31,365,RestructuringPlanAxis=AcquisitionsRelatedPlanMember,usd,-3
AKAM_10K_20241231,PaymentsForRestructuring,us-gaap,Payments for Restructuring,20748000.0,False,2023-01-01,2023-12-31,365,,usd,-3
AKAM_10K_20241231,RestructuringReserveTranslationAndOtherAdjustment,us-gaap,"Restructuring Reserve, Translation and Other Adjustment",0.0,False,2023-01-01,2023-12-31,365,RestructuringPlanAxis=Q32024ActionPlanMember,usd,-3
AKAM_10K_20241231,RestructuringReserveTranslationAndOtherAdjustment,us-gaap,"Restructuring Reserve, Translation and Other Adjustment",-51000.0,False,2023-01-01,2023-12-31,365,RestructuringPlanAxis=Q12023ActionPlanMember,usd,-3
AKAM_10K_20241231,RestructuringReserveTranslationAndOtherAdjustment,us-gaap,"Restructuring Reserve, Translation and Other Adjustment",0.0,False,2023-01-01,2023-12-31,365,RestructuringPlanAxis=GONETActionPlanMember,usd,-3
AKAM_10K_20241231,RestructuringReserveTranslationAndOtherAdjustment,us-gaap,"Restructuring Reserve, Translation and Other Adjustment",10000.0,False,2023-01-01,2023-12-31,365,RestructuringPlanAxis=AcquisitionsRelatedPlanMember,usd,-3
AKAM_10K_20241231,RestructuringReserveTranslationAndOtherAdjustment,us-gaap,"Restructuring Reserve, Translation and Other Adjustment",-41000.0,False,2023-01-01,2023-12-31,365,,usd,-3
AKAM_10K_20241231,RestructuringReserve,us-gaap,Restructuring Reserve,0.0,True,,2023-12-31,0,RestructuringPlanAxis=Q32024ActionPlanMember,usd,-3
AKAM_10K_20241231,RestructuringReserve,us-gaap,Restructuring Reserve,819000.0,True,,2023-12-31,0,RestructuringPlanAxis=Q12023ActionPlanMember,usd,-3
AKAM_10K_20241231,RestructuringReserve,us-gaap,Restructuring Reserve,0.0,True,,2023-12-31,0,RestructuringPlanAxis=GONETActionPlanMember,usd,-3
AKAM_10K_20241231,RestructuringReserve,us-gaap,Restructuring Reserve,18000.0,True,,2023-12-31,0,RestructuringPlanAxis=AcquisitionsRelatedPlanMember,usd,-3
AKAM_10K_20241231,RestructuringReserve,us-gaap,Restructuring Reserve,837000.0,True,,2023-12-31,0,,usd,-3
AKAM_10K_20241231,RestructuringReserveAccrualAdjustment1,us-gaap,"Restructuring Reserve, Accrual Adjustment",34447000.0,False,2024-01-01,2024-12-31,366,RestructuringPlanAxis=Q32024ActionPlanMember,usd,-3
AKAM_10K_20241231,RestructuringReserveAccrualAdjustment1,us-gaap,"Restructuring Reserve, Accrual Adjustment",0.0,False,2024-01-01,2024-12-31,366,RestructuringPlanAxis=Q12023ActionPlanMember,usd,-3
AKAM_10K_20241231,RestructuringReserveAccrualAdjustment1,us-gaap,"Restructuring Reserve, Accrual Adjustment",0.0,False,2024-01-01,2024-12-31,366,RestructuringPlanAxis=GONETActionPlanMember,usd,-3
AKAM_10K_20241231,RestructuringReserveAccrualAdjustment1,us-gaap,"Restructuring Reserve, Accrual Adjustment",2360000.0,False,2024-01-01,2024-12-31,366,RestructuringPlanAxis=AcquisitionsRelatedPlanMember,usd,-3
AKAM_10K_20241231,RestructuringReserveAccrualAdjustment1,us-gaap,"Restructuring Reserve, Accrual Adjustment",36807000.0,False,2024-01-01,2024-12-31,366,,usd,-3
AKAM_10K_20241231,PaymentsForRestructuring,us-gaap,Payments for Restructuring,9326000.0,False,2024-01-01,2024-12-31,366,RestructuringPlanAxis=Q32024ActionPlanMember,usd,-3
AKAM_10K_20241231,PaymentsForRestructuring,us-gaap,Payments for Restructuring,60000.0,False,2024-01-01,2024-12-31,366,RestructuringPlanAxis=Q12023ActionPlanMember,usd,-3
AKAM_10K_20241231,PaymentsForRestructuring,us-gaap,Payments for Restructuring,0.0,False,2024-01-01,2024-12-31,366,RestructuringPlanAxis=GONETActionPlanMember,usd,-3
AKAM_10K_20241231,PaymentsForRestructuring,us-gaap,Payments for Restructuring,1394000.0,False,2024-01-01,2024-12-31,366,RestructuringPlanAxis=AcquisitionsRelatedPlanMember,usd,-3
AKAM_10K_20241231,PaymentsForRestructuring,us-gaap,Payments for Restructuring,10780000.0,False,2024-01-01,2024-12-31,366,,usd,-3
AKAM_10K_20241231,RestructuringReserveTranslationAndOtherAdjustment,us-gaap,"Restructuring Reserve, Translation and Other Adjustment",-515000.0,False,2024-01-01,2024-12-31,366,RestructuringPlanAxis=Q32024ActionPlanMember,usd,-3
AKAM_10K_20241231,RestructuringReserveTranslationAndOtherAdjustment,us-gaap,"Restructuring Reserve, Translation and Other Adjustment",-1000.0,False,2024-01-01,2024-12-31,366,RestructuringPlanAxis=Q12023ActionPlanMember,usd,-3
AKAM_10K_20241231,RestructuringReserveTranslationAndOtherAdjustment,us-gaap,"Restructuring Reserve, Translation and Other Adjustment",0.0,False,2024-01-01,2024-12-31,366,RestructuringPlanAxis=GONETActionPlanMember,usd,-3
AKAM_10K_20241231,RestructuringReserveTranslationAndOtherAdjustment,us-gaap,"Restructuring Reserve, Translation and Other Adjustment",3000.0,False,2024-01-01,2024-12-31,366,RestructuringPlanAxis=AcquisitionsRelatedPlanMember,usd,-3
AKAM_10K_20241231,RestructuringReserveTranslationAndOtherAdjustment,us-gaap,"Restructuring Reserve, Translation and Other Adjustment",-513000.0,False,2024-01-01,2024-12-31,366,,usd,-3
AKAM_10K_20241231,RestructuringReserve,us-gaap,Restructuring Reserve,24606000.0,True,,2024-12-31,0,RestructuringPlanAxis=Q32024ActionPlanMember,usd,-3
AKAM_10K_20241231,RestructuringReserve,us-gaap,Restructuring Reserve,758000.0,True,,2024-12-31,0,RestructuringPlanAxis=Q12023ActionPlanMember,usd,-3
AKAM_10K_20241231,RestructuringReserve,us-gaap,Restructuring Reserve,0.0,True,,2024-12-31,0,RestructuringPlanAxis=GONETActionPlanMember,usd,-3
AKAM_10K_20241231,RestructuringReserve,us-gaap,Restructuring Reserve,987000.0,True,,2024-12-31,0,RestructuringPlanAxis=AcquisitionsRelatedPlanMember,usd,-3
AKAM_10K_20241231,RestructuringReserve,us-gaap,Restructuring Reserve,26351000.0,True,,2024-12-31,0,,usd,-3
AKAM_10K_20241231,DebtInstrumentFaceAmount,us-gaap,"Debt Instrument, Face Amount",3565000000.0,True,,2024-12-31,0,DebtInstrumentAxis=ConvertibleNotesMember;LongtermDebtTypeAxis=ConvertibleDebtMember,usd,INF
AKAM_10K_20241231,DebtInstrumentFaceAmount,us-gaap,"Debt Instrument, Face Amount",1265000000.0,True,,2024-12-31,0,DebtInstrumentAxis=ConvertibleSeniorNotesDue2029Member;LongtermDebtTypeAxis=ConvertibleDebtMember,usd,INF
AKAM_10K_20241231,DebtInstrumentInterestRateStatedPercentage,us-gaap,"Debt Instrument, Interest Rate, Stated Percentage",0.01125,True,,2024-12-31,0,DebtInstrumentAxis=ConvertibleSeniorNotesDue2029Member;LongtermDebtTypeAxis=ConvertibleDebtMember,number,INF
AKAM_10K_20241231,DebtInstrumentInterestRateEffectivePercentage,us-gaap,"Debt Instrument, Interest Rate, Effective Percentage",0.01388,True,,2024-12-31,0,DebtInstrumentAxis=ConvertibleSeniorNotesDue2029Member;LongtermDebtTypeAxis=ConvertibleDebtMember,number,INF
AKAM_10K_20241231,DebtInstrumentFaceAmount,us-gaap,"Debt Instrument, Face Amount",1150000000.0,True,,2024-12-31,0,DebtInstrumentAxis=ConvertibleSeniorNotesDue2027Member;LongtermDebtTypeAxis=ConvertibleDebtMember,usd,INF
AKAM_10K_20241231,DebtInstrumentInterestRateStatedPercentage,us-gaap,"Debt Instrument, Interest Rate, Stated Percentage",0.00375,True,,2024-12-31,0,DebtInstrumentAxis=ConvertibleSeniorNotesDue2027Member;LongtermDebtTypeAxis=ConvertibleDebtMember,number,INF
AKAM_10K_20241231,DebtInstrumentInterestRateEffectivePercentage,us-gaap,"Debt Instrument, Interest Rate, Effective Percentage",0.00539,True,,2024-12-31,0,DebtInstrumentAxis=ConvertibleSeniorNotesDue2027Member;LongtermDebtTypeAxis=ConvertibleDebtMember,number,INF
AKAM_10K_20241231,DebtInstrumentFaceAmount,us-gaap,"Debt Instrument, Face Amount",1150000000.0,True,,2024-12-31,0,DebtInstrumentAxis=ConvertibleSeniorNotesDue2025Member;LongtermDebtTypeAxis=ConvertibleDebtMember,usd,INF
AKAM_10K_20241231,DebtInstrumentInterestRateStatedPercentage,us-gaap,"Debt Instrument, Interest Rate, Stated Percentage",0.00125,True,,2024-12-31,0,DebtInstrumentAxis=ConvertibleSeniorNotesDue2025Member;LongtermDebtTypeAxis=ConvertibleDebtMember,number,INF
AKAM_10K_20241231,DebtInstrumentInterestRateEffectivePercentage,us-gaap,"Debt Instrument, Interest Rate, Effective Percentage",0.0035,True,,2024-12-31,0,DebtInstrumentAxis=ConvertibleSeniorNotesDue2025Member;LongtermDebtTypeAxis=ConvertibleDebtMember,number,INF
AKAM_10K_20241231,DebtInstrumentConvertibleThresholdTradingDays,us-gaap,"Debt Instrument, Convertible, Threshold Trading Days",20.0,False,2024-01-01,2024-12-31,366,DebtInstrumentAxis=ConvertibleSeniorNotesDue2025Member;DebtInstrumentConvertibleTermsOfConversionAxis=DebtConversionTermsOneMember;LongtermDebtTypeAxis=ConvertibleDebtMember,day,INF
AKAM_10K_20241231,DebtInstrumentConvertibleThresholdTradingDays,us-gaap,"Debt Instrument, Convertible, Threshold Trading Days",20.0,False,2024-01-01,2024-12-31,366,DebtInstrumentAxis=ConvertibleSeniorNotesDue2029Member;DebtInstrumentConvertibleTermsOfConversionAxis=DebtConversionTermsOneMember;LongtermDebtTypeAxis=ConvertibleDebtMember,day,INF
AKAM_10K_20241231,DebtInstrumentConvertibleThresholdTradingDays,us-gaap,"Debt Instrument, Convertible, Threshold Trading Days",20.0,False,2024-01-01,2024-12-31,366,DebtInstrumentAxis=ConvertibleSeniorNotesDue2027Member;DebtInstrumentConvertibleTermsOfConversionAxis=DebtConversionTermsOneMember;LongtermDebtTypeAxis=ConvertibleDebtMember,day,INF
AKAM_10K_20241231,DebtInstrumentConvertibleThresholdConsecutiveTradingDays1,us-gaap,"Debt Instrument, Convertible, Threshold Consecutive Trading Days",30.0,False,2024-01-01,2024-12-31,366,DebtInstrumentAxis=ConvertibleSeniorNotesDue2027Member;DebtInstrumentConvertibleTermsOfConversionAxis=DebtConversionTermsOneMember;LongtermDebtTypeAxis=ConvertibleDebtMember,day,INF
AKAM_10K_20241231,DebtInstrumentConvertibleThresholdConsecutiveTradingDays1,us-gaap,"Debt Instrument, Convertible, Threshold Consecutive Trading Days",30.0,False,2024-01-01,2024-12-31,366,DebtInstrumentAxis=ConvertibleSeniorNotesDue2029Member;DebtInstrumentConvertibleTermsOfConversionAxis=DebtConversionTermsOneMember;LongtermDebtTypeAxis=ConvertibleDebtMember,day,INF
AKAM_10K_20241231,DebtInstrumentConvertibleThresholdConsecutiveTradingDays1,us-gaap,"Debt Instrument, Convertible, Threshold Consecutive Trading Days",30.0,False,2024-01-01,2024-12-31,366,DebtInstrumentAxis=ConvertibleSeniorNotesDue2025Member;DebtInstrumentConvertibleTermsOfConversionAxis=DebtConversionTermsOneMember;LongtermDebtTypeAxis=ConvertibleDebtMember,day,INF
AKAM_10K_20241231,DebtInstrumentConvertibleThresholdPercentageOfStockPriceTrigger,us-gaap,"Debt Instrument, Convertible, Threshold Percentage of Stock Price Trigger",1.3,False,2024-01-01,2024-12-31,366,DebtInstrumentAxis=ConvertibleSeniorNotesDue2029Member;DebtInstrumentConvertibleTermsOfConversionAxis=DebtConversionTermsOneMember;LongtermDebtTypeAxis=ConvertibleDebtMember,number,INF
AKAM_10K_20241231,DebtInstrumentConvertibleThresholdPercentageOfStockPriceTrigger,us-gaap,"Debt Instrument, Convertible, Threshold Percentage of Stock Price Trigger",1.3,False,2024-01-01,2024-12-31,366,DebtInstrumentAxis=ConvertibleSeniorNotesDue2027Member;DebtInstrumentConvertibleTermsOfConversionAxis=DebtConversionTermsOneMember;LongtermDebtTypeAxis=ConvertibleDebtMember,number,INF
AKAM_10K_20241231,DebtInstrumentConvertibleThresholdPercentageOfStockPriceTrigger,us-gaap,"Debt Instrument, Convertible, Threshold Percentage of Stock Price Trigger",1.3,False,2024-01-01,2024-12-31,366,DebtInstrumentAxis=ConvertibleSeniorNotesDue2025Member;DebtInstrumentConvertibleTermsOfConversionAxis=DebtConversionTermsOneMember;LongtermDebtTypeAxis=ConvertibleDebtMember,number,INF
AKAM_10K_20241231,DebtInstrumentConvertibleThresholdPercentageOfStockPriceTrigger,us-gaap,"Debt Instrument, Convertible, Threshold Percentage of Stock Price Trigger",0.98,False,2024-01-01,2024-12-31,366,DebtInstrumentAxis=ConvertibleSeniorNotesDue2029Member;DebtInstrumentConvertibleTermsOfConversionAxis=DebtConversionTermsTwoMember;LongtermDebtTypeAxis=ConvertibleDebtMember,number,INF
AKAM_10K_20241231,DebtInstrumentConvertibleThresholdPercentageOfStockPriceTrigger,us-gaap,"Debt Instrument, Convertible, Threshold Percentage of Stock Price Trigger",0.98,False,2024-01-01,2024-12-31,366,DebtInstrumentAxis=ConvertibleSeniorNotesDue2027Member;DebtInstrumentConvertibleTermsOfConversionAxis=DebtConversionTermsTwoMember;LongtermDebtTypeAxis=ConvertibleDebtMember,number,INF
AKAM_10K_20241231,DebtInstrumentConvertibleThresholdPercentageOfStockPriceTrigger,us-gaap,"Debt Instrument, Convertible, Threshold Percentage of Stock Price Trigger",0.98,False,2024-01-01,2024-12-31,366,DebtInstrumentAxis=ConvertibleSeniorNotesDue2025Member;DebtInstrumentConvertibleTermsOfConversionAxis=DebtConversionTermsTwoMember;LongtermDebtTypeAxis=ConvertibleDebtMember,number,INF
AKAM_10K_20241231,DebtInstrumentRedemptionPricePercentage,us-gaap,"Debt Instrument, Redemption Price, Percentage",1.0,False,2024-01-01,2024-12-31,366,DebtInstrumentAxis=ConvertibleSeniorNotesDue2027Member;LongtermDebtTypeAxis=ConvertibleDebtMember,number,INF
AKAM_10K_20241231,DebtInstrumentRedemptionPricePercentage,us-gaap,"Debt Instrument, Redemption Price, Percentage",1.0,False,2024-01-01,2024-12-31,366,DebtInstrumentAxis=ConvertibleSeniorNotesDue2025Member;LongtermDebtTypeAxis=ConvertibleDebtMember,number,INF
AKAM_10K_20241231,DebtInstrumentRedemptionPricePercentage,us-gaap,"Debt Instrument, Redemption Price, Percentage",1.0,False,2024-01-01,2024-12-31,366,DebtInstrumentAxis=ConvertibleSeniorNotesDue2029Member;LongtermDebtTypeAxis=ConvertibleDebtMember,number,INF
AKAM_10K_20241231,DebtInstrumentConvertibleConversionPrice1,us-gaap,"Debt Instrument, Convertible, Conversion Price",126.31,True,,2024-12-31,0,DebtInstrumentAxis=ConvertibleSeniorNotesDue2029Member;LongtermDebtTypeAxis=ConvertibleDebtMember,usdPerShare,2
AKAM_10K_20241231,DebtInstrumentConvertibleConversionPrice1,us-gaap,"Debt Instrument, Convertible, Conversion Price",116.18,True,,2024-12-31,0,DebtInstrumentAxis=ConvertibleSeniorNotesDue2027Member;LongtermDebtTypeAxis=ConvertibleDebtMember,usdPerShare,2
AKAM_10K_20241231,DebtInstrumentConvertibleConversionPrice1,us-gaap,"Debt Instrument, Convertible, Conversion Price",95.1,True,,2024-12-31,0,DebtInstrumentAxis=ConvertibleSeniorNotesDue2025Member;LongtermDebtTypeAxis=ConvertibleDebtMember,usdPerShare,2
AKAM_10K_20241231,DebtInstrumentFaceAmount,us-gaap,"Debt Instrument, Face Amount",3565000000.0,True,,2024-12-31,0,LongtermDebtTypeAxis=ConvertibleDebtMember,usd,INF
AKAM_10K_20241231,DebtInstrumentUnamortizedDiscountPremiumAndDebtIssuanceCostsNet,us-gaap,"Debt Instrument, Unamortized Discount (Premium) and Debt Issuance Costs, Net",13354000.0,True,,2024-12-31,0,DebtInstrumentAxis=ConvertibleSeniorNotesDue2029Member;LongtermDebtTypeAxis=ConvertibleDebtMember,usd,-3
AKAM_10K_20241231,DebtInstrumentUnamortizedDiscountPremiumAndDebtIssuanceCostsNet,us-gaap,"Debt Instrument, Unamortized Discount (Premium) and Debt Issuance Costs, Net",4951000.0,True,,2024-12-31,0,DebtInstrumentAxis=ConvertibleSeniorNotesDue2027Member;LongtermDebtTypeAxis=ConvertibleDebtMember,usd,-3
AKAM_10K_20241231,DebtInstrumentUnamortizedDiscountPremiumAndDebtIssuanceCostsNet,us-gaap,"Debt Instrument, Unamortized Discount (Premium) and Debt Issuance Costs, Net",884000.0,True,,2024-12-31,0,DebtInstrumentAxis=ConvertibleSeniorNotesDue2025Member;LongtermDebtTypeAxis=ConvertibleDebtMember,usd,-3
AKAM_10K_20241231,DebtInstrumentUnamortizedDiscountPremiumAndDebtIssuanceCostsNet,us-gaap,"Debt Instrument, Unamortized Discount (Premium) and Debt Issuance Costs, Net",19189000.0,True,,2024-12-31,0,LongtermDebtTypeAxis=ConvertibleDebtMember,usd,-3
AKAM_10K_20241231,LongTermDebt,us-gaap,Long-Term Debt,1251646000.0,True,,2024-12-31,0,DebtInstrumentAxis=ConvertibleSeniorNotesDue2029Member;LongtermDebtTypeAxis=ConvertibleDebtMember,usd,-3
AKAM_10K_20241231,LongTermDebt,us-gaap,Long-Term Debt,1145049000.0,True,,2024-12-31,0,DebtInstrumentAxis=ConvertibleSeniorNotesDue2027Member;LongtermDebtTypeAxis=ConvertibleDebtMember,usd,-3
AKAM_10K_20241231,LongTermDebt,us-gaap,Long-Term Debt,1149116000.0,True,,2024-12-31,0,DebtInstrumentAxis=ConvertibleSeniorNotesDue2025Member;LongtermDebtTypeAxis=ConvertibleDebtMember,usd,-3
AKAM_10K_20241231,LongTermDebt,us-gaap,Long-Term Debt,3545811000.0,True,,2024-12-31,0,LongtermDebtTypeAxis=ConvertibleDebtMember,usd,-3
AKAM_10K_20241231,LongTermDebtFairValue,us-gaap,"Long-Term Debt, Fair Value",1239068000.0,True,,2024-12-31,0,DebtInstrumentAxis=ConvertibleSeniorNotesDue2029Member;LongtermDebtTypeAxis=ConvertibleDebtMember,usd,-3
AKAM_10K_20241231,LongTermDebtFairValue,us-gaap,"Long-Term Debt, Fair Value",1155865000.0,True,,2024-12-31,0,DebtInstrumentAxis=ConvertibleSeniorNotesDue2027Member;LongtermDebtTypeAxis=ConvertibleDebtMember,usd,-3
AKAM_10K_20241231,LongTermDebtFairValue,us-gaap,"Long-Term Debt, Fair Value",1219345000.0,True,,2024-12-31,0,DebtInstrumentAxis=ConvertibleSeniorNotesDue2025Member;LongtermDebtTypeAxis=ConvertibleDebtMember,usd,-3
AKAM_10K_20241231,LongTermDebtFairValue,us-gaap,"Long-Term Debt, Fair Value",3614278000.0,True,,2024-12-31,0,LongtermDebtTypeAxis=ConvertibleDebtMember,usd,-3
AKAM_10K_20241231,DebtInstrumentFaceAmount,us-gaap,"Debt Instrument, Face Amount",1265000000.0,True,,2023-12-31,0,DebtInstrumentAxis=ConvertibleSeniorNotesDue2029Member;LongtermDebtTypeAxis=ConvertibleDebtMember,usd,INF
AKAM_10K_20241231,DebtInstrumentFaceAmount,us-gaap,"Debt Instrument, Face Amount",1150000000.0,True,,2023-12-31,0,DebtInstrumentAxis=ConvertibleSeniorNotesDue2027Member;LongtermDebtTypeAxis=ConvertibleDebtMember,usd,INF
AKAM_10K_20241231,DebtInstrumentFaceAmount,us-gaap,"Debt Instrument, Face Amount",1150000000.0,True,,2023-12-31,0,DebtInstrumentAxis=ConvertibleSeniorNotesDue2025Member;LongtermDebtTypeAxis=ConvertibleDebtMember,usd,INF
AKAM_10K_20241231,DebtInstrumentFaceAmount,us-gaap,"Debt Instrument, Face Amount",3565000000.0,True,,2023-12-31,0,LongtermDebtTypeAxis=ConvertibleDebtMember,usd,INF
AKAM_10K_20241231,DebtInstrumentUnamortizedDiscountPremiumAndDebtIssuanceCostsNet,us-gaap,"Debt Instrument, Unamortized Discount (Premium) and Debt Issuance Costs, Net",16478000.0,True,,2023-12-31,0,DebtInstrumentAxis=ConvertibleSeniorNotesDue2029Member;LongtermDebtTypeAxis=ConvertibleDebtMember,usd,-3
AKAM_10K_20241231,DebtInstrumentUnamortizedDiscountPremiumAndDebtIssuanceCostsNet,us-gaap,"Debt Instrument, Unamortized Discount (Premium) and Debt Issuance Costs, Net",6831000.0,True,,2023-12-31,0,DebtInstrumentAxis=ConvertibleSeniorNotesDue2027Member;LongtermDebtTypeAxis=ConvertibleDebtMember,usd,-3
AKAM_10K_20241231,DebtInstrumentUnamortizedDiscountPremiumAndDebtIssuanceCostsNet,us-gaap,"Debt Instrument, Unamortized Discount (Premium) and Debt Issuance Costs, Net",3462000.0,True,,2023-12-31,0,DebtInstrumentAxis=ConvertibleSeniorNotesDue2025Member;LongtermDebtTypeAxis=ConvertibleDebtMember,usd,-3
AKAM_10K_20241231,DebtInstrumentUnamortizedDiscountPremiumAndDebtIssuanceCostsNet,us-gaap,"Debt Instrument, Unamortized Discount (Premium) and Debt Issuance Costs, Net",26771000.0,True,,2023-12-31,0,LongtermDebtTypeAxis=ConvertibleDebtMember,usd,-3
AKAM_10K_20241231,LongTermDebt,us-gaap,Long-Term Debt,1248522000.0,True,,2023-12-31,0,DebtInstrumentAxis=ConvertibleSeniorNotesDue2029Member;LongtermDebtTypeAxis=ConvertibleDebtMember,usd,-3
AKAM_10K_20241231,LongTermDebt,us-gaap,Long-Term Debt,1143169000.0,True,,2023-12-31,0,DebtInstrumentAxis=ConvertibleSeniorNotesDue2027Member;LongtermDebtTypeAxis=ConvertibleDebtMember,usd,-3
AKAM_10K_20241231,LongTermDebt,us-gaap,Long-Term Debt,1146538000.0,True,,2023-12-31,0,DebtInstrumentAxis=ConvertibleSeniorNotesDue2025Member;LongtermDebtTypeAxis=ConvertibleDebtMember,usd,-3
AKAM_10K_20241231,LongTermDebt,us-gaap,Long-Term Debt,3538229000.0,True,,2023-12-31,0,LongtermDebtTypeAxis=ConvertibleDebtMember,usd,-3
AKAM_10K_20241231,LongTermDebtFairValue,us-gaap,"Long-Term Debt, Fair Value",1376915000.0,True,,2023-12-31,0,DebtInstrumentAxis=ConvertibleSeniorNotesDue2029Member;LongtermDebtTypeAxis=ConvertibleDebtMember,usd,-3
AKAM_10K_20241231,LongTermDebtFairValue,us-gaap,"Long-Term Debt, Fair Value",1289219000.0,True,,2023-12-31,0,DebtInstrumentAxis=ConvertibleSeniorNotesDue2027Member;LongtermDebtTypeAxis=ConvertibleDebtMember,usd,-3
AKAM_10K_20241231,LongTermDebtFairValue,us-gaap,"Long-Term Debt, Fair Value",1467274000.0,True,,2023-12-31,0,DebtInstrumentAxis=ConvertibleSeniorNotesDue2025Member;LongtermDebtTypeAxis=ConvertibleDebtMember,usd,-3
AKAM_10K_20241231,LongTermDebtFairValue,us-gaap,"Long-Term Debt, Fair Value",4133408000.0,True,,2023-12-31,0,LongtermDebtTypeAxis=ConvertibleDebtMember,usd,-3
AKAM_10K_20241231,PaymentsForHedgeFinancingActivities,us-gaap,"Payments for Hedge, Financing Activities",236555000.0,False,2024-01-01,2024-12-31,366,DebtInstrumentAxis=ConvertibleSeniorNotesDue2029Member;LongtermDebtTypeAxis=ConvertibleDebtMember,usd,-3
AKAM_10K_20241231,PaymentsForHedgeFinancingActivities,us-gaap,"Payments for Hedge, Financing Activities",312225000.0,False,2024-01-01,2024-12-31,366,DebtInstrumentAxis=ConvertibleSeniorNotesDue2027Member;LongtermDebtTypeAxis=ConvertibleDebtMember,usd,-3
AKAM_10K_20241231,PaymentsForHedgeFinancingActivities,us-gaap,"Payments for Hedge, Financing Activities",261740000.0,False,2024-01-01,2024-12-31,366,DebtInstrumentAxis=ConvertibleSeniorNotesDue2025Member;LongtermDebtTypeAxis=ConvertibleDebtMember,usd,-3
AKAM_10K_20241231,SharesCoveredByHedgeTransaction,akam,Shares Covered By Hedge Transaction,10015000.0,True,,2024-12-31,0,DebtInstrumentAxis=ConvertibleSeniorNotesDue2029Member;LongtermDebtTypeAxis=ConvertibleDebtMember,shares,-3
AKAM_10K_20241231,SharesCoveredByHedgeTransaction,akam,Shares Covered By Hedge Transaction,9898000.0,True,,2024-12-31,0,DebtInstrumentAxis=ConvertibleSeniorNotesDue2027Member;LongtermDebtTypeAxis=ConvertibleDebtMember,shares,-3
AKAM_10K_20241231,SharesCoveredByHedgeTransaction,akam,Shares Covered By Hedge Transaction,12093000.0,True,,2024-12-31,0,DebtInstrumentAxis=ConvertibleSeniorNotesDue2025Member;LongtermDebtTypeAxis=ConvertibleDebtMember,shares,-3
AKAM_10K_20241231,ClassOfWarrantOrRightOutstanding,us-gaap,"Class of Warrant or Right, Outstanding",10015000.0,True,,2024-12-31,0,DebtInstrumentAxis=ConvertibleSeniorNotesDue2029Member;LongtermDebtTypeAxis=ConvertibleDebtMember,shares,-3
AKAM_10K_20241231,ClassOfWarrantOrRightOutstanding,us-gaap,"Class of Warrant or Right, Outstanding",9898000.0,True,,2024-12-31,0,DebtInstrumentAxis=ConvertibleSeniorNotesDue2027Member;LongtermDebtTypeAxis=ConvertibleDebtMember,shares,-3
AKAM_10K_20241231,ClassOfWarrantOrRightOutstanding,us-gaap,"Class of Warrant or Right, Outstanding",12093000.0,True,,2024-12-31,0,DebtInstrumentAxis=ConvertibleSeniorNotesDue2025Member;LongtermDebtTypeAxis=ConvertibleDebtMember,shares,-3
AKAM_10K_20241231,ClassOfWarrantOrRightExercisePriceOfWarrantsOrRights1,us-gaap,"Class of Warrant or Right, Exercise Price of Warrants or Rights",180.44,True,,2024-12-31,0,DebtInstrumentAxis=ConvertibleSeniorNotesDue2029Member;LongtermDebtTypeAxis=ConvertibleDebtMember,usdPerShare,2
AKAM_10K_20241231,ClassOfWarrantOrRightExercisePriceOfWarrantsOrRights1,us-gaap,"Class of Warrant or Right, Exercise Price of Warrants or Rights",178.74,True,,2024-12-31,0,DebtInstrumentAxis=ConvertibleSeniorNotesDue2027Member;LongtermDebtTypeAxis=ConvertibleDebtMember,usdPerShare,2
AKAM_10K_20241231,ClassOfWarrantOrRightExercisePriceOfWarrantsOrRights1,us-gaap,"Class of Warrant or Right, Exercise Price of Warrants or Rights",149.18,True,,2024-12-31,0,DebtInstrumentAxis=ConvertibleSeniorNotesDue2025Member;LongtermDebtTypeAxis=ConvertibleDebtMember,usdPerShare,2
AKAM_10K_20241231,ProceedsFromIssuanceOfWarrants,us-gaap,Proceeds from Issuance of Warrants,90195000.0,False,2024-01-01,2024-12-31,366,DebtInstrumentAxis=ConvertibleSeniorNotesDue2029Member;LongtermDebtTypeAxis=ConvertibleDebtMember,usd,-3
AKAM_10K_20241231,ProceedsFromIssuanceOfWarrants,us-gaap,Proceeds from Issuance of Warrants,185150000.0,False,2024-01-01,2024-12-31,366,DebtInstrumentAxis=ConvertibleSeniorNotesDue2027Member;LongtermDebtTypeAxis=ConvertibleDebtMember,usd,-3
AKAM_10K_20241231,ProceedsFromIssuanceOfWarrants,us-gaap,Proceeds from Issuance of Warrants,119945000.0,False,2024-01-01,2024-12-31,366,DebtInstrumentAxis=ConvertibleSeniorNotesDue2025Member;LongtermDebtTypeAxis=ConvertibleDebtMember,usd,-3
AKAM_10K_20241231,LineOfCreditFacilityMaximumBorrowingCapacity,us-gaap,"Line of Credit Facility, Maximum Borrowing Capacity",500000000.0,True,,2022-11-30,0,CreditFacilityAxis=A2022CreditAgreementMember,usd,INF
AKAM_10K_20241231,LineOfCreditFacilityMaximumBorrowingCapacityIfIncreased,akam,"Line of Credit Facility, Maximum Borrowing Capacity If Increased",1000000000.0,True,,2022-11-30,0,CreditFacilityAxis=A2022CreditAgreementMember,usd,-8
AKAM_10K_20241231,DebtInstrumentBasisSpreadOnVariableRate1,us-gaap,"Debt Instrument, Basis Spread on Variable Rate",0.0075,False,2022-11-01,2022-11-30,30,CreditFacilityAxis=A2022CreditAgreementMember;RangeAxis=MinimumMember;VariableRateAxis=BenchmarkRateMember,number,INF
AKAM_10K_20241231,DebtInstrumentBasisSpreadOnVariableRate1,us-gaap,"Debt Instrument, Basis Spread on Variable Rate",0.01125,False,2022-11-01,2022-11-30,30,CreditFacilityAxis=A2022CreditAgreementMember;RangeAxis=MaximumMember;VariableRateAxis=BenchmarkRateMember,number,INF
AKAM_10K_20241231,DebtInstrumentBasisSpreadOnVariableRate1,us-gaap,"Debt Instrument, Basis Spread on Variable Rate",0.0075,False,2022-11-01,2022-11-30,30,CreditFacilityAxis=A2022CreditAgreementMember;RangeAxis=MinimumMember;VariableRateAxis=ReferenceRateMember,number,INF
AKAM_10K_20241231,DebtInstrumentBasisSpreadOnVariableRate1,us-gaap,"Debt Instrument, Basis Spread on Variable Rate",0.01125,False,2022-11-01,2022-11-30,30,CreditFacilityAxis=A2022CreditAgreementMember;RangeAxis=MaximumMember;VariableRateAxis=ReferenceRateMember,number,INF
AKAM_10K_20241231,DebtInstrumentBasisSpreadOnVariableRate1,us-gaap,"Debt Instrument, Basis Spread on Variable Rate",0.0,False,2022-11-01,2022-11-30,30,CreditFacilityAxis=A2022CreditAgreementMember;RangeAxis=MinimumMember;VariableRateAxis=BaseRateMember,number,INF
AKAM_10K_20241231,DebtInstrumentBasisSpreadOnVariableRate1,us-gaap,"Debt Instrument, Basis Spread on Variable Rate",0.00125,False,2022-11-01,2022-11-30,30,CreditFacilityAxis=A2022CreditAgreementMember;RangeAxis=MaximumMember;VariableRateAxis=BaseRateMember,number,INF
AKAM_10K_20241231,LineOfCreditFacilityUnusedCapacityCommitmentFeePercentage,us-gaap,"Line of Credit Facility, Unused Capacity, Commitment Fee Percentage",0.0007,False,2022-11-01,2022-11-30,30,CreditFacilityAxis=A2022CreditAgreementMember;RangeAxis=MinimumMember,number,INF
AKAM_10K_20241231,LineOfCreditFacilityUnusedCapacityCommitmentFeePercentage,us-gaap,"Line of Credit Facility, Unused Capacity, Commitment Fee Percentage",0.00125,False,2022-11-01,2022-11-30,30,CreditFacilityAxis=A2022CreditAgreementMember;RangeAxis=MaximumMember,number,INF
AKAM_10K_20241231,LineOfCredit,us-gaap,Long-Term Line of Credit,0.0,True,,2024-12-31,0,CreditFacilityAxis=A2024CreditAgreementMember,usd,INF
AKAM_10K_20241231,LineOfCreditFacilityMaximumBorrowingCapacity,us-gaap,"Line of Credit Facility, Maximum Borrowing Capacity",150000000.0,True,,2025-01-31,0,CreditFacilityAxis=A2025CreditAgreementMember;SubsequentEventTypeAxis=SubsequentEventMember,usd,INF
AKAM_10K_20241231,AmortizationOfDebtIssuanceCostsIncludingCapitalizedInterest,akam,"Amortization Of Debt Issuance Costs, Including Capitalized Interest",7802000.0,False,2024-01-01,2024-12-31,366,,usd,-3
AKAM_10K_20241231,AmortizationOfDebtIssuanceCostsIncludingCapitalizedInterest,akam,"Amortization Of Debt Issuance Costs, Including Capitalized Interest",5803000.0,False,2023-01-01,2023-12-31,365,,usd,-3
AKAM_10K_20241231,AmortizationOfDebtIssuanceCostsIncludingCapitalizedInterest,akam,"Amortization Of Debt Issuance Costs, Including Capitalized Interest",4688000.0,False,2022-01-01,2022-12-31,365,,usd,-3
AKAM_10K_20241231,DebtInstrumentIncreaseAccruedInterest,us-gaap,"Debt Instrument, Increase, Accrued Interest",14232000.0,False,2024-01-01,2024-12-31,366,DebtInstrumentAxis=ConvertibleSeniorNotesDue2029Member;LongtermDebtTypeAxis=ConvertibleDebtMember,usd,-3
AKAM_10K_20241231,DebtInstrumentIncreaseAccruedInterest,us-gaap,"Debt Instrument, Increase, Accrued Interest",5218000.0,False,2023-01-01,2023-12-31,365,DebtInstrumentAxis=ConvertibleSeniorNotesDue2029Member;LongtermDebtTypeAxis=ConvertibleDebtMember,usd,-3
AKAM_10K_20241231,DebtInstrumentIncreaseAccruedInterest,us-gaap,"Debt Instrument, Increase, Accrued Interest",0.0,False,2022-01-01,2022-12-31,365,DebtInstrumentAxis=ConvertibleSeniorNotesDue2029Member;LongtermDebtTypeAxis=ConvertibleDebtMember,usd,-3
AKAM_10K_20241231,DebtInstrumentIncreaseAccruedInterest,us-gaap,"Debt Instrument, Increase, Accrued Interest",4312000.0,False,2024-01-01,2024-12-31,366,DebtInstrumentAxis=ConvertibleSeniorNotesDue2027Member;LongtermDebtTypeAxis=ConvertibleDebtMember,usd,-3
AKAM_10K_20241231,DebtInstrumentIncreaseAccruedInterest,us-gaap,"Debt Instrument, Increase, Accrued Interest",4312000.0,False,2023-01-01,2023-12-31,365,DebtInstrumentAxis=ConvertibleSeniorNotesDue2027Member;LongtermDebtTypeAxis=ConvertibleDebtMember,usd,-3
AKAM_10K_20241231,DebtInstrumentIncreaseAccruedInterest,us-gaap,"Debt Instrument, Increase, Accrued Interest",4312000.0,False,2022-01-01,2022-12-31,365,DebtInstrumentAxis=ConvertibleSeniorNotesDue2027Member;LongtermDebtTypeAxis=ConvertibleDebtMember,usd,-3
AKAM_10K_20241231,DebtInstrumentIncreaseAccruedInterest,us-gaap,"Debt Instrument, Increase, Accrued Interest",1436000.0,False,2024-01-01,2024-12-31,366,DebtInstrumentAxis=ConvertibleSeniorNotesDue2025Member;LongtermDebtTypeAxis=ConvertibleDebtMember,usd,-3
AKAM_10K_20241231,DebtInstrumentIncreaseAccruedInterest,us-gaap,"Debt Instrument, Increase, Accrued Interest",1436000.0,False,2023-01-01,2023-12-31,365,DebtInstrumentAxis=ConvertibleSeniorNotesDue2025Member;LongtermDebtTypeAxis=ConvertibleDebtMember,usd,-3
AKAM_10K_20241231,DebtInstrumentIncreaseAccruedInterest,us-gaap,"Debt Instrument, Increase, Accrued Interest",1437000.0,False,2022-01-01,2022-12-31,365,DebtInstrumentAxis=ConvertibleSeniorNotesDue2025Member;LongtermDebtTypeAxis=ConvertibleDebtMember,usd,-3
AKAM_10K_20241231,DebtInstrumentIncreaseAccruedInterest,us-gaap,"Debt Instrument, Increase, Accrued Interest",616000.0,False,2024-01-01,2024-12-31,366,CreditFacilityAxis=RevolvingCreditFacilityMember,usd,-3
AKAM_10K_20241231,DebtInstrumentIncreaseAccruedInterest,us-gaap,"Debt Instrument, Increase, Accrued Interest",1402000.0,False,2023-01-01,2023-12-31,365,CreditFacilityAxis=RevolvingCreditFacilityMember,usd,-3
AKAM_10K_20241231,DebtInstrumentIncreaseAccruedInterest,us-gaap,"Debt Instrument, Increase, Accrued Interest",952000.0,False,2022-01-01,2022-12-31,365,CreditFacilityAxis=RevolvingCreditFacilityMember,usd,-3
AKAM_10K_20241231,InterestCostsCapitalizedAdjustment,us-gaap,Interest Costs Capitalized Adjustment,1281000.0,False,2024-01-01,2024-12-31,366,,usd,-3
AKAM_10K_20241231,InterestCostsCapitalizedAdjustment,us-gaap,Interest Costs Capitalized Adjustment,462000.0,False,2023-01-01,2023-12-31,365,,usd,-3
AKAM_10K_20241231,InterestCostsCapitalizedAdjustment,us-gaap,Interest Costs Capitalized Adjustment,293000.0,False,2022-01-01,2022-12-31,365,,usd,-3
AKAM_10K_20241231,InterestExpenseDebt,us-gaap,"Interest Expense, Debt",27117000.0,False,2024-01-01,2024-12-31,366,,usd,-3
AKAM_10K_20241231,InterestExpenseDebt,us-gaap,"Interest Expense, Debt",17709000.0,False,2023-01-01,2023-12-31,365,,usd,-3
AKAM_10K_20241231,InterestExpenseDebt,us-gaap,"Interest Expense, Debt",11096000.0,False,2022-01-01,2022-12-31,365,,usd,-3
AKAM_10K_20241231,OperatingLeaseCost,us-gaap,"Operating Lease, Cost",67757000.0,False,2024-01-01,2024-12-31,366,LeaseArrangementsAxis=RealEstateArrangementsMember,usd,-3
AKAM_10K_20241231,OperatingLeaseCost,us-gaap,"Operating Lease, Cost",225145000.0,False,2024-01-01,2024-12-31,366,LeaseArrangementsAxis=ColocationArrangementsMember,usd,-3
AKAM_10K_20241231,OperatingLeaseCost,us-gaap,"Operating Lease, Cost",292902000.0,False,2024-01-01,2024-12-31,366,,usd,-3
AKAM_10K_20241231,ShortTermLeaseCost,us-gaap,"Short-Term Lease, Cost",660000.0,False,2024-01-01,2024-12-31,366,LeaseArrangementsAxis=RealEstateArrangementsMember,usd,-3
AKAM_10K_20241231,ShortTermLeaseCost,us-gaap,"Short-Term Lease, Cost",25288000.0,False,2024-01-01,2024-12-31,366,LeaseArrangementsAxis=ColocationArrangementsMember,usd,-3
AKAM_10K_20241231,ShortTermLeaseCost,us-gaap,"Short-Term Lease, Cost",25948000.0,False,2024-01-01,2024-12-31,366,,usd,-3
AKAM_10K_20241231,VariableLeaseCost,us-gaap,"Variable Lease, Cost",26122000.0,False,2024-01-01,2024-12-31,366,LeaseArrangementsAxis=RealEstateArrangementsMember,usd,-3
AKAM_10K_20241231,VariableLeaseCost,us-gaap,"Variable Lease, Cost",67728000.0,False,2024-01-01,2024-12-31,366,LeaseArrangementsAxis=ColocationArrangementsMember,usd,-3
AKAM_10K_20241231,VariableLeaseCost,us-gaap,"Variable Lease, Cost",93850000.0,False,2024-01-01,2024-12-31,366,,usd,-3
AKAM_10K_20241231,SubleaseIncome,us-gaap,Sublease Income,31722000.0,False,2024-01-01,2024-12-31,366,LeaseArrangementsAxis=RealEstateArrangementsMember,usd,-3
AKAM_10K_20241231,SubleaseIncome,us-gaap,Sublease Income,0.0,False,2024-01-01,2024-12-31,366,LeaseArrangementsAxis=ColocationArrangementsMember,usd,-3
AKAM_10K_20241231,SubleaseIncome,us-gaap,Sublease Income,31722000.0,False,2024-01-01,2024-12-31,366,,usd,-3
AKAM_10K_20241231,LeaseCost,us-gaap,"Lease, Cost",62817000.0,False,2024-01-01,2024-12-31,366,LeaseArrangementsAxis=RealEstateArrangementsMember,usd,-3
AKAM_10K_20241231,LeaseCost,us-gaap,"Lease, Cost",318161000.0,False,2024-01-01,2024-12-31,366,LeaseArrangementsAxis=ColocationArrangementsMember,usd,-3
AKAM_10K_20241231,LeaseCost,us-gaap,"Lease, Cost",380978000.0,False,2024-01-01,2024-12-31,366,,usd,-3
AKAM_10K_20241231,OperatingLeaseCost,us-gaap,"Operating Lease, Cost",74054000.0,False,2023-01-01,2023-12-31,365,LeaseArrangementsAxis=RealEstateArrangementsMember,usd,-3
AKAM_10K_20241231,OperatingLeaseCost,us-gaap,"Operating Lease, Cost",179552000.0,False,2023-01-01,2023-12-31,365,LeaseArrangementsAxis=ColocationArrangementsMember,usd,-3
AKAM_10K_20241231,OperatingLeaseCost,us-gaap,"Operating Lease, Cost",253606000.0,False,2023-01-01,2023-12-31,365,,usd,-3
AKAM_10K_20241231,ShortTermLeaseCost,us-gaap,"Short-Term Lease, Cost",133000.0,False,2023-01-01,2023-12-31,365,LeaseArrangementsAxis=RealEstateArrangementsMember,usd,-3
AKAM_10K_20241231,ShortTermLeaseCost,us-gaap,"Short-Term Lease, Cost",23565000.0,False,2023-01-01,2023-12-31,365,LeaseArrangementsAxis=ColocationArrangementsMember,usd,-3
AKAM_10K_20241231,ShortTermLeaseCost,us-gaap,"Short-Term Lease, Cost",23698000.0,False,2023-01-01,2023-12-31,365,,usd,-3
AKAM_10K_20241231,VariableLeaseCost,us-gaap,"Variable Lease, Cost",25860000.0,False,2023-01-01,2023-12-31,365,LeaseArrangementsAxis=RealEstateArrangementsMember,usd,-3
AKAM_10K_20241231,VariableLeaseCost,us-gaap,"Variable Lease, Cost",62084000.0,False,2023-01-01,2023-12-31,365,LeaseArrangementsAxis=ColocationArrangementsMember,usd,-3
AKAM_10K_20241231,VariableLeaseCost,us-gaap,"Variable Lease, Cost",87944000.0,False,2023-01-01,2023-12-31,365,,usd,-3
AKAM_10K_20241231,SubleaseIncome,us-gaap,Sublease Income,32024000.0,False,2023-01-01,2023-12-31,365,LeaseArrangementsAxis=RealEstateArrangementsMember,usd,-3
AKAM_10K_20241231,SubleaseIncome,us-gaap,Sublease Income,0.0,False,2023-01-01,2023-12-31,365,LeaseArrangementsAxis=ColocationArrangementsMember,usd,-3
AKAM_10K_20241231,SubleaseIncome,us-gaap,Sublease Income,32024000.0,False,2023-01-01,2023-12-31,365,,usd,-3
AKAM_10K_20241231,LeaseCost,us-gaap,"Lease, Cost",68023000.0,False,2023-01-01,2023-12-31,365,LeaseArrangementsAxis=RealEstateArrangementsMember,usd,-3
AKAM_10K_20241231,LeaseCost,us-gaap,"Lease, Cost",265201000.0,False,2023-01-01,2023-12-31,365,LeaseArrangementsAxis=ColocationArrangementsMember,usd,-3
AKAM_10K_20241231,LeaseCost,us-gaap,"Lease, Cost",333224000.0,False,2023-01-01,2023-12-31,365,,usd,-3
AKAM_10K_20241231,OperatingLeaseCost,us-gaap,"Operating Lease, Cost",82761000.0,False,2022-01-01,2022-12-31,365,LeaseArrangementsAxis=RealEstateArrangementsMember,usd,-3
AKAM_10K_20241231,OperatingLeaseCost,us-gaap,"Operating Lease, Cost",152215000.0,False,2022-01-01,2022-12-31,365,LeaseArrangementsAxis=ColocationArrangementsMember,usd,-3
AKAM_10K_20241231,OperatingLeaseCost,us-gaap,"Operating Lease, Cost",234976000.0,False,2022-01-01,2022-12-31,365,,usd,-3
AKAM_10K_20241231,ShortTermLeaseCost,us-gaap,"Short-Term Lease, Cost",52000.0,False,2022-01-01,2022-12-31,365,LeaseArrangementsAxis=RealEstateArrangementsMember,usd,-3
AKAM_10K_20241231,ShortTermLeaseCost,us-gaap,"Short-Term Lease, Cost",21741000.0,False,2022-01-01,2022-12-31,365,LeaseArrangementsAxis=ColocationArrangementsMember,usd,-3
AKAM_10K_20241231,ShortTermLeaseCost,us-gaap,"Short-Term Lease, Cost",21793000.0,False,2022-01-01,2022-12-31,365,,usd,-3
AKAM_10K_20241231,VariableLeaseCost,us-gaap,"Variable Lease, Cost",25167000.0,False,2022-01-01,2022-12-31,365,LeaseArrangementsAxis=RealEstateArrangementsMember,usd,-3
AKAM_10K_20241231,VariableLeaseCost,us-gaap,"Variable Lease, Cost",35025000.0,False,2022-01-01,2022-12-31,365,LeaseArrangementsAxis=ColocationArrangementsMember,usd,-3
AKAM_10K_20241231,VariableLeaseCost,us-gaap,"Variable Lease, Cost",60192000.0,False,2022-01-01,2022-12-31,365,,usd,-3
AKAM_10K_20241231,SubleaseIncome,us-gaap,Sublease Income,25743000.0,False,2022-01-01,2022-12-31,365,LeaseArrangementsAxis=RealEstateArrangementsMember,usd,-3
AKAM_10K_20241231,SubleaseIncome,us-gaap,Sublease Income,0.0,False,2022-01-01,2022-12-31,365,LeaseArrangementsAxis=ColocationArrangementsMember,usd,-3
AKAM_10K_20241231,SubleaseIncome,us-gaap,Sublease Income,25743000.0,False,2022-01-01,2022-12-31,365,,usd,-3
AKAM_10K_20241231,LeaseCost,us-gaap,"Lease, Cost",82237000.0,False,2022-01-01,2022-12-31,365,LeaseArrangementsAxis=RealEstateArrangementsMember,usd,-3
AKAM_10K_20241231,LeaseCost,us-gaap,"Lease, Cost",208981000.0,False,2022-01-01,2022-12-31,365,LeaseArrangementsAxis=ColocationArrangementsMember,usd,-3
AKAM_10K_20241231,LeaseCost,us-gaap,"Lease, Cost",291218000.0,False,2022-01-01,2022-12-31,365,,usd,-3
AKAM_10K_20241231,OperatingLeaseWeightedAverageDiscountRatePercent,us-gaap,"Operating Lease, Weighted Average Discount Rate, Percent",0.035,True,,2024-12-31,0,LeaseArrangementsAxis=RealEstateArrangementsMember,number,3
AKAM_10K_20241231,OperatingLeaseWeightedAverageDiscountRatePercent,us-gaap,"Operating Lease, Weighted Average Discount Rate, Percent",0.043,True,,2024-12-31,0,LeaseArrangementsAxis=ColocationArrangementsMember,number,3
AKAM_10K_20241231,OperatingLeaseWeightedAverageDiscountRatePercent,us-gaap,"Operating Lease, Weighted Average Discount Rate, Percent",0.035,True,,2023-12-31,0,LeaseArrangementsAxis=RealEstateArrangementsMember,number,3
AKAM_10K_20241231,OperatingLeaseWeightedAverageDiscountRatePercent,us-gaap,"Operating Lease, Weighted Average Discount Rate, Percent",0.042,True,,2023-12-31,0,LeaseArrangementsAxis=ColocationArrangementsMember,number,3
AKAM_10K_20241231,LesseeOperatingLeaseLiabilityPaymentsDueNextTwelveMonths,us-gaap,"Lessee, Operating Lease, Liability, to be Paid, Year One",67939000.0,True,,2024-12-31,0,LeaseArrangementsAxis=RealEstateArrangementsMember,usd,-3
AKAM_10K_20241231,LesseeOperatingLeaseLiabilityPaymentsDueNextTwelveMonths,us-gaap,"Lessee, Operating Lease, Liability, to be Paid, Year One",195152000.0,True,,2024-12-31,0,LeaseArrangementsAxis=ColocationArrangementsMember,usd,-3
AKAM_10K_20241231,LesseeOperatingLeaseLiabilityPaymentsDueYearTwo,us-gaap,"Lessee, Operating Lease, Liability, to be Paid, Year Two",67334000.0,True,,2024-12-31,0,LeaseArrangementsAxis=RealEstateArrangementsMember,usd,-3
AKAM_10K_20241231,LesseeOperatingLeaseLiabilityPaymentsDueYearTwo,us-gaap,"Lessee, Operating Lease, Liability, to be Paid, Year Two",134556000.0,True,,2024-12-31,0,LeaseArrangementsAxis=ColocationArrangementsMember,usd,-3
AKAM_10K_20241231,LesseeOperatingLeaseLiabilityPaymentsDueYearThree,us-gaap,"Lessee, Operating Lease, Liability, to be Paid, Year Three",61036000.0,True,,2024-12-31,0,LeaseArrangementsAxis=RealEstateArrangementsMember,usd,-3
AKAM_10K_20241231,LesseeOperatingLeaseLiabilityPaymentsDueYearThree,us-gaap,"Lessee, Operating Lease, Liability, to be Paid, Year Three",113227000.0,True,,2024-12-31,0,LeaseArrangementsAxis=ColocationArrangementsMember,usd,-3
AKAM_10K_20241231,LesseeOperatingLeaseLiabilityPaymentsDueYearFour,us-gaap,"Lessee, Operating Lease, Liability, to be Paid, Year Four",56355000.0,True,,2024-12-31,0,LeaseArrangementsAxis=RealEstateArrangementsMember,usd,-3
AKAM_10K_20241231,LesseeOperatingLeaseLiabilityPaymentsDueYearFour,us-gaap,"Lessee, Operating Lease, Liability, to be Paid, Year Four",80465000.0,True,,2024-12-31,0,LeaseArrangementsAxis=ColocationArrangementsMember,usd,-3
AKAM_10K_20241231,LesseeOperatingLeaseLiabilityPaymentsDueYearFive,us-gaap,"Lessee, Operating Lease, Liability, to be Paid, Year Five",54556000.0,True,,2024-12-31,0,LeaseArrangementsAxis=RealEstateArrangementsMember,usd,-3
AKAM_10K_20241231,LesseeOperatingLeaseLiabilityPaymentsDueYearFive,us-gaap,"Lessee, Operating Lease, Liability, to be Paid, Year Five",66100000.0,True,,2024-12-31,0,LeaseArrangementsAxis=ColocationArrangementsMember,usd,-3
AKAM_10K_20241231,LesseeOperatingLeaseLiabilityPaymentsDueAfterYearFive,us-gaap,"Lessee, Operating Lease, Liability, to be Paid, after Year Five",261818000.0,True,,2024-12-31,0,LeaseArrangementsAxis=RealEstateArrangementsMember,usd,-3
AKAM_10K_20241231,LesseeOperatingLeaseLiabilityPaymentsDueAfterYearFive,us-gaap,"Lessee, Operating Lease, Liability, to be Paid, after Year Five",73094000.0,True,,2024-12-31,0,LeaseArrangementsAxis=ColocationArrangementsMember,usd,-3
AKAM_10K_20241231,LesseeOperatingLeaseLiabilityPaymentsDue,us-gaap,"Lessee, Operating Lease, Liability, to be Paid",569038000.0,True,,2024-12-31,0,LeaseArrangementsAxis=RealEstateArrangementsMember,usd,-3
AKAM_10K_20241231,LesseeOperatingLeaseLiabilityPaymentsDue,us-gaap,"Lessee, Operating Lease, Liability, to be Paid",662594000.0,True,,2024-12-31,0,LeaseArrangementsAxis=ColocationArrangementsMember,usd,-3
AKAM_10K_20241231,LesseeOperatingLeaseLiabilityUndiscountedExcessAmount,us-gaap,"Lessee, Operating Lease, Liability, Undiscounted Excess Amount",81745000.0,True,,2024-12-31,0,LeaseArrangementsAxis=RealEstateArrangementsMember,usd,-3
AKAM_10K_20241231,LesseeOperatingLeaseLiabilityUndiscountedExcessAmount,us-gaap,"Lessee, Operating Lease, Liability, Undiscounted Excess Amount",61093000.0,True,,2024-12-31,0,LeaseArrangementsAxis=ColocationArrangementsMember,usd,-3
AKAM_10K_20241231,OperatingLeaseLiability,us-gaap,"Operating Lease, Liability",487293000.0,True,,2024-12-31,0,LeaseArrangementsAxis=RealEstateArrangementsMember,usd,-3
AKAM_10K_20241231,OperatingLeaseLiability,us-gaap,"Operating Lease, Liability",601501000.0,True,,2024-12-31,0,LeaseArrangementsAxis=ColocationArrangementsMember,usd,-3
AKAM_10K_20241231,LessorOperatingLeasePaymentsToBeReceived,us-gaap,"Lessor, Operating Lease, Payment to be Received",182500000.0,True,,2024-12-31,0,,usd,-5
AKAM_10K_20241231,UnrecordedUnconditionalPurchaseObligationBalanceSheetAmount,us-gaap,Unrecorded Unconditional Purchase Obligation,197000000.0,True,,2024-12-31,0,,usd,-5
AKAM_10K_20241231,UnrecordedUnconditionalPurchaseObligationBalanceSheetAmount,us-gaap,Unrecorded Unconditional Purchase Obligation,750000000.0,True,,2024-12-31,0,LeaseContractualTermAxis=TwelveYearLeaseTermMember,usd,-5
AKAM_10K_20241231,LetterOfCreditRealEstateLeases,akam,Letter Of Credit Real Estate Leases,4000000.0,False,2024-01-01,2024-12-31,366,,usd,-5
AKAM_10K_20241231,StockRepurchaseProgramAuthorizedAmount1,srt,"Share Repurchase Program, Authorized, Amount",1800000000.0,True,,2021-10-31,0,,usd,-8
AKAM_10K_20241231,StockRepurchaseProgramAuthorizedAmount1,srt,"Share Repurchase Program, Authorized, Amount",2000000000.0,True,,2024-05-31,0,,usd,-8
AKAM_10K_20241231,TreasuryStockValueAcquiredCostMethod,us-gaap,"Treasury Stock, Value, Acquired, Cost Method",557468000.0,False,2024-01-01,2024-12-31,366,StatementClassOfStockAxis=CommonStockMember,usd,-3
AKAM_10K_20241231,TreasuryStockValueAcquiredCostMethod,us-gaap,"Treasury Stock, Value, Acquired, Cost Method",654046000.0,False,2023-01-01,2023-12-31,365,StatementClassOfStockAxis=CommonStockMember,usd,-3
AKAM_10K_20241231,TreasuryStockValueAcquiredCostMethod,us-gaap,"Treasury Stock, Value, Acquired, Cost Method",608010000.0,False,2022-01-01,2022-12-31,365,StatementClassOfStockAxis=CommonStockMember,usd,-3
AKAM_10K_20241231,TreasuryStockSharesAcquired,us-gaap,"Treasury Stock, Shares, Acquired",5623000.0,False,2024-01-01,2024-12-31,366,StatementClassOfStockAxis=CommonStockMember,shares,-3
AKAM_10K_20241231,TreasuryStockSharesAcquired,us-gaap,"Treasury Stock, Shares, Acquired",7802000.0,False,2023-01-01,2023-12-31,365,StatementClassOfStockAxis=CommonStockMember,shares,-3
AKAM_10K_20241231,TreasuryStockSharesAcquired,us-gaap,"Treasury Stock, Shares, Acquired",6403000.0,False,2022-01-01,2022-12-31,365,StatementClassOfStockAxis=CommonStockMember,shares,-3
AKAM_10K_20241231,StockRepurchaseProgramRemainingAuthorizedRepurchaseAmount1,us-gaap,"Share Repurchase Program, Remaining Authorized, Amount",2000000000.0,True,,2024-12-31,0,,usd,-8
AKAM_10K_20241231,StockholdersEquity,us-gaap,"Equity, Attributable to Parent",-116474000.0,True,,2022-12-31,0,StatementEquityComponentsAxis=AccumulatedTranslationAdjustmentMember,usd,-3
AKAM_10K_20241231,StockholdersEquity,us-gaap,"Equity, Attributable to Parent",-23858000.0,True,,2022-12-31,0,StatementEquityComponentsAxis=AccumulatedNetUnrealizedInvestmentGainLossMember,usd,-3
AKAM_10K_20241231,OtherComprehensiveIncomeLossNetOfTaxPortionAttributableToParent,us-gaap,"Other Comprehensive Income (Loss), Net of Tax, Portion Attributable to Parent",18439000.0,False,2023-01-01,2023-12-31,365,StatementEquityComponentsAxis=AccumulatedTranslationAdjustmentMember,usd,-3
AKAM_10K_20241231,OtherComprehensiveIncomeLossNetOfTaxPortionAttributableToParent,us-gaap,"Other Comprehensive Income (Loss), Net of Tax, Portion Attributable to Parent",26563000.0,False,2023-01-01,2023-12-31,365,StatementEquityComponentsAxis=AccumulatedNetUnrealizedInvestmentGainLossMember,usd,-3
AKAM_10K_20241231,StockholdersEquity,us-gaap,"Equity, Attributable to Parent",-98035000.0,True,,2023-12-31,0,StatementEquityComponentsAxis=AccumulatedTranslationAdjustmentMember,usd,-3
AKAM_10K_20241231,StockholdersEquity,us-gaap,"Equity, Attributable to Parent",2705000.0,True,,2023-12-31,0,StatementEquityComponentsAxis=AccumulatedNetUnrealizedInvestmentGainLossMember,usd,-3
AKAM_10K_20241231,OtherComprehensiveIncomeLossNetOfTaxPortionAttributableToParent,us-gaap,"Other Comprehensive Income (Loss), Net of Tax, Portion Attributable to Parent",-59064000.0,False,2024-01-01,2024-12-31,366,StatementEquityComponentsAxis=AccumulatedTranslationAdjustmentMember,usd,-3
AKAM_10K_20241231,OtherComprehensiveIncomeLossNetOfTaxPortionAttributableToParent,us-gaap,"Other Comprehensive Income (Loss), Net of Tax, Portion Attributable to Parent",-1599000.0,False,2024-01-01,2024-12-31,366,StatementEquityComponentsAxis=AccumulatedNetUnrealizedInvestmentGainLossMember,usd,-3
AKAM_10K_20241231,StockholdersEquity,us-gaap,"Equity, Attributable to Parent",-157099000.0,True,,2024-12-31,0,StatementEquityComponentsAxis=AccumulatedTranslationAdjustmentMember,usd,-3
AKAM_10K_20241231,StockholdersEquity,us-gaap,"Equity, Attributable to Parent",1106000.0,True,,2024-12-31,0,StatementEquityComponentsAxis=AccumulatedNetUnrealizedInvestmentGainLossMember,usd,-3
AKAM_10K_20241231,RevenueFromContractWithCustomerIncludingAssessedTax,us-gaap,"Revenue from Contract with Customer, Including Assessed Tax",2075533000.0,False,2024-01-01,2024-12-31,366,StatementGeographicalAxis=US,usd,-3
AKAM_10K_20241231,RevenueFromContractWithCustomerIncludingAssessedTax,us-gaap,"Revenue from Contract with Customer, Including Assessed Tax",1968779000.0,False,2023-01-01,2023-12-31,365,StatementGeographicalAxis=US,usd,-3
AKAM_10K_20241231,RevenueFromContractWithCustomerIncludingAssessedTax,us-gaap,"Revenue from Contract with Customer, Including Assessed Tax",1902051000.0,False,2022-01-01,2022-12-31,365,StatementGeographicalAxis=US,usd,-3
AKAM_10K_20241231,RevenueFromContractWithCustomerIncludingAssessedTax,us-gaap,"Revenue from Contract with Customer, Including Assessed Tax",1915635000.0,False,2024-01-01,2024-12-31,366,StatementGeographicalAxis=InternationalMember,usd,-3
AKAM_10K_20241231,RevenueFromContractWithCustomerIncludingAssessedTax,us-gaap,"Revenue from Contract with Customer, Including Assessed Tax",1843141000.0,False,2023-01-01,2023-12-31,365,StatementGeographicalAxis=InternationalMember,usd,-3
AKAM_10K_20241231,RevenueFromContractWithCustomerIncludingAssessedTax,us-gaap,"Revenue from Contract with Customer, Including Assessed Tax",1714603000.0,False,2022-01-01,2022-12-31,365,StatementGeographicalAxis=InternationalMember,usd,-3
AKAM_10K_20241231,RevenueFromContractWithCustomerIncludingAssessedTax,us-gaap,"Revenue from Contract with Customer, Including Assessed Tax",3991168000.0,False,2024-01-01,2024-12-31,366,,usd,-3
AKAM_10K_20241231,RevenueFromContractWithCustomerIncludingAssessedTax,us-gaap,"Revenue from Contract with Customer, Including Assessed Tax",3811920000.0,False,2023-01-01,2023-12-31,365,,usd,-3
AKAM_10K_20241231,RevenueFromContractWithCustomerIncludingAssessedTax,us-gaap,"Revenue from Contract with Customer, Including Assessed Tax",3616654000.0,False,2022-01-01,2022-12-31,365,,usd,-3
AKAM_10K_20241231,RevenueFromContractWithCustomerIncludingAssessedTax,us-gaap,"Revenue from Contract with Customer, Including Assessed Tax",2042661000.0,False,2024-01-01,2024-12-31,366,ContractWithCustomerSalesChannelAxis=SecurityMember,usd,-3
AKAM_10K_20241231,RevenueFromContractWithCustomerIncludingAssessedTax,us-gaap,"Revenue from Contract with Customer, Including Assessed Tax",1765267000.0,False,2023-01-01,2023-12-31,365,ContractWithCustomerSalesChannelAxis=SecurityMember,usd,-3
AKAM_10K_20241231,RevenueFromContractWithCustomerIncludingAssessedTax,us-gaap,"Revenue from Contract with Customer, Including Assessed Tax",1541941000.0,False,2022-01-01,2022-12-31,365,ContractWithCustomerSalesChannelAxis=SecurityMember,usd,-3
AKAM_10K_20241231,RevenueFromContractWithCustomerIncludingAssessedTax,us-gaap,"Revenue from Contract with Customer, Including Assessed Tax",1318131000.0,False,2024-01-01,2024-12-31,366,ContractWithCustomerSalesChannelAxis=DeliveryMember,usd,-3
AKAM_10K_20241231,RevenueFromContractWithCustomerIncludingAssessedTax,us-gaap,"Revenue from Contract with Customer, Including Assessed Tax",1542434000.0,False,2023-01-01,2023-12-31,365,ContractWithCustomerSalesChannelAxis=DeliveryMember,usd,-3
AKAM_10K_20241231,RevenueFromContractWithCustomerIncludingAssessedTax,us-gaap,"Revenue from Contract with Customer, Including Assessed Tax",1669257000.0,False,2022-01-01,2022-12-31,365,ContractWithCustomerSalesChannelAxis=DeliveryMember,usd,-3
AKAM_10K_20241231,RevenueFromContractWithCustomerIncludingAssessedTax,us-gaap,"Revenue from Contract with Customer, Including Assessed Tax",630376000.0,False,2024-01-01,2024-12-31,366,ContractWithCustomerSalesChannelAxis=ComputeMember,usd,-3
AKAM_10K_20241231,RevenueFromContractWithCustomerIncludingAssessedTax,us-gaap,"Revenue from Contract with Customer, Including Assessed Tax",504219000.0,False,2023-01-01,2023-12-31,365,ContractWithCustomerSalesChannelAxis=ComputeMember,usd,-3
AKAM_10K_20241231,RevenueFromContractWithCustomerIncludingAssessedTax,us-gaap,"Revenue from Contract with Customer, Including Assessed Tax",405456000.0,False,2022-01-01,2022-12-31,365,ContractWithCustomerSalesChannelAxis=ComputeMember,usd,-3
AKAM_10K_20241231,ContractWithCustomerLiabilityRevenueRecognized,us-gaap,"Contract with Customer, Liability, Revenue Recognized",109100000.0,False,2024-01-01,2024-12-31,366,,usd,-5
AKAM_10K_20241231,ContractWithCustomerLiabilityRevenueRecognized,us-gaap,"Contract with Customer, Liability, Revenue Recognized",105900000.0,False,2023-01-01,2023-12-31,365,,usd,-5
AKAM_10K_20241231,ContractWithCustomerLiabilityRevenueRecognized,us-gaap,"Contract with Customer, Liability, Revenue Recognized",105100000.0,False,2022-01-01,2022-12-31,365,,usd,-5
AKAM_10K_20241231,RevenueRemainingPerformanceObligation,us-gaap,"Revenue, Remaining Performance Obligation, Amount",4300000000.0,True,,2024-12-31,0,,usd,-8
AKAM_10K_20241231,RevenueRemainingPerformanceObligationPercentage,us-gaap,"Revenue, Remaining Performance Obligation, Percentage",0.6,True,,2024-12-31,0,,number,2
AKAM_10K_20241231,DefinedBenefitPlanContributionsByEmployer,us-gaap,"Defined Benefit Plan, Plan Assets, Contributions by Employer",19100000.0,False,2024-01-01,2024-12-31,366,,usd,-5
AKAM_10K_20241231,DefinedBenefitPlanContributionsByEmployer,us-gaap,"Defined Benefit Plan, Plan Assets, Contributions by Employer",19700000.0,False,2023-01-01,2023-12-31,365,,usd,-5
AKAM_10K_20241231,DefinedBenefitPlanContributionsByEmployer,us-gaap,"Defined Benefit Plan, Plan Assets, Contributions by Employer",18800000.0,False,2022-01-01,2022-12-31,365,,usd,-5
AKAM_10K_20241231,DeferredCompensationArrangementWithIndividualCompensationExpense,us-gaap,"Deferred Compensation Arrangement with Individual, Compensation Expense",26600000.0,False,2024-01-01,2024-12-31,366,,usd,-5
AKAM_10K_20241231,DeferredCompensationArrangementWithIndividualCompensationExpense,us-gaap,"Deferred Compensation Arrangement with Individual, Compensation Expense",22900000.0,False,2023-01-01,2023-12-31,365,,usd,-5
AKAM_10K_20241231,ShareBasedCompensationArrangementByShareBasedPaymentAwardNumberOfSharesAuthorized,us-gaap,"Share-Based Compensation Arrangement by Share-Based Payment Award, Number of Shares Authorized",38800000.0,True,,2024-12-31,0,PlanNameAxis=TwoThousandThirteenPlanMember,shares,-5
AKAM_10K_20241231,ShareBasedCompensationArrangementByShareBasedPaymentAwardNumberOfSharesAvailableForGrant,us-gaap,"Share-Based Compensation Arrangement by Share-Based Payment Award, Number of Shares Available for Grant",0.0,True,,2024-12-31,0,PlanNameAxis=TwoThousandThirteenPlanMember,shares,INF
AKAM_10K_20241231,CommonStockCapitalSharesReservedForFutureIssuance,us-gaap,"Common Stock, Capital Shares Reserved for Future Issuance",7600000.0,True,,2024-12-31,0,PlanNameAxis=TwoThousandThirteenPlanMember,shares,-5
AKAM_10K_20241231,MaximumAmountOfSharesAvailableForIssuance,akam,Maximum Amount Of Shares Available For Issuance,1500000.0,False,2024-01-01,2024-12-31,366,PlanNameAxis=NineteenNinetyNineEsppMember,shares,-5
AKAM_10K_20241231,AggregateMaximumAmountOfSharesAvailable,akam,Aggregate Maximum Amount Of Shares Available,20000000.0,False,2024-01-01,2024-12-31,366,PlanNameAxis=NineteenNinetyNineEsppMember,shares,-5
AKAM_10K_20241231,ShareBasedCompensationArrangementByShareBasedPaymentAwardDiscountFromMarketPricePurchaseDate,us-gaap,"Share-Based Compensation Arrangement by Share-Based Payment Award, Discount from Market Price, Purchase Date",0.15,False,2024-01-01,2024-12-31,366,PlanNameAxis=NineteenNinetyNineEsppMember,number,INF
AKAM_10K_20241231,ShareBasedCompensationArrangementByShareBasedPaymentAwardNumberOfSharesAvailableForGrant,us-gaap,"Share-Based Compensation Arrangement by Share-Based Payment Award, Number of Shares Available for Grant",1600000.0,True,,2024-12-31,0,PlanNameAxis=NineteenNinetyNineEsppMember,shares,-5
AKAM_10K_20241231,AllocatedShareBasedCompensationExpense,us-gaap,"Share-Based Payment Arrangement, Expense",61177000.0,False,2024-01-01,2024-12-31,366,IncomeStatementLocationAxis=CostOfSalesMember,usd,-3
AKAM_10K_20241231,AllocatedShareBasedCompensationExpense,us-gaap,"Share-Based Payment Arrangement, Expense",43802000.0,False,2023-01-01,2023-12-31,365,IncomeStatementLocationAxis=CostOfSalesMember,usd,-3
AKAM_10K_20241231,AllocatedShareBasedCompensationExpense,us-gaap,"Share-Based Payment Arrangement, Expense",28354000.0,False,2022-01-01,2022-12-31,365,IncomeStatementLocationAxis=CostOfSalesMember,usd,-3
AKAM_10K_20241231,AllocatedShareBasedCompensationExpense,us-gaap,"Share-Based Payment Arrangement, Expense",152114000.0,False,2024-01-01,2024-12-31,366,IncomeStatementLocationAxis=ResearchAndDevelopmentExpenseMember,usd,-3
AKAM_10K_20241231,AllocatedShareBasedCompensationExpense,us-gaap,"Share-Based Payment Arrangement, Expense",123896000.0,False,2023-01-01,2023-12-31,365,IncomeStatementLocationAxis=ResearchAndDevelopmentExpenseMember,usd,-3
AKAM_10K_20241231,AllocatedShareBasedCompensationExpense,us-gaap,"Share-Based Payment Arrangement, Expense",78116000.0,False,2022-01-01,2022-12-31,365,IncomeStatementLocationAxis=ResearchAndDevelopmentExpenseMember,usd,-3
AKAM_10K_20241231,AllocatedShareBasedCompensationExpense,us-gaap,"Share-Based Payment Arrangement, Expense",77593000.0,False,2024-01-01,2024-12-31,366,IncomeStatementLocationAxis=SalesAndMarketingExpenseMember,usd,-3
AKAM_10K_20241231,AllocatedShareBasedCompensationExpense,us-gaap,"Share-Based Payment Arrangement, Expense",66453000.0,False,2023-01-01,2023-12-31,365,IncomeStatementLocationAxis=SalesAndMarketingExpenseMember,usd,-3
AKAM_10K_20241231,AllocatedShareBasedCompensationExpense,us-gaap,"Share-Based Payment Arrangement, Expense",47789000.0,False,2022-01-01,2022-12-31,365,IncomeStatementLocationAxis=SalesAndMarketingExpenseMember,usd,-3
AKAM_10K_20241231,AllocatedShareBasedCompensationExpense,us-gaap,"Share-Based Payment Arrangement, Expense",102494000.0,False,2024-01-01,2024-12-31,366,IncomeStatementLocationAxis=GeneralAndAdministrativeExpenseMember,usd,-3
AKAM_10K_20241231,AllocatedShareBasedCompensationExpense,us-gaap,"Share-Based Payment Arrangement, Expense",94316000.0,False,2023-01-01,2023-12-31,365,IncomeStatementLocationAxis=GeneralAndAdministrativeExpenseMember,usd,-3
AKAM_10K_20241231,AllocatedShareBasedCompensationExpense,us-gaap,"Share-Based Payment Arrangement, Expense",62926000.0,False,2022-01-01,2022-12-31,365,IncomeStatementLocationAxis=GeneralAndAdministrativeExpenseMember,usd,-3
AKAM_10K_20241231,AllocatedShareBasedCompensationExpense,us-gaap,"Share-Based Payment Arrangement, Expense",393378000.0,False,2024-01-01,2024-12-31,366,,usd,-3
AKAM_10K_20241231,AllocatedShareBasedCompensationExpense,us-gaap,"Share-Based Payment Arrangement, Expense",328467000.0,False,2023-01-01,2023-12-31,365,,usd,-3
AKAM_10K_20241231,AllocatedShareBasedCompensationExpense,us-gaap,"Share-Based Payment Arrangement, Expense",217185000.0,False,2022-01-01,2022-12-31,365,,usd,-3
AKAM_10K_20241231,EmployeeServiceShareBasedCompensationTaxBenefitFromCompensationExpense,us-gaap,"Share-Based Payment Arrangement, Expense, Tax Benefit",96607000.0,False,2024-01-01,2024-12-31,366,,usd,-3
AKAM_10K_20241231,EmployeeServiceShareBasedCompensationTaxBenefitFromCompensationExpense,us-gaap,"Share-Based Payment Arrangement, Expense, Tax Benefit",59359000.0,False,2023-01-01,2023-12-31,365,,usd,-3
AKAM_10K_20241231,EmployeeServiceShareBasedCompensationTaxBenefitFromCompensationExpense,us-gaap,"Share-Based Payment Arrangement, Expense, Tax Benefit",46829000.0,False,2022-01-01,2022-12-31,365,,usd,-3
AKAM_10K_20241231,TotalStockBasedCompensationNetOfTaxes,akam,Total Stock Based Compensation Net Of Taxes,296771000.0,False,2024-01-01,2024-12-31,366,,usd,-3
AKAM_10K_20241231,TotalStockBasedCompensationNetOfTaxes,akam,Total Stock Based Compensation Net Of Taxes,269108000.0,False,2023-01-01,2023-12-31,365,,usd,-3
AKAM_10K_20241231,TotalStockBasedCompensationNetOfTaxes,akam,Total Stock Based Compensation Net Of Taxes,170356000.0,False,2022-01-01,2022-12-31,365,,usd,-3
AKAM_10K_20241231,AmortizationOfCapitalizedInternalUseSoftware,akam,Amortization Of Capitalized Internal-Use Software,42500000.0,False,2024-01-01,2024-12-31,366,IncomeStatementLocationAxis=CapitalizedInternalUseSoftwareMember,usd,-5
AKAM_10K_20241231,AmortizationOfCapitalizedInternalUseSoftware,akam,Amortization Of Capitalized Internal-Use Software,32500000.0,False,2023-01-01,2023-12-31,365,IncomeStatementLocationAxis=CapitalizedInternalUseSoftwareMember,usd,-5
AKAM_10K_20241231,AmortizationOfCapitalizedInternalUseSoftware,akam,Amortization Of Capitalized Internal-Use Software,31300000.0,False,2022-01-01,2022-12-31,365,IncomeStatementLocationAxis=CapitalizedInternalUseSoftwareMember,usd,-5
AKAM_10K_20241231,EmployeeServiceShareBasedCompensationNonvestedAwardsTotalCompensationCostNotYetRecognized,us-gaap,"Share-Based Payment Arrangement, Nonvested Award, Cost Not yet Recognized, Amount",491200000.0,True,,2024-12-31,0,,usd,-5
AKAM_10K_20241231,StockIssuedDuringPeriodSharesEmployeeStockPurchasePlans,us-gaap,"Stock Issued During Period, Shares, Employee Stock Purchase Plans",788000.0,False,2024-01-01,2024-12-31,366,PlanNameAxis=NineteenNinetyNineEsppMember,shares,-3
AKAM_10K_20241231,StockIssuedDuringPeriodSharesEmployeeStockPurchasePlans,us-gaap,"Stock Issued During Period, Shares, Employee Stock Purchase Plans",797000.0,False,2023-01-01,2023-12-31,365,PlanNameAxis=NineteenNinetyNineEsppMember,shares,-3
AKAM_10K_20241231,StockIssuedDuringPeriodSharesEmployeeStockPurchasePlans,us-gaap,"Stock Issued During Period, Shares, Employee Stock Purchase Plans",688000.0,False,2022-01-01,2022-12-31,365,PlanNameAxis=NineteenNinetyNineEsppMember,shares,-3
AKAM_10K_20241231,ShareBasedCompensationArrangementByShareBasedPaymentAwardPerShareWeightedAveragePriceOfSharesPurchased,us-gaap,"Share-Based Compensation Arrangement by Share-Based Payment Award, Per Share Weighted Average Price of Shares Purchased",77.6,True,,2024-12-31,0,PlanNameAxis=NineteenNinetyNineEsppMember,usdPerShare,2
AKAM_10K_20241231,ShareBasedCompensationArrangementByShareBasedPaymentAwardPerShareWeightedAveragePriceOfSharesPurchased,us-gaap,"Share-Based Compensation Arrangement by Share-Based Payment Award, Per Share Weighted Average Price of Shares Purchased",78.29,True,,2023-12-31,0,PlanNameAxis=NineteenNinetyNineEsppMember,usdPerShare,2
AKAM_10K_20241231,ShareBasedCompensationArrangementByShareBasedPaymentAwardPerShareWeightedAveragePriceOfSharesPurchased,us-gaap,"Share-Based Compensation Arrangement by Share-Based Payment Award, Per Share Weighted Average Price of Shares Purchased",82.83,True,,2022-12-31,0,PlanNameAxis=NineteenNinetyNineEsppMember,usdPerShare,2
AKAM_10K_20241231,ProceedsFromIssuanceOfSharesUnderIncentiveAndShareBasedCompensationPlans,us-gaap,"Proceeds, Issuance of Shares, Share-Based Payment Arrangement, Excluding Option Exercised",61131000.0,False,2024-01-01,2024-12-31,366,PlanNameAxis=NineteenNinetyNineEsppMember,usd,-3
AKAM_10K_20241231,ProceedsFromIssuanceOfSharesUnderIncentiveAndShareBasedCompensationPlans,us-gaap,"Proceeds, Issuance of Shares, Share-Based Payment Arrangement, Excluding Option Exercised",62365000.0,False,2023-01-01,2023-12-31,365,PlanNameAxis=NineteenNinetyNineEsppMember,usd,-3
AKAM_10K_20241231,ProceedsFromIssuanceOfSharesUnderIncentiveAndShareBasedCompensationPlans,us-gaap,"Proceeds, Issuance of Shares, Share-Based Payment Arrangement, Excluding Option Exercised",56570000.0,False,2022-01-01,2022-12-31,365,PlanNameAxis=NineteenNinetyNineEsppMember,usd,-3
AKAM_10K_20241231,StockBasedCompensationAmountWithheldFromEmployeesForFuturePurchases,akam,"Stock Based Compensation, Amount Withheld From Employees For Future Purchases",6800000.0,True,,2024-12-31,0,PlanNameAxis=NineteenNinetyNineEsppMember,usd,-5
AKAM_10K_20241231,ShareBasedCompensationArrangementByShareBasedPaymentAwardFairValueAssumptionsExpectedDividendRate,us-gaap,"Share-Based Compensation Arrangement by Share-Based Payment Award, Fair Value Assumptions, Expected Dividend Rate",0.0,False,2024-01-01,2024-12-31,366,,number,INF
AKAM_10K_20241231,ShareBasedCompensationArrangementByShareBasedPaymentAwardFairValueAssumptionsRiskFreeInterestRate,us-gaap,"Share-Based Compensation Arrangement by Share-Based Payment Award, Fair Value Assumptions, Risk Free Interest Rate",0.052,False,2024-01-01,2024-12-31,366,AwardTypeAxis=EmployeeStockMember,number,3
AKAM_10K_20241231,ShareBasedCompensationArrangementByShareBasedPaymentAwardFairValueAssumptionsRiskFreeInterestRate,us-gaap,"Share-Based Compensation Arrangement by Share-Based Payment Award, Fair Value Assumptions, Risk Free Interest Rate",0.052,False,2023-01-01,2023-12-31,365,AwardTypeAxis=EmployeeStockMember,number,3
AKAM_10K_20241231,ShareBasedCompensationArrangementByShareBasedPaymentAwardFairValueAssumptionsRiskFreeInterestRate,us-gaap,"Share-Based Compensation Arrangement by Share-Based Payment Award, Fair Value Assumptions, Risk Free Interest Rate",0.019,False,2022-01-01,2022-12-31,365,AwardTypeAxis=EmployeeStockMember,number,3
AKAM_10K_20241231,ShareBasedCompensationArrangementByShareBasedPaymentAwardFairValueAssumptionsExpectedVolatilityRate,us-gaap,"Share-Based Compensation Arrangement by Share-Based Payment Award, Fair Value Assumptions, Expected Volatility Rate",0.244,False,2024-01-01,2024-12-31,366,AwardTypeAxis=EmployeeStockMember,number,3
AKAM_10K_20241231,ShareBasedCompensationArrangementByShareBasedPaymentAwardFairValueAssumptionsExpectedVolatilityRate,us-gaap,"Share-Based Compensation Arrangement by Share-Based Payment Award, Fair Value Assumptions, Expected Volatility Rate",0.291,False,2023-01-01,2023-12-31,365,AwardTypeAxis=EmployeeStockMember,number,3
AKAM_10K_20241231,ShareBasedCompensationArrangementByShareBasedPaymentAwardFairValueAssumptionsExpectedVolatilityRate,us-gaap,"Share-Based Compensation Arrangement by Share-Based Payment Award, Fair Value Assumptions, Expected Volatility Rate",0.26,False,2022-01-01,2022-12-31,365,AwardTypeAxis=EmployeeStockMember,number,3
AKAM_10K_20241231,ShareBasedCompensationArrangementByShareBasedPaymentAwardFairValueAssumptionsExpectedDividendRate,us-gaap,"Share-Based Compensation Arrangement by Share-Based Payment Award, Fair Value Assumptions, Expected Dividend Rate",0.0,False,2024-01-01,2024-12-31,366,AwardTypeAxis=EmployeeStockMember,number,INF
AKAM_10K_20241231,ShareBasedCompensationArrangementByShareBasedPaymentAwardFairValueAssumptionsExpectedDividendRate,us-gaap,"Share-Based Compensation Arrangement by Share-Based Payment Award, Fair Value Assumptions, Expected Dividend Rate",0.0,False,2023-01-01,2023-12-31,365,AwardTypeAxis=EmployeeStockMember,number,INF
AKAM_10K_20241231,ShareBasedCompensationArrangementByShareBasedPaymentAwardFairValueAssumptionsExpectedDividendRate,us-gaap,"Share-Based Compensation Arrangement by Share-Based Payment Award, Fair Value Assumptions, Expected Dividend Rate",0.0,False,2022-01-01,2022-12-31,365,AwardTypeAxis=EmployeeStockMember,number,INF
AKAM_10K_20241231,ShareBasedCompensationArrangementByShareBasedPaymentAwardEquityInstrumentsOtherThanOptionsGrantsInPeriodWeightedAverageGrantDateFairValue,us-gaap,"Share-Based Compensation Arrangement by Share-Based Payment Award, Equity Instruments Other than Options, Grants in Period, Weighted Average Grant Date Fair Value",22.63,False,2024-01-01,2024-12-31,366,AwardTypeAxis=EmployeeStockMember,usdPerShare,2
AKAM_10K_20241231,ShareBasedCompensationArrangementByShareBasedPaymentAwardEquityInstrumentsOtherThanOptionsGrantsInPeriodWeightedAverageGrantDateFairValue,us-gaap,"Share-Based Compensation Arrangement by Share-Based Payment Award, Equity Instruments Other than Options, Grants in Period, Weighted Average Grant Date Fair Value",23.12,False,2023-01-01,2023-12-31,365,AwardTypeAxis=EmployeeStockMember,usdPerShare,2
AKAM_10K_20241231,ShareBasedCompensationArrangementByShareBasedPaymentAwardEquityInstrumentsOtherThanOptionsGrantsInPeriodWeightedAverageGrantDateFairValue,us-gaap,"Share-Based Compensation Arrangement by Share-Based Payment Award, Equity Instruments Other than Options, Grants in Period, Weighted Average Grant Date Fair Value",33.26,False,2022-01-01,2022-12-31,365,AwardTypeAxis=EmployeeStockMember,usdPerShare,2
AKAM_10K_20241231,DeferredStockUnitsTypicallyVestedByAnniversaryGrantDatePercentage,akam,Deferred Stock Units Typically Vested By Anniversary Grant Date Percentage,1.0,False,2024-01-01,2024-12-31,366,AwardTypeAxis=DeferredStockUnitsMember,number,2
AKAM_10K_20241231,SharebasedCompensationArrangementBySharebasedPaymentAwardAwardVestingRightsPercentage,us-gaap,"Share-Based Compensation Arrangement by Share-Based Payment Award, Award Vesting Rights, Percentage",1.0,False,2024-01-01,2024-12-31,366,AwardTypeAxis=DeferredStockUnitsMember;VestingAxis=DirectorVestingAccelerationMember,number,2
AKAM_10K_20241231,ShareBasedCompensationArrangementByShareBasedPaymentAwardEquityInstrumentsOtherThanOptionsGrantsInPeriod,us-gaap,"Share-Based Compensation Arrangement by Share-Based Payment Award, Equity Instruments Other than Options, Grants in Period",4850000.0,False,2024-01-01,2024-12-31,366,AwardTypeAxis=RestrictedStockAwardsRestrictedStockUnitsAndDeferredStockUnitsServiceBasedMember,shares,-3
AKAM_10K_20241231,ShareBasedCompensationArrangementByShareBasedPaymentAwardEquityInstrumentsOtherThanOptionsGrantsInPeriod,us-gaap,"Share-Based Compensation Arrangement by Share-Based Payment Award, Equity Instruments Other than Options, Grants in Period",166000.0,False,2024-01-01,2024-12-31,366,AwardTypeAxis=RestrictedStockRestrictedStockUnitsAndDeferredStockUnitsMarketBasedMember,shares,-3
AKAM_10K_20241231,ShareBasedCompensationArrangementByShareBasedPaymentAwardEquityInstrumentsOtherThanOptionsGrantsInPeriod,us-gaap,"Share-Based Compensation Arrangement by Share-Based Payment Award, Equity Instruments Other than Options, Grants in Period",428000.0,False,2024-01-01,2024-12-31,366,AwardTypeAxis=RestrictedStockRestrictedStockUnitsAndDeferredStockUnitsPerformanceBasedMember,shares,-3
AKAM_10K_20241231,ShareBasedCompensationArrangementByShareBasedPaymentAwardEquityInstrumentsOtherThanOptionsGrantsInPeriod,us-gaap,"Share-Based Compensation Arrangement by Share-Based Payment Award, Equity Instruments Other than Options, Grants in Period",5444000.0,False,2024-01-01,2024-12-31,366,,shares,-3
AKAM_10K_20241231,ShareBasedCompensationArrangementByShareBasedPaymentAwardEquityInstrumentsOtherThanOptionsGrantsInPeriod,us-gaap,"Share-Based Compensation Arrangement by Share-Based Payment Award, Equity Instruments Other than Options, Grants in Period",29274.0,False,2024-01-01,2024-12-31,366,AwardTypeAxis=DeferredStockUnitsMember,shares,INF
AKAM_10K_20241231,ShareBasedCompensationArrangementByShareBasedPaymentAwardFairValueAssumptionsRiskFreeInterestRate,us-gaap,"Share-Based Compensation Arrangement by Share-Based Payment Award, Fair Value Assumptions, Risk Free Interest Rate",0.043,False,2024-01-01,2024-12-31,366,AwardTypeAxis=RestrictedStockRestrictedStockUnitsAndDeferredStockUnitsMarketBasedMember,number,3
AKAM_10K_20241231,ShareBasedCompensationArrangementByShareBasedPaymentAwardFairValueAssumptionsRiskFreeInterestRate,us-gaap,"Share-Based Compensation Arrangement by Share-Based Payment Award, Fair Value Assumptions, Risk Free Interest Rate",0.045,False,2023-01-01,2023-12-31,365,AwardTypeAxis=RestrictedStockRestrictedStockUnitsAndDeferredStockUnitsMarketBasedMember,number,3
AKAM_10K_20241231,ShareBasedCompensationArrangementByShareBasedPaymentAwardFairValueAssumptionsRiskFreeInterestRate,us-gaap,"Share-Based Compensation Arrangement by Share-Based Payment Award, Fair Value Assumptions, Risk Free Interest Rate",0.017,False,2022-01-01,2022-12-31,365,AwardTypeAxis=RestrictedStockRestrictedStockUnitsAndDeferredStockUnitsMarketBasedMember,number,3
AKAM_10K_20241231,ShareBasedCompensationArrangementByShareBasedPaymentAwardFairValueAssumptionsExpectedVolatilityRate,us-gaap,"Share-Based Compensation Arrangement by Share-Based Payment Award, Fair Value Assumptions, Expected Volatility Rate",0.256,False,2024-01-01,2024-12-31,366,AwardTypeAxis=RestrictedStockRestrictedStockUnitsAndDeferredStockUnitsMarketBasedMember,number,3
AKAM_10K_20241231,ShareBasedCompensationArrangementByShareBasedPaymentAwardFairValueAssumptionsExpectedVolatilityRate,us-gaap,"Share-Based Compensation Arrangement by Share-Based Payment Award, Fair Value Assumptions, Expected Volatility Rate",0.288,False,2023-01-01,2023-12-31,365,AwardTypeAxis=RestrictedStockRestrictedStockUnitsAndDeferredStockUnitsMarketBasedMember,number,3
AKAM_10K_20241231,ShareBasedCompensationArrangementByShareBasedPaymentAwardFairValueAssumptionsExpectedVolatilityRate,us-gaap,"Share-Based Compensation Arrangement by Share-Based Payment Award, Fair Value Assumptions, Expected Volatility Rate",0.303,False,2022-01-01,2022-12-31,365,AwardTypeAxis=RestrictedStockRestrictedStockUnitsAndDeferredStockUnitsMarketBasedMember,number,3
AKAM_10K_20241231,ShareBasedCompensationArrangementByShareBasedPaymentAwardFairValueAssumptionsWeightedAverageVolatilityRate,us-gaap,"Share-Based Compensation Arrangement by Share-Based Payment Award, Fair Value Assumptions, Weighted Average Volatility Rate",0.306,False,2024-01-01,2024-12-31,366,AwardTypeAxis=RestrictedStockRestrictedStockUnitsAndDeferredStockUnitsMarketBasedMember,number,3
AKAM_10K_20241231,ShareBasedCompensationArrangementByShareBasedPaymentAwardFairValueAssumptionsWeightedAverageVolatilityRate,us-gaap,"Share-Based Compensation Arrangement by Share-Based Payment Award, Fair Value Assumptions, Weighted Average Volatility Rate",0.336,False,2023-01-01,2023-12-31,365,AwardTypeAxis=RestrictedStockRestrictedStockUnitsAndDeferredStockUnitsMarketBasedMember,number,3
AKAM_10K_20241231,ShareBasedCompensationArrangementByShareBasedPaymentAwardFairValueAssumptionsWeightedAverageVolatilityRate,us-gaap,"Share-Based Compensation Arrangement by Share-Based Payment Award, Fair Value Assumptions, Weighted Average Volatility Rate",0.407,False,2022-01-01,2022-12-31,365,AwardTypeAxis=RestrictedStockRestrictedStockUnitsAndDeferredStockUnitsMarketBasedMember,number,3
AKAM_10K_20241231,ShareBasedCompensationArrangementByShareBasedPaymentAwardEquityInstrumentsOtherThanOptionsNonvestedNumber,us-gaap,"Share-Based Compensation Arrangement by Share-Based Payment Award, Equity Instruments Other than Options, Nonvested, Number",8077000.0,True,,2023-12-31,0,,shares,-3
AKAM_10K_20241231,ShareBasedCompensationArrangementByShareBasedPaymentAwardEquityInstrumentsOtherThanOptionsNonvestedWeightedAverageGrantDateFairValue,us-gaap,"Share-Based Compensation Arrangement by Share-Based Payment Award, Equity Instruments Other than Options, Nonvested, Weighted Average Grant Date Fair Value",83.12,True,,2023-12-31,0,,usdPerShare,2
AKAM_10K_20241231,ShareBasedCompensationArrangementByShareBasedPaymentAwardEquityInstrumentsOtherThanOptionsGrantsInPeriodWeightedAverageGrantDateFairValue,us-gaap,"Share-Based Compensation Arrangement by Share-Based Payment Award, Equity Instruments Other than Options, Grants in Period, Weighted Average Grant Date Fair Value",108.09,False,2024-01-01,2024-12-31,366,,usdPerShare,2
AKAM_10K_20241231,ShareBasedCompensationArrangementByShareBasedPaymentAwardEquityInstrumentsOtherThanOptionsVestedInPeriod,us-gaap,"Share-Based Compensation Arrangement by Share-Based Payment Award, Equity Instruments Other than Options, Vested in Period",5253000.0,False,2024-01-01,2024-12-31,366,,shares,-3
AKAM_10K_20241231,ShareBasedCompensationArrangementByShareBasedPaymentAwardEquityInstrumentsOtherThanOptionsVestedInPeriodWeightedAverageGrantDateFairValue,us-gaap,"Share-Based Compensation Arrangement by Share-Based Payment Award, Equity Instruments Other than Options, Vested in Period, Weighted Average Grant Date Fair Value",82.43,False,2024-01-01,2024-12-31,366,,usdPerShare,2
AKAM_10K_20241231,ShareBasedCompensationArrangementByShareBasedPaymentAwardEquityInstrumentsOtherThanOptionsForfeitedInPeriod,us-gaap,"Share-Based Compensation Arrangement by Share-Based Payment Award, Equity Instruments Other than Options, Forfeited in Period",558000.0,False,2024-01-01,2024-12-31,366,,shares,-3
AKAM_10K_20241231,ShareBasedCompensationArrangementByShareBasedPaymentAwardEquityInstrumentsOtherThanOptionsForfeituresWeightedAverageGrantDateFairValue,us-gaap,"Share-Based Compensation Arrangement by Share-Based Payment Award, Equity Instruments Other than Options, Forfeitures, Weighted Average Grant Date Fair Value",99.47,False,2024-01-01,2024-12-31,366,,usdPerShare,2
AKAM_10K_20241231,ShareBasedCompensationArrangementByShareBasedPaymentAwardEquityInstrumentsOtherThanOptionsNonvestedNumber,us-gaap,"Share-Based Compensation Arrangement by Share-Based Payment Award, Equity Instruments Other than Options, Nonvested, Number",7710000.0,True,,2024-12-31,0,,shares,-3
AKAM_10K_20241231,ShareBasedCompensationArrangementByShareBasedPaymentAwardEquityInstrumentsOtherThanOptionsNonvestedWeightedAverageGrantDateFairValue,us-gaap,"Share-Based Compensation Arrangement by Share-Based Payment Award, Equity Instruments Other than Options, Nonvested, Weighted Average Grant Date Fair Value",100.04,True,,2024-12-31,0,,usdPerShare,2
AKAM_10K_20241231,ShareBasedCompensationArrangementByShareBasedPaymentAwardEquityInstrumentsOtherThanOptionsVestedInPeriod,us-gaap,"Share-Based Compensation Arrangement by Share-Based Payment Award, Equity Instruments Other than Options, Vested in Period",26426.0,False,2024-01-01,2024-12-31,366,AwardTypeAxis=DeferredStockUnitsMember,shares,INF
AKAM_10K_20241231,IntrinsicValuePreTaxOtherThanOptions,akam,Intrinsic Value Pre Tax Other Than Options,429491000.0,False,2024-01-01,2024-12-31,366,,usd,-3
AKAM_10K_20241231,IntrinsicValuePreTaxOtherThanOptions,akam,Intrinsic Value Pre Tax Other Than Options,254686000.0,False,2023-01-01,2023-12-31,365,,usd,-3
AKAM_10K_20241231,IntrinsicValuePreTaxOtherThanOptions,akam,Intrinsic Value Pre Tax Other Than Options,227143000.0,False,2022-01-01,2022-12-31,365,,usd,-3
AKAM_10K_20241231,ShareBasedCompensationArrangementByShareBasedPaymentAwardEquityInstrumentsOtherThanOptionsVestedInPeriodTotalFairValue,us-gaap,"Share-Based Compensation Arrangement by Share-Based Payment Award, Equity Instruments Other than Options, Vested in Period, Fair Value",433026000.0,False,2024-01-01,2024-12-31,366,,usd,-3
AKAM_10K_20241231,ShareBasedCompensationArrangementByShareBasedPaymentAwardEquityInstrumentsOtherThanOptionsVestedInPeriodTotalFairValue,us-gaap,"Share-Based Compensation Arrangement by Share-Based Payment Award, Equity Instruments Other than Options, Vested in Period, Fair Value",259919000.0,False,2023-01-01,2023-12-31,365,,usd,-3
AKAM_10K_20241231,ShareBasedCompensationArrangementByShareBasedPaymentAwardEquityInstrumentsOtherThanOptionsVestedInPeriodTotalFairValue,us-gaap,"Share-Based Compensation Arrangement by Share-Based Payment Award, Equity Instruments Other than Options, Vested in Period, Fair Value",231708000.0,False,2022-01-01,2022-12-31,365,,usd,-3
AKAM_10K_20241231,ShareBasedCompensationArrangementByShareBasedPaymentAwardEquityInstrumentsOtherThanOptionsGrantsInPeriodWeightedAverageGrantDateFairValue,us-gaap,"Share-Based Compensation Arrangement by Share-Based Payment Award, Equity Instruments Other than Options, Grants in Period, Weighted Average Grant Date Fair Value",74.89,False,2023-01-01,2023-12-31,365,,usdPerShare,2
AKAM_10K_20241231,ShareBasedCompensationArrangementByShareBasedPaymentAwardEquityInstrumentsOtherThanOptionsGrantsInPeriodWeightedAverageGrantDateFairValue,us-gaap,"Share-Based Compensation Arrangement by Share-Based Payment Award, Equity Instruments Other than Options, Grants in Period, Weighted Average Grant Date Fair Value",107.17,False,2022-01-01,2022-12-31,365,,usdPerShare,2
AKAM_10K_20241231,ShareBasedCompensationArrangementByShareBasedPaymentAwardEquityInstrumentsOtherThanOptionsUnvestedOutstandingAggregateIntrinsicValue,akam,Share Based Compensation Arrangement By Share Based Payment Award Equity Instruments Other Than Options Unvested Outstanding Aggregate Intrinsic Value,737400000.0,False,2024-01-01,2024-12-31,366,AwardTypeAxis=RestrictedStockUnitsRSUMember,usd,-5
AKAM_10K_20241231,ShareBasedCompensationArrangementByShareBasedPaymentAwardLiabilityClassifiedShareAwards,akam,"Share-based Compensation Arrangement By Share-Based Payment Award, Liability Classified Share Awards",10000000.0,True,,2024-12-31,0,,usd,-5
AKAM_10K_20241231,ShareBasedCompensationArrangementByShareBasedPaymentAwardLiabilityClassifiedShareAwards,akam,"Share-based Compensation Arrangement By Share-Based Payment Award, Liability Classified Share Awards",16300000.0,True,,2023-12-31,0,,usd,-5
AKAM_10K_20241231,IncomeLossFromContinuingOperationsBeforeIncomeTaxesDomestic,us-gaap,"Income (Loss) from Continuing Operations before Income Taxes, Domestic",54465000.0,False,2024-01-01,2024-12-31,366,,usd,-3
AKAM_10K_20241231,IncomeLossFromContinuingOperationsBeforeIncomeTaxesDomestic,us-gaap,"Income (Loss) from Continuing Operations before Income Taxes, Domestic",20146000.0,False,2023-01-01,2023-12-31,365,,usd,-3
AKAM_10K_20241231,IncomeLossFromContinuingOperationsBeforeIncomeTaxesDomestic,us-gaap,"Income (Loss) from Continuing Operations before Income Taxes, Domestic",61383000.0,False,2022-01-01,2022-12-31,365,,usd,-3
AKAM_10K_20241231,IncomeLossFromContinuingOperationsBeforeIncomeTaxesForeign,us-gaap,"Income (Loss) from Continuing Operations before Income Taxes, Foreign",532548000.0,False,2024-01-01,2024-12-31,366,,usd,-3
AKAM_10K_20241231,IncomeLossFromContinuingOperationsBeforeIncomeTaxesForeign,us-gaap,"Income (Loss) from Continuing Operations before Income Taxes, Foreign",632381000.0,False,2023-01-01,2023-12-31,365,,usd,-3
AKAM_10K_20241231,IncomeLossFromContinuingOperationsBeforeIncomeTaxesForeign,us-gaap,"Income (Loss) from Continuing Operations before Income Taxes, Foreign",596620000.0,False,2022-01-01,2022-12-31,365,,usd,-3
AKAM_10K_20241231,CurrentFederalTaxExpenseBenefit,us-gaap,Current Federal Tax Expense (Benefit),23870000.0,False,2024-01-01,2024-12-31,366,,usd,-3
AKAM_10K_20241231,CurrentFederalTaxExpenseBenefit,us-gaap,Current Federal Tax Expense (Benefit),23406000.0,False,2023-01-01,2023-12-31,365,,usd,-3
AKAM_10K_20241231,CurrentFederalTaxExpenseBenefit,us-gaap,Current Federal Tax Expense (Benefit),49808000.0,False,2022-01-01,2022-12-31,365,,usd,-3
AKAM_10K_20241231,CurrentStateAndLocalTaxExpenseBenefit,us-gaap,Current State and Local Tax Expense (Benefit),6998000.0,False,2024-01-01,2024-12-31,366,,usd,-3
AKAM_10K_20241231,CurrentStateAndLocalTaxExpenseBenefit,us-gaap,Current State and Local Tax Expense (Benefit),6731000.0,False,2023-01-01,2023-12-31,365,,usd,-3
AKAM_10K_20241231,CurrentStateAndLocalTaxExpenseBenefit,us-gaap,Current State and Local Tax Expense (Benefit),9214000.0,False,2022-01-01,2022-12-31,365,,usd,-3
AKAM_10K_20241231,CurrentForeignTaxExpenseBenefit,us-gaap,Current Foreign Tax Expense (Benefit),121495000.0,False,2024-01-01,2024-12-31,366,,usd,-3
AKAM_10K_20241231,CurrentForeignTaxExpenseBenefit,us-gaap,Current Foreign Tax Expense (Benefit),99223000.0,False,2023-01-01,2023-12-31,365,,usd,-3
AKAM_10K_20241231,CurrentForeignTaxExpenseBenefit,us-gaap,Current Foreign Tax Expense (Benefit),172645000.0,False,2022-01-01,2022-12-31,365,,usd,-3
AKAM_10K_20241231,DeferredFederalIncomeTaxExpenseBenefit,us-gaap,Deferred Federal Income Tax Expense (Benefit),-43695000.0,False,2024-01-01,2024-12-31,366,,usd,-3
AKAM_10K_20241231,DeferredFederalIncomeTaxExpenseBenefit,us-gaap,Deferred Federal Income Tax Expense (Benefit),-18213000.0,False,2023-01-01,2023-12-31,365,,usd,-3
AKAM_10K_20241231,DeferredFederalIncomeTaxExpenseBenefit,us-gaap,Deferred Federal Income Tax Expense (Benefit),-73826000.0,False,2022-01-01,2022-12-31,365,,usd,-3
AKAM_10K_20241231,DeferredStateAndLocalIncomeTaxExpenseBenefit,us-gaap,Deferred State and Local Income Tax Expense (Benefit),-14959000.0,False,2024-01-01,2024-12-31,366,,usd,-3
AKAM_10K_20241231,DeferredStateAndLocalIncomeTaxExpenseBenefit,us-gaap,Deferred State and Local Income Tax Expense (Benefit),-6692000.0,False,2023-01-01,2023-12-31,365,,usd,-3
AKAM_10K_20241231,DeferredStateAndLocalIncomeTaxExpenseBenefit,us-gaap,Deferred State and Local Income Tax Expense (Benefit),-18657000.0,False,2022-01-01,2022-12-31,365,,usd,-3
AKAM_10K_20241231,DeferredForeignIncomeTaxExpenseBenefit,us-gaap,Deferred Foreign Income Tax Expense (Benefit),-7525000.0,False,2024-01-01,2024-12-31,366,,usd,-3
AKAM_10K_20241231,DeferredForeignIncomeTaxExpenseBenefit,us-gaap,Deferred Foreign Income Tax Expense (Benefit),-2536000.0,False,2023-01-01,2023-12-31,365,,usd,-3
AKAM_10K_20241231,DeferredForeignIncomeTaxExpenseBenefit,us-gaap,Deferred Foreign Income Tax Expense (Benefit),-16595000.0,False,2022-01-01,2022-12-31,365,,usd,-3
AKAM_10K_20241231,IncomeTaxReconciliationChangeInDeferredTaxAssetsValuationAllowance,us-gaap,"Effective Income Tax Rate Reconciliation, Change in Deferred Tax Assets Valuation Allowance, Amount",-4089000.0,False,2024-01-01,2024-12-31,366,,usd,-3
AKAM_10K_20241231,IncomeTaxReconciliationChangeInDeferredTaxAssetsValuationAllowance,us-gaap,"Effective Income Tax Rate Reconciliation, Change in Deferred Tax Assets Valuation Allowance, Amount",4454000.0,False,2023-01-01,2023-12-31,365,,usd,-3
AKAM_10K_20241231,IncomeTaxReconciliationChangeInDeferredTaxAssetsValuationAllowance,us-gaap,"Effective Income Tax Rate Reconciliation, Change in Deferred Tax Assets Valuation Allowance, Amount",4107000.0,False,2022-01-01,2022-12-31,365,,usd,-3
AKAM_10K_20241231,EffectiveIncomeTaxRateReconciliationAtFederalStatutoryIncomeTaxRate,us-gaap,"Effective Income Tax Rate Reconciliation, at Federal Statutory Income Tax Rate, Percent",0.21,False,2024-01-01,2024-12-31,366,,number,3
AKAM_10K_20241231,EffectiveIncomeTaxRateReconciliationAtFederalStatutoryIncomeTaxRate,us-gaap,"Effective Income Tax Rate Reconciliation, at Federal Statutory Income Tax Rate, Percent",0.21,False,2023-01-01,2023-12-31,365,,number,3
AKAM_10K_20241231,EffectiveIncomeTaxRateReconciliationAtFederalStatutoryIncomeTaxRate,us-gaap,"Effective Income Tax Rate Reconciliation, at Federal Statutory Income Tax Rate, Percent",0.21,False,2022-01-01,2022-12-31,365,,number,3
AKAM_10K_20241231,EffectiveIncomeTaxRateReconciliationTaxContingenciesStateAndLocal,us-gaap,"Effective Income Tax Rate Reconciliation, Tax Contingency, State and Local, Percent",0.011,False,2024-01-01,2024-12-31,366,,number,3
AKAM_10K_20241231,EffectiveIncomeTaxRateReconciliationTaxContingenciesStateAndLocal,us-gaap,"Effective Income Tax Rate Reconciliation, Tax Contingency, State and Local, Percent",0.01,False,2023-01-01,2023-12-31,365,,number,3
AKAM_10K_20241231,EffectiveIncomeTaxRateReconciliationTaxContingenciesStateAndLocal,us-gaap,"Effective Income Tax Rate Reconciliation, Tax Contingency, State and Local, Percent",0.007,False,2022-01-01,2022-12-31,365,,number,3
AKAM_10K_20241231,EffectiveIncomeTaxRateReconciliationNondeductibleExpenseShareBasedCompensationCost,us-gaap,"Effective Income Tax Rate Reconciliation, Nondeductible Expense, Share-Based Payment Arrangement, Percent",0.007,False,2024-01-01,2024-12-31,366,,number,3
AKAM_10K_20241231,EffectiveIncomeTaxRateReconciliationNondeductibleExpenseShareBasedCompensationCost,us-gaap,"Effective Income Tax Rate Reconciliation, Nondeductible Expense, Share-Based Payment Arrangement, Percent",0.036,False,2023-01-01,2023-12-31,365,,number,3
AKAM_10K_20241231,EffectiveIncomeTaxRateReconciliationNondeductibleExpenseShareBasedCompensationCost,us-gaap,"Effective Income Tax Rate Reconciliation, Nondeductible Expense, Share-Based Payment Arrangement, Percent",0.02,False,2022-01-01,2022-12-31,365,,number,3
AKAM_10K_20241231,EffectiveIncomeTaxRateReconciliationTaxCreditsResearch,us-gaap,"Effective Income Tax Rate Reconciliation, Tax Credit, Research, Percent",0.064,False,2024-01-01,2024-12-31,366,,number,3
AKAM_10K_20241231,EffectiveIncomeTaxRateReconciliationTaxCreditsResearch,us-gaap,"Effective Income Tax Rate Reconciliation, Tax Credit, Research, Percent",0.047,False,2023-01-01,2023-12-31,365,,number,3
AKAM_10K_20241231,EffectiveIncomeTaxRateReconciliationTaxCreditsResearch,us-gaap,"Effective Income Tax Rate Reconciliation, Tax Credit, Research, Percent",0.051,False,2022-01-01,2022-12-31,365,,number,3
AKAM_10K_20241231,EffectiveIncomeTaxRateReconciliationForeignIncomeTaxRateDifferential,us-gaap,"Effective Income Tax Rate Reconciliation, Foreign Income Tax Rate Differential, Percent",-0.023,False,2024-01-01,2024-12-31,366,,number,3
AKAM_10K_20241231,EffectiveIncomeTaxRateReconciliationForeignIncomeTaxRateDifferential,us-gaap,"Effective Income Tax Rate Reconciliation, Foreign Income Tax Rate Differential, Percent",-0.065,False,2023-01-01,2023-12-31,365,,number,3
AKAM_10K_20241231,EffectiveIncomeTaxRateReconciliationForeignIncomeTaxRateDifferential,us-gaap,"Effective Income Tax Rate Reconciliation, Foreign Income Tax Rate Differential, Percent",-0.066,False,2022-01-01,2022-12-31,365,,number,3
AKAM_10K_20241231,EffectiveIncomeTaxRateReconciliationNondeductibleExpense,us-gaap,"Effective Income Tax Rate Reconciliation, Nondeductible Expense, Percent",0.01,False,2024-01-01,2024-12-31,366,,number,3
AKAM_10K_20241231,EffectiveIncomeTaxRateReconciliationNondeductibleExpense,us-gaap,"Effective Income Tax Rate Reconciliation, Nondeductible Expense, Percent",-0.002,False,2023-01-01,2023-12-31,365,,number,3
AKAM_10K_20241231,EffectiveIncomeTaxRateReconciliationNondeductibleExpense,us-gaap,"Effective Income Tax Rate Reconciliation, Nondeductible Expense, Percent",0.007,False,2022-01-01,2022-12-31,365,,number,3
AKAM_10K_20241231,EffectiveIncomeTaxRateReconciliationGiltiPercent,us-gaap,"Effective Income Tax Rate Reconciliation, GILTI, Percent",0.01,False,2024-01-01,2024-12-31,366,,number,3
AKAM_10K_20241231,EffectiveIncomeTaxRateReconciliationGiltiPercent,us-gaap,"Effective Income Tax Rate Reconciliation, GILTI, Percent",0.011,False,2023-01-01,2023-12-31,365,,number,3
AKAM_10K_20241231,EffectiveIncomeTaxRateReconciliationGiltiPercent,us-gaap,"Effective Income Tax Rate Reconciliation, GILTI, Percent",0.025,False,2022-01-01,2022-12-31,365,,number,3
AKAM_10K_20241231,EffectiveIncomeTaxRateReconciliationPriorYearIncomeTaxes,us-gaap,"Effective Income Tax Rate Reconciliation, Prior Year Income Taxes, Percent",0.014,False,2024-01-01,2024-12-31,366,,number,3
AKAM_10K_20241231,EffectiveIncomeTaxRateReconciliationPriorYearIncomeTaxes,us-gaap,"Effective Income Tax Rate Reconciliation, Prior Year Income Taxes, Percent",0.0,False,2023-01-01,2023-12-31,365,,number,3
AKAM_10K_20241231,EffectiveIncomeTaxRateReconciliationPriorYearIncomeTaxes,us-gaap,"Effective Income Tax Rate Reconciliation, Prior Year Income Taxes, Percent",0.004,False,2022-01-01,2022-12-31,365,,number,3
AKAM_10K_20241231,EffectiveIncomeTaxRateReconciliationReleaseofUncertainTaxPositionReserve,akam,"Effective Income Tax Rate Reconciliation, Release of Uncertain Tax Position Reserve",0.006,False,2024-01-01,2024-12-31,366,,number,3
AKAM_10K_20241231,EffectiveIncomeTaxRateReconciliationReleaseofUncertainTaxPositionReserve,akam,"Effective Income Tax Rate Reconciliation, Release of Uncertain Tax Position Reserve",0.004,False,2023-01-01,2023-12-31,365,,number,3
AKAM_10K_20241231,EffectiveIncomeTaxRateReconciliationReleaseofUncertainTaxPositionReserve,akam,"Effective Income Tax Rate Reconciliation, Release of Uncertain Tax Position Reserve",0.007,False,2022-01-01,2022-12-31,365,,number,3
AKAM_10K_20241231,EffectiveIncomeTaxRateReconciliationIntercompanySaleofIntellectualPropertyPercent,akam,"Effective Income Tax Rate Reconciliation, Intercompany Sale of Intellectual Property, Percent",-0.047,False,2024-01-01,2024-12-31,366,,number,3
AKAM_10K_20241231,EffectiveIncomeTaxRateReconciliationIntercompanySaleofIntellectualPropertyPercent,akam,"Effective Income Tax Rate Reconciliation, Intercompany Sale of Intellectual Property, Percent",0.006,False,2023-01-01,2023-12-31,365,,number,3
AKAM_10K_20241231,EffectiveIncomeTaxRateReconciliationIntercompanySaleofIntellectualPropertyPercent,akam,"Effective Income Tax Rate Reconciliation, Intercompany Sale of Intellectual Property, Percent",0.04,False,2022-01-01,2022-12-31,365,,number,3
AKAM_10K_20241231,EffectiveIncomeTaxRateReconciliationChangeInDeferredTaxAssetsValuationAllowance,us-gaap,"Effective Income Tax Rate Reconciliation, Change in Deferred Tax Assets Valuation Allowance, Percent",-0.007,False,2024-01-01,2024-12-31,366,,number,3
AKAM_10K_20241231,EffectiveIncomeTaxRateReconciliationChangeInDeferredTaxAssetsValuationAllowance,us-gaap,"Effective Income Tax Rate Reconciliation, Change in Deferred Tax Assets Valuation Allowance, Percent",0.007,False,2023-01-01,2023-12-31,365,,number,3
AKAM_10K_20241231,EffectiveIncomeTaxRateReconciliationChangeInDeferredTaxAssetsValuationAllowance,us-gaap,"Effective Income Tax Rate Reconciliation, Change in Deferred Tax Assets Valuation Allowance, Percent",0.006,False,2022-01-01,2022-12-31,365,,number,3
AKAM_10K_20241231,EffectiveIncomeTaxRateReconciliationNondeductibleTransferPricingPercent,akam,"Effective Income Tax Rate Reconciliation, Nondeductible Transfer Pricing, Percent",0.019,False,2024-01-01,2024-12-31,366,,number,3
AKAM_10K_20241231,EffectiveIncomeTaxRateReconciliationNondeductibleTransferPricingPercent,akam,"Effective Income Tax Rate Reconciliation, Nondeductible Transfer Pricing, Percent",0.01,False,2023-01-01,2023-12-31,365,,number,3
AKAM_10K_20241231,EffectiveIncomeTaxRateReconciliationNondeductibleTransferPricingPercent,akam,"Effective Income Tax Rate Reconciliation, Nondeductible Transfer Pricing, Percent",0.005,False,2022-01-01,2022-12-31,365,,number,3
AKAM_10K_20241231,EffectiveIncomeTaxRateReconciliationFdiiPercent,us-gaap,"Effective Income Tax Rate Reconciliation, FDII, Percent",0.014,False,2024-01-01,2024-12-31,366,,number,3
AKAM_10K_20241231,EffectiveIncomeTaxRateReconciliationFdiiPercent,us-gaap,"Effective Income Tax Rate Reconciliation, FDII, Percent",0.011,False,2023-01-01,2023-12-31,365,,number,3
AKAM_10K_20241231,EffectiveIncomeTaxRateReconciliationFdiiPercent,us-gaap,"Effective Income Tax Rate Reconciliation, FDII, Percent",0.008,False,2022-01-01,2022-12-31,365,,number,3
AKAM_10K_20241231,EffectiveIncomeTaxRateReconciliationOtherAdjustments,us-gaap,"Effective Income Tax Rate Reconciliation, Other Adjustments, Percent",0.02,False,2024-01-01,2024-12-31,366,,number,3
AKAM_10K_20241231,EffectiveIncomeTaxRateReconciliationOtherAdjustments,us-gaap,"Effective Income Tax Rate Reconciliation, Other Adjustments, Percent",0.002,False,2023-01-01,2023-12-31,365,,number,3
AKAM_10K_20241231,EffectiveIncomeTaxRateReconciliationOtherAdjustments,us-gaap,"Effective Income Tax Rate Reconciliation, Other Adjustments, Percent",0.001,False,2022-01-01,2022-12-31,365,,number,3
AKAM_10K_20241231,EffectiveIncomeTaxRateContinuingOperations,us-gaap,"Effective Income Tax Rate Reconciliation, Percent",0.14,False,2024-01-01,2024-12-31,366,,number,3
AKAM_10K_20241231,EffectiveIncomeTaxRateContinuingOperations,us-gaap,"Effective Income Tax Rate Reconciliation, Percent",0.163,False,2023-01-01,2023-12-31,365,,number,3
AKAM_10K_20241231,EffectiveIncomeTaxRateContinuingOperations,us-gaap,"Effective Income Tax Rate Reconciliation, Percent",0.193,False,2022-01-01,2022-12-31,365,,number,3
AKAM_10K_20241231,DeferredTaxAssetsTaxDeferredExpenseReservesAndAccrualsAccruedLiabilities,us-gaap,"Deferred Tax Assets, Tax Deferred Expense, Reserves and Accruals, Accrued Liabilities",1958000.0,True,,2024-12-31,0,,usd,-3
AKAM_10K_20241231,DeferredTaxAssetsTaxDeferredExpenseReservesAndAccrualsAccruedLiabilities,us-gaap,"Deferred Tax Assets, Tax Deferred Expense, Reserves and Accruals, Accrued Liabilities",3716000.0,True,,2023-12-31,0,,usd,-3
AKAM_10K_20241231,DeferredTaxAssetsDeferredIncome,us-gaap,"Deferred Tax Assets, Deferred Income",20598000.0,True,,2024-12-31,0,,usd,-3
AKAM_10K_20241231,DeferredTaxAssetsDeferredIncome,us-gaap,"Deferred Tax Assets, Deferred Income",14223000.0,True,,2023-12-31,0,,usd,-3
AKAM_10K_20241231,DeferredTaxAssetsGoodwillAndIntangibleAssets,us-gaap,"Deferred Tax Assets, Goodwill and Intangible Assets",23731000.0,True,,2024-12-31,0,,usd,-3
AKAM_10K_20241231,DeferredTaxAssetsGoodwillAndIntangibleAssets,us-gaap,"Deferred Tax Assets, Goodwill and Intangible Assets",0.0,True,,2023-12-31,0,,usd,-3
AKAM_10K_20241231,DeferredTaxAssetsDeferredIncomeOperatingLeaseLiability,akam,"Deferred Tax Assets, Deferred Income, Operating Lease Liability",108429000.0,True,,2024-12-31,0,,usd,-3
AKAM_10K_20241231,DeferredTaxAssetsDeferredIncomeOperatingLeaseLiability,akam,"Deferred Tax Assets, Deferred Income, Operating Lease Liability",116752000.0,True,,2023-12-31,0,,usd,-3
AKAM_10K_20241231,DeferredTaxAssetsTaxDeferredExpenseCompensationAndBenefits,us-gaap,"Deferred Tax Assets, Tax Deferred Expense, Compensation and Benefits",48486000.0,True,,2024-12-31,0,,usd,-3
AKAM_10K_20241231,DeferredTaxAssetsTaxDeferredExpenseCompensationAndBenefits,us-gaap,"Deferred Tax Assets, Tax Deferred Expense, Compensation and Benefits",42856000.0,True,,2023-12-31,0,,usd,-3
AKAM_10K_20241231,DeferredTaxAssetstaxNetOperatingLossAndCarryforwards,akam,Deferred Tax AssetsTax Net Operating Loss and Carryforwards,21769000.0,True,,2024-12-31,0,,usd,-3
AKAM_10K_20241231,DeferredTaxAssetstaxNetOperatingLossAndCarryforwards,akam,Deferred Tax AssetsTax Net Operating Loss and Carryforwards,19791000.0,True,,2023-12-31,0,,usd,-3
AKAM_10K_20241231,DeferredTaxAssetsOtherTaxCarryforwards,us-gaap,"Deferred Tax Assets, Other Tax Carryforwards",101508000.0,True,,2024-12-31,0,,usd,-3
AKAM_10K_20241231,DeferredTaxAssetsOtherTaxCarryforwards,us-gaap,"Deferred Tax Assets, Other Tax Carryforwards",96020000.0,True,,2023-12-31,0,,usd,-3
AKAM_10K_20241231,DeferredTaxAssetsInProcessResearchAndDevelopment,us-gaap,"Deferred Tax Asset, In-Process Research and Development",188470000.0,True,,2024-12-31,0,,usd,-3
AKAM_10K_20241231,DeferredTaxAssetsInProcessResearchAndDevelopment,us-gaap,"Deferred Tax Asset, In-Process Research and Development",108592000.0,True,,2023-12-31,0,,usd,-3
AKAM_10K_20241231,DeferredTaxAssetInterestCarryforward,us-gaap,"Deferred Tax Asset, Interest Carryforward",82881000.0,True,,2024-12-31,0,,usd,-3
AKAM_10K_20241231,DeferredTaxAssetInterestCarryforward,us-gaap,"Deferred Tax Asset, Interest Carryforward",111509000.0,True,,2023-12-31,0,,usd,-3
AKAM_10K_20241231,DeferredTaxAssetsDepreciationAndAmortization,akam,"Deferred Tax Assets, Depreciation and Amortization",43601000.0,True,,2024-12-31,0,,usd,-3
AKAM_10K_20241231,DeferredTaxAssetsDepreciationAndAmortization,akam,"Deferred Tax Assets, Depreciation and Amortization",66053000.0,True,,2023-12-31,0,,usd,-3
AKAM_10K_20241231,DeferredTaxAssetsOther,us-gaap,"Deferred Tax Assets, Other",39917000.0,True,,2024-12-31,0,,usd,-3
AKAM_10K_20241231,DeferredTaxAssetsOther,us-gaap,"Deferred Tax Assets, Other",21856000.0,True,,2023-12-31,0,,usd,-3
AKAM_10K_20241231,DeferredTaxAssetsGross,us-gaap,"Deferred Tax Assets, Gross",681348000.0,True,,2024-12-31,0,,usd,-3
AKAM_10K_20241231,DeferredTaxAssetsGross,us-gaap,"Deferred Tax Assets, Gross",601368000.0,True,,2023-12-31,0,,usd,-3
AKAM_10K_20241231,DeferredTaxLiabilitiesGoodwillAndIntangibleAssetsIntangibleAssets,us-gaap,"Deferred Tax Liabilities, Intangible Assets",0.0,True,,2024-12-31,0,,usd,-3
AKAM_10K_20241231,DeferredTaxLiabilitiesGoodwillAndIntangibleAssetsIntangibleAssets,us-gaap,"Deferred Tax Liabilities, Intangible Assets",12126000.0,True,,2023-12-31,0,,usd,-3
AKAM_10K_20241231,DeferredTaxLiabilitiesLeasingArrangements,us-gaap,"Deferred Tax Liabilities, Leasing Arrangements",96683000.0,True,,2024-12-31,0,,usd,-3
AKAM_10K_20241231,DeferredTaxLiabilitiesLeasingArrangements,us-gaap,"Deferred Tax Liabilities, Leasing Arrangements",103392000.0,True,,2023-12-31,0,,usd,-3
AKAM_10K_20241231,DeferredTaxLiabilitiesDeferredExpense,us-gaap,"Deferred Tax Liabilities, Deferred Expense",25477000.0,True,,2024-12-31,0,,usd,-3
AKAM_10K_20241231,DeferredTaxLiabilitiesDeferredExpense,us-gaap,"Deferred Tax Liabilities, Deferred Expense",14752000.0,True,,2023-12-31,0,,usd,-3
AKAM_10K_20241231,DeferredTaxLiabilitiesDeferredExpenseCapitalizedSoftware,us-gaap,"Deferred Tax Liabilities, Deferred Expense, Capitalized Software",50390000.0,True,,2024-12-31,0,,usd,-3
AKAM_10K_20241231,DeferredTaxLiabilitiesDeferredExpenseCapitalizedSoftware,us-gaap,"Deferred Tax Liabilities, Deferred Expense, Capitalized Software",31719000.0,True,,2023-12-31,0,,usd,-3
AKAM_10K_20241231,DeferredIncomeTaxLiabilities,us-gaap,"Deferred Tax Liabilities, Gross",172550000.0,True,,2024-12-31,0,,usd,-3
AKAM_10K_20241231,DeferredIncomeTaxLiabilities,us-gaap,"Deferred Tax Liabilities, Gross",161989000.0,True,,2023-12-31,0,,usd,-3
AKAM_10K_20241231,DeferredTaxAssetsValuationAllowance,us-gaap,"Deferred Tax Assets, Valuation Allowance",41615000.0,True,,2024-12-31,0,,usd,-3
AKAM_10K_20241231,DeferredTaxAssetsValuationAllowance,us-gaap,"Deferred Tax Assets, Valuation Allowance",45704000.0,True,,2023-12-31,0,,usd,-3
AKAM_10K_20241231,DeferredTaxAssetsLiabilitiesNet,us-gaap,"Deferred Tax Assets, Net",467183000.0,True,,2024-12-31,0,,usd,-3
AKAM_10K_20241231,DeferredTaxAssetsLiabilitiesNet,us-gaap,"Deferred Tax Assets, Net",393675000.0,True,,2023-12-31,0,,usd,-3
AKAM_10K_20241231,DeferredTaxAssetsValuationAllowance,us-gaap,"Deferred Tax Assets, Valuation Allowance",41250000.0,True,,2022-12-31,0,,usd,-3
AKAM_10K_20241231,DeferredTaxAssetsValuationAllowance,us-gaap,"Deferred Tax Assets, Valuation Allowance",37143000.0,True,,2021-12-31,0,,usd,-3
AKAM_10K_20241231,ValuationAllowanceChargesToIncomeTaxExpense,akam,"Valuation Allowance, Charges To Income Tax Expense",3469000.0,False,2024-01-01,2024-12-31,366,,usd,-3
AKAM_10K_20241231,ValuationAllowanceChargesToIncomeTaxExpense,akam,"Valuation Allowance, Charges To Income Tax Expense",4814000.0,False,2023-01-01,2023-12-31,365,,usd,-3
AKAM_10K_20241231,ValuationAllowanceChargesToIncomeTaxExpense,akam,"Valuation Allowance, Charges To Income Tax Expense",4392000.0,False,2022-01-01,2022-12-31,365,,usd,-3
AKAM_10K_20241231,ValuationAllowanceRelease,akam,"Valuation Allowance, Release",7558000.0,False,2024-01-01,2024-12-31,366,,usd,-3
AKAM_10K_20241231,ValuationAllowanceRelease,akam,"Valuation Allowance, Release",360000.0,False,2023-01-01,2023-12-31,365,,usd,-3
AKAM_10K_20241231,ValuationAllowanceRelease,akam,"Valuation Allowance, Release",285000.0,False,2022-01-01,2022-12-31,365,,usd,-3
AKAM_10K_20241231,ValuationAllowanceDeferredTaxAssetChangeInAmount,us-gaap,"Valuation Allowance, Deferred Tax Asset, Increase (Decrease), Amount",-4100000.0,False,2024-01-01,2024-12-31,366,,usd,-5
AKAM_10K_20241231,ValuationAllowanceDeferredTaxAssetChangeInAmount,us-gaap,"Valuation Allowance, Deferred Tax Asset, Increase (Decrease), Amount",-6500000.0,False,2023-01-01,2023-12-31,365,,usd,-5
AKAM_10K_20241231,OperatingLossCarryforwards,us-gaap,Operating Loss Carryforwards,31500000.0,True,,2024-12-31,0,IncomeTaxAuthorityAxis=DomesticCountryMember,usd,-3
AKAM_10K_20241231,OperatingLossCarryforwards,us-gaap,Operating Loss Carryforwards,32700000.0,True,,2023-12-31,0,IncomeTaxAuthorityAxis=DomesticCountryMember,usd,-3
AKAM_10K_20241231,OperatingLossCarryforwards,us-gaap,Operating Loss Carryforwards,58600000.0,True,,2024-12-31,0,IncomeTaxAuthorityAxis=StateAndLocalJurisdictionMember,usd,-3
AKAM_10K_20241231,OperatingLossCarryforwards,us-gaap,Operating Loss Carryforwards,33100000.0,True,,2023-12-31,0,IncomeTaxAuthorityAxis=StateAndLocalJurisdictionMember,usd,-3
AKAM_10K_20241231,OperatingLossCarryforwards,us-gaap,Operating Loss Carryforwards,47900000.0,True,,2024-12-31,0,IncomeTaxAuthorityAxis=ForeignCountryMember,usd,-3
AKAM_10K_20241231,OperatingLossCarryforwards,us-gaap,Operating Loss Carryforwards,42600000.0,True,,2023-12-31,0,IncomeTaxAuthorityAxis=ForeignCountryMember,usd,-3
AKAM_10K_20241231,DeferredTaxAssetsTaxCreditCarryforwardsResearch,us-gaap,"Deferred Tax Assets, Tax Credit Carryforwards, Research",133400000.0,True,,2024-12-31,0,,usd,-3
AKAM_10K_20241231,DeferredTaxAssetsTaxCreditCarryforwardsResearch,us-gaap,"Deferred Tax Assets, Tax Credit Carryforwards, Research",125200000.0,True,,2023-12-31,0,,usd,-3
AKAM_10K_20241231,ForeignEarningsRepatriated,us-gaap,Foreign Earnings Repatriated,2300000000.0,False,2024-01-01,2024-12-31,366,,usd,-8
AKAM_10K_20241231,UnrecognizedTaxBenefits,us-gaap,Unrecognized Tax Benefits,68658000.0,True,,2023-12-31,0,,usd,-3
AKAM_10K_20241231,UnrecognizedTaxBenefits,us-gaap,Unrecognized Tax Benefits,67958000.0,True,,2022-12-31,0,,usd,-3
AKAM_10K_20241231,UnrecognizedTaxBenefits,us-gaap,Unrecognized Tax Benefits,22563000.0,True,,2021-12-31,0,,usd,-3
AKAM_10K_20241231,UnrecognizedTaxBenefitsIncreasesResultingFromPriorPeriodTaxPositions,us-gaap,"Unrecognized Tax Benefits, Increase Resulting from Prior Period Tax Positions",11150000.0,False,2024-01-01,2024-12-31,366,,usd,-3
AKAM_10K_20241231,UnrecognizedTaxBenefitsIncreasesResultingFromPriorPeriodTaxPositions,us-gaap,"Unrecognized Tax Benefits, Increase Resulting from Prior Period Tax Positions",2074000.0,False,2023-01-01,2023-12-31,365,,usd,-3
AKAM_10K_20241231,UnrecognizedTaxBenefitsIncreasesResultingFromPriorPeriodTaxPositions,us-gaap,"Unrecognized Tax Benefits, Increase Resulting from Prior Period Tax Positions",3880000.0,False,2022-01-01,2022-12-31,365,,usd,-3
AKAM_10K_20241231,UnrecognizedTaxBenefitsIncreasesResultingFromCurrentPeriodTaxPositions,us-gaap,"Unrecognized Tax Benefits, Increase Resulting from Current Period Tax Positions",4223000.0,False,2024-01-01,2024-12-31,366,,usd,-3
AKAM_10K_20241231,UnrecognizedTaxBenefitsIncreasesResultingFromCurrentPeriodTaxPositions,us-gaap,"Unrecognized Tax Benefits, Increase Resulting from Current Period Tax Positions",4091000.0,False,2023-01-01,2023-12-31,365,,usd,-3
AKAM_10K_20241231,UnrecognizedTaxBenefitsIncreasesResultingFromCurrentPeriodTaxPositions,us-gaap,"Unrecognized Tax Benefits, Increase Resulting from Current Period Tax Positions",45975000.0,False,2022-01-01,2022-12-31,365,,usd,-3
AKAM_10K_20241231,UnrecognizedTaxBenefitsDecreasesResultingFromPriorPeriodTaxPositions,us-gaap,"Unrecognized Tax Benefits, Decrease Resulting from Prior Period Tax Positions",1445000.0,False,2024-01-01,2024-12-31,366,,usd,-3
AKAM_10K_20241231,UnrecognizedTaxBenefitsDecreasesResultingFromPriorPeriodTaxPositions,us-gaap,"Unrecognized Tax Benefits, Decrease Resulting from Prior Period Tax Positions",3685000.0,False,2023-01-01,2023-12-31,365,,usd,-3
AKAM_10K_20241231,UnrecognizedTaxBenefitsDecreasesResultingFromPriorPeriodTaxPositions,us-gaap,"Unrecognized Tax Benefits, Decrease Resulting from Prior Period Tax Positions",688000.0,False,2022-01-01,2022-12-31,365,,usd,-3
AKAM_10K_20241231,UnrecognizedTaxBenefitsReductionsResultingFromLapseOfApplicableStatuteOfLimitations,us-gaap,"Unrecognized Tax Benefits, Reduction Resulting from Lapse of Applicable Statute of Limitations",2665000.0,False,2024-01-01,2024-12-31,366,,usd,-3
AKAM_10K_20241231,UnrecognizedTaxBenefitsReductionsResultingFromLapseOfApplicableStatuteOfLimitations,us-gaap,"Unrecognized Tax Benefits, Reduction Resulting from Lapse of Applicable Statute of Limitations",1780000.0,False,2023-01-01,2023-12-31,365,,usd,-3
AKAM_10K_20241231,UnrecognizedTaxBenefitsReductionsResultingFromLapseOfApplicableStatuteOfLimitations,us-gaap,"Unrecognized Tax Benefits, Reduction Resulting from Lapse of Applicable Statute of Limitations",3772000.0,False,2022-01-01,2022-12-31,365,,usd,-3
AKAM_10K_20241231,UnrecognizedTaxBenefits,us-gaap,Unrecognized Tax Benefits,79921000.0,True,,2024-12-31,0,,usd,-3
AKAM_10K_20241231,UnrecognizedTaxBenefitsIncludingAccruedInterestAndPenalties,akam,Unrecognized Tax Benefits Including Accrued Interest And Penalties,48800000.0,True,,2024-12-31,0,,usd,-5
AKAM_10K_20241231,UnrecognizedTaxBenefitsIncludingAccruedInterestAndPenalties,akam,Unrecognized Tax Benefits Including Accrued Interest And Penalties,39100000.0,True,,2023-12-31,0,,usd,-5
AKAM_10K_20241231,UnrecognizedTaxBenefitsIncludingAccruedInterestAndPenalties,akam,Unrecognized Tax Benefits Including Accrued Interest And Penalties,38300000.0,True,,2022-12-31,0,,usd,-5
AKAM_10K_20241231,UnrecognizedTaxBenefitsIncomeTaxPenaltiesAndInterestAccrued,us-gaap,"Unrecognized Tax Benefits, Income Tax Penalties and Interest Accrued",16300000.0,True,,2024-12-31,0,,usd,-5
AKAM_10K_20241231,UnrecognizedTaxBenefitsIncomeTaxPenaltiesAndInterestAccrued,us-gaap,"Unrecognized Tax Benefits, Income Tax Penalties and Interest Accrued",11000000.0,True,,2023-12-31,0,,usd,-5
AKAM_10K_20241231,UnrecognizedTaxBenefitsIncomeTaxPenaltiesAndInterestAccrued,us-gaap,"Unrecognized Tax Benefits, Income Tax Penalties and Interest Accrued",8600000.0,True,,2022-12-31,0,,usd,-5
AKAM_10K_20241231,UnrecognizedTaxBenefitsIncomeTaxPenaltiesAndInterestExpense,us-gaap,"Unrecognized Tax Benefits, Income Tax Penalties and Interest Expense",7500000.0,False,2024-01-01,2024-12-31,366,,usd,-5
AKAM_10K_20241231,UnrecognizedTaxBenefitsIncomeTaxPenaltiesAndInterestExpense,us-gaap,"Unrecognized Tax Benefits, Income Tax Penalties and Interest Expense",2400000.0,False,2023-01-01,2023-12-31,365,,usd,-5
AKAM_10K_20241231,UnrecognizedTaxBenefitsIncomeTaxPenaltiesAndInterestExpense,us-gaap,"Unrecognized Tax Benefits, Income Tax Penalties and Interest Expense",2000000.0,False,2022-01-01,2022-12-31,365,,usd,-5
AKAM_10K_20241231,UnrecognizedTaxBenefitsThatWouldImpactEffectiveTaxRate,us-gaap,Unrecognized Tax Benefits that Would Impact Effective Tax Rate,43700000.0,True,,2024-12-31,0,,usd,-5
AKAM_10K_20241231,SignificantChangeInUnrecognizedTaxBenefitsIsReasonablyPossibleAmountOfUnrecordedBenefit,us-gaap,"Significant Change in Unrecognized Tax Benefits is Reasonably Possible, Amount of Unrecorded Benefit",2600000.0,True,,2024-12-31,0,,usd,-5
AKAM_10K_20241231,IncrementalCommonSharesAttributableToParticipatingNonvestedSharesWithNonForfeitableDividendRights,us-gaap,Incremental Common Shares Attributable to Participating Nonvested Shares with Non-forfeitable Dividend Rights,2210000.0,False,2024-01-01,2024-12-31,366,,shares,-3
AKAM_10K_20241231,IncrementalCommonSharesAttributableToParticipatingNonvestedSharesWithNonForfeitableDividendRights,us-gaap,Incremental Common Shares Attributable to Participating Nonvested Shares with Non-forfeitable Dividend Rights,2312000.0,False,2023-01-01,2023-12-31,365,,shares,-3
AKAM_10K_20241231,IncrementalCommonSharesAttributableToParticipatingNonvestedSharesWithNonForfeitableDividendRights,us-gaap,Incremental Common Shares Attributable to Participating Nonvested Shares with Non-forfeitable Dividend Rights,658000.0,False,2022-01-01,2022-12-31,365,,shares,-3
AKAM_10K_20241231,IncrementalCommonSharesAttributableToConversionOfDebtSecurities,us-gaap,Incremental Common Shares Attributable to Dilutive Effect of Conversion of Debt Securities,744000.0,False,2024-01-01,2024-12-31,366,,shares,-3
AKAM_10K_20241231,IncrementalCommonSharesAttributableToConversionOfDebtSecurities,us-gaap,Incremental Common Shares Attributable to Dilutive Effect of Conversion of Debt Securities,575000.0,False,2023-01-01,2023-12-31,365,,shares,-3
AKAM_10K_20241231,IncrementalCommonSharesAttributableToConversionOfDebtSecurities,us-gaap,Incremental Common Shares Attributable to Dilutive Effect of Conversion of Debt Securities,720000.0,False,2022-01-01,2022-12-31,365,,shares,-3
AKAM_10K_20241231,IncrementalCommonSharesAttributableToCallOptionsAndWarrants,us-gaap,Incremental Common Shares Attributable to Dilutive Effect of Call Options and Warrants,0.0,False,2024-01-01,2024-12-31,366,,shares,-3
AKAM_10K_20241231,IncrementalCommonSharesAttributableToCallOptionsAndWarrants,us-gaap,Incremental Common Shares Attributable to Dilutive Effect of Call Options and Warrants,0.0,False,2023-01-01,2023-12-31,365,,shares,-3
AKAM_10K_20241231,IncrementalCommonSharesAttributableToCallOptionsAndWarrants,us-gaap,Incremental Common Shares Attributable to Dilutive Effect of Call Options and Warrants,0.0,False,2022-01-01,2022-12-31,365,,shares,-3
AKAM_10K_20241231,AntidilutiveSecuritiesExcludedFromComputationOfEarningsPerShareAmount,us-gaap,"Antidilutive Securities Excluded from Computation of Earnings Per Share, Amount",2171000.0,False,2024-01-01,2024-12-31,366,AntidilutiveSecuritiesExcludedFromComputationOfEarningsPerShareByAntidilutiveSecuritiesAxis=RestrictedStockAwardsRestrictedStockUnitsAndDeferredStockUnitsServiceBasedMember,shares,-3
AKAM_10K_20241231,AntidilutiveSecuritiesExcludedFromComputationOfEarningsPerShareAmount,us-gaap,"Antidilutive Securities Excluded from Computation of Earnings Per Share, Amount",2947000.0,False,2023-01-01,2023-12-31,365,AntidilutiveSecuritiesExcludedFromComputationOfEarningsPerShareByAntidilutiveSecuritiesAxis=RestrictedStockAwardsRestrictedStockUnitsAndDeferredStockUnitsServiceBasedMember,shares,-3
AKAM_10K_20241231,AntidilutiveSecuritiesExcludedFromComputationOfEarningsPerShareAmount,us-gaap,"Antidilutive Securities Excluded from Computation of Earnings Per Share, Amount",2211000.0,False,2022-01-01,2022-12-31,365,AntidilutiveSecuritiesExcludedFromComputationOfEarningsPerShareByAntidilutiveSecuritiesAxis=RestrictedStockAwardsRestrictedStockUnitsAndDeferredStockUnitsServiceBasedMember,shares,-3
AKAM_10K_20241231,AntidilutiveSecuritiesExcludedFromComputationOfEarningsPerShareAmount,us-gaap,"Antidilutive Securities Excluded from Computation of Earnings Per Share, Amount",1316000.0,False,2024-01-01,2024-12-31,366,AntidilutiveSecuritiesExcludedFromComputationOfEarningsPerShareByAntidilutiveSecuritiesAxis=RestrictedStockRestrictedStockUnitsAndDeferredStockUnitsPerformanceBasedMember,shares,-3
AKAM_10K_20241231,AntidilutiveSecuritiesExcludedFromComputationOfEarningsPerShareAmount,us-gaap,"Antidilutive Securities Excluded from Computation of Earnings Per Share, Amount",1371000.0,False,2023-01-01,2023-12-31,365,AntidilutiveSecuritiesExcludedFromComputationOfEarningsPerShareByAntidilutiveSecuritiesAxis=RestrictedStockRestrictedStockUnitsAndDeferredStockUnitsPerformanceBasedMember,shares,-3
AKAM_10K_20241231,AntidilutiveSecuritiesExcludedFromComputationOfEarningsPerShareAmount,us-gaap,"Antidilutive Securities Excluded from Computation of Earnings Per Share, Amount",1030000.0,False,2022-01-01,2022-12-31,365,AntidilutiveSecuritiesExcludedFromComputationOfEarningsPerShareByAntidilutiveSecuritiesAxis=RestrictedStockRestrictedStockUnitsAndDeferredStockUnitsPerformanceBasedMember,shares,-3
AKAM_10K_20241231,AntidilutiveSecuritiesExcludedFromComputationOfEarningsPerShareAmount,us-gaap,"Antidilutive Securities Excluded from Computation of Earnings Per Share, Amount",32006000.0,False,2024-01-01,2024-12-31,366,AntidilutiveSecuritiesExcludedFromComputationOfEarningsPerShareByAntidilutiveSecuritiesAxis=ConvertiblesAndBondsWithWarrantsAttachedMember,shares,-3
AKAM_10K_20241231,AntidilutiveSecuritiesExcludedFromComputationOfEarningsPerShareAmount,us-gaap,"Antidilutive Securities Excluded from Computation of Earnings Per Share, Amount",26998000.0,False,2023-01-01,2023-12-31,365,AntidilutiveSecuritiesExcludedFromComputationOfEarningsPerShareByAntidilutiveSecuritiesAxis=ConvertiblesAndBondsWithWarrantsAttachedMember,shares,-3
AKAM_10K_20241231,AntidilutiveSecuritiesExcludedFromComputationOfEarningsPerShareAmount,us-gaap,"Antidilutive Securities Excluded from Computation of Earnings Per Share, Amount",21991000.0,False,2022-01-01,2022-12-31,365,AntidilutiveSecuritiesExcludedFromComputationOfEarningsPerShareByAntidilutiveSecuritiesAxis=ConvertiblesAndBondsWithWarrantsAttachedMember,shares,-3
AKAM_10K_20241231,AntidilutiveSecuritiesExcludedFromComputationOfEarningsPerShareAmount,us-gaap,"Antidilutive Securities Excluded from Computation of Earnings Per Share, Amount",35493000.0,False,2024-01-01,2024-12-31,366,,shares,-3
AKAM_10K_20241231,AntidilutiveSecuritiesExcludedFromComputationOfEarningsPerShareAmount,us-gaap,"Antidilutive Securities Excluded from Computation of Earnings Per Share, Amount",31316000.0,False,2023-01-01,2023-12-31,365,,shares,-3
AKAM_10K_20241231,AntidilutiveSecuritiesExcludedFromComputationOfEarningsPerShareAmount,us-gaap,"Antidilutive Securities Excluded from Computation of Earnings Per Share, Amount",25232000.0,False,2022-01-01,2022-12-31,365,,shares,-3
AKAM_10K_20241231,CoLocationFees,akam,Co-Location Fees,308314000.0,False,2024-01-01,2024-12-31,366,StatementBusinessSegmentsAxis=ReportableSegmentMember,usd,-3
AKAM_10K_20241231,CoLocationFees,akam,Co-Location Fees,256062000.0,False,2023-01-01,2023-12-31,365,StatementBusinessSegmentsAxis=ReportableSegmentMember,usd,-3
AKAM_10K_20241231,CoLocationFees,akam,Co-Location Fees,197375000.0,False,2022-01-01,2022-12-31,365,StatementBusinessSegmentsAxis=ReportableSegmentMember,usd,-3
AKAM_10K_20241231,BandwidthFees,akam,Bandwidth Fees,233100000.0,False,2024-01-01,2024-12-31,366,StatementBusinessSegmentsAxis=ReportableSegmentMember,usd,-3
AKAM_10K_20241231,BandwidthFees,akam,Bandwidth Fees,228038000.0,False,2023-01-01,2023-12-31,365,StatementBusinessSegmentsAxis=ReportableSegmentMember,usd,-3
AKAM_10K_20241231,BandwidthFees,akam,Bandwidth Fees,205268000.0,False,2022-01-01,2022-12-31,365,StatementBusinessSegmentsAxis=ReportableSegmentMember,usd,-3
AKAM_10K_20241231,ProfessionalAndContractServicesExpense,us-gaap,Professional and Contract Services Expense,193607000.0,False,2024-01-01,2024-12-31,366,StatementBusinessSegmentsAxis=ReportableSegmentMember,usd,-3
AKAM_10K_20241231,ProfessionalAndContractServicesExpense,us-gaap,Professional and Contract Services Expense,215557000.0,False,2023-01-01,2023-12-31,365,StatementBusinessSegmentsAxis=ReportableSegmentMember,usd,-3
AKAM_10K_20241231,ProfessionalAndContractServicesExpense,us-gaap,Professional and Contract Services Expense,195669000.0,False,2022-01-01,2022-12-31,365,StatementBusinessSegmentsAxis=ReportableSegmentMember,usd,-3
AKAM_10K_20241231,LaborAndRelatedExpense,us-gaap,Labor and Related Expense,1511272000.0,False,2024-01-01,2024-12-31,366,StatementBusinessSegmentsAxis=ReportableSegmentMember,usd,-3
AKAM_10K_20241231,LaborAndRelatedExpense,us-gaap,Labor and Related Expense,1408866000.0,False,2023-01-01,2023-12-31,365,StatementBusinessSegmentsAxis=ReportableSegmentMember,usd,-3
AKAM_10K_20241231,LaborAndRelatedExpense,us-gaap,Labor and Related Expense,1346769000.0,False,2022-01-01,2022-12-31,365,StatementBusinessSegmentsAxis=ReportableSegmentMember,usd,-3
AKAM_10K_20241231,CapitalizedSalariesAndRelatedCosts,akam,Capitalized Salaries And Related Costs,-302830000.0,False,2024-01-01,2024-12-31,366,StatementBusinessSegmentsAxis=ReportableSegmentMember,usd,-3
AKAM_10K_20241231,CapitalizedSalariesAndRelatedCosts,akam,Capitalized Salaries And Related Costs,-261728000.0,False,2023-01-01,2023-12-31,365,StatementBusinessSegmentsAxis=ReportableSegmentMember,usd,-3
AKAM_10K_20241231,CapitalizedSalariesAndRelatedCosts,akam,Capitalized Salaries And Related Costs,-202794000.0,False,2022-01-01,2022-12-31,365,StatementBusinessSegmentsAxis=ReportableSegmentMember,usd,-3
AKAM_10K_20241231,FacilitiesRelatedCosts,akam,Facilities-Related costs,86671000.0,False,2024-01-01,2024-12-31,366,StatementBusinessSegmentsAxis=ReportableSegmentMember,usd,-3
AKAM_10K_20241231,FacilitiesRelatedCosts,akam,Facilities-Related costs,90061000.0,False,2023-01-01,2023-12-31,365,StatementBusinessSegmentsAxis=ReportableSegmentMember,usd,-3
AKAM_10K_20241231,FacilitiesRelatedCosts,akam,Facilities-Related costs,103473000.0,False,2022-01-01,2022-12-31,365,StatementBusinessSegmentsAxis=ReportableSegmentMember,usd,-3
AKAM_10K_20241231,SoftwareAndRelatedServices,akam,Software And Related Services,71687000.0,False,2024-01-01,2024-12-31,366,StatementBusinessSegmentsAxis=ReportableSegmentMember,usd,-3
AKAM_10K_20241231,SoftwareAndRelatedServices,akam,Software And Related Services,69970000.0,False,2023-01-01,2023-12-31,365,StatementBusinessSegmentsAxis=ReportableSegmentMember,usd,-3
AKAM_10K_20241231,SoftwareAndRelatedServices,akam,Software And Related Services,70736000.0,False,2022-01-01,2022-12-31,365,StatementBusinessSegmentsAxis=ReportableSegmentMember,usd,-3
AKAM_10K_20241231,SegmentReportingOtherItemAmount,us-gaap,"Segment Reporting, Other Segment Item, Amount",211205000.0,False,2024-01-01,2024-12-31,366,StatementBusinessSegmentsAxis=ReportableSegmentMember,usd,-3
AKAM_10K_20241231,SegmentReportingOtherItemAmount,us-gaap,"Segment Reporting, Other Segment Item, Amount",198525000.0,False,2023-01-01,2023-12-31,365,StatementBusinessSegmentsAxis=ReportableSegmentMember,usd,-3
AKAM_10K_20241231,SegmentReportingOtherItemAmount,us-gaap,"Segment Reporting, Other Segment Item, Amount",171367000.0,False,2022-01-01,2022-12-31,365,StatementBusinessSegmentsAxis=ReportableSegmentMember,usd,-3
AKAM_10K_20241231,DepreciationDepletionAndAmortization,us-gaap,"Depreciation, Depletion and Amortization",648410000.0,False,2024-01-01,2024-12-31,366,StatementBusinessSegmentsAxis=ReportableSegmentMember,usd,-3
AKAM_10K_20241231,DepreciationDepletionAndAmortization,us-gaap,"Depreciation, Depletion and Amortization",570776000.0,False,2023-01-01,2023-12-31,365,StatementBusinessSegmentsAxis=ReportableSegmentMember,usd,-3
AKAM_10K_20241231,DepreciationDepletionAndAmortization,us-gaap,"Depreciation, Depletion and Amortization",592754000.0,False,2022-01-01,2022-12-31,365,StatementBusinessSegmentsAxis=ReportableSegmentMember,usd,-3
AKAM_10K_20241231,AllocatedShareBasedCompensationExpense,us-gaap,"Share-Based Payment Arrangement, Expense",393378000.0,False,2024-01-01,2024-12-31,366,StatementBusinessSegmentsAxis=ReportableSegmentMember,usd,-3
AKAM_10K_20241231,AllocatedShareBasedCompensationExpense,us-gaap,"Share-Based Payment Arrangement, Expense",328467000.0,False,2023-01-01,2023-12-31,365,StatementBusinessSegmentsAxis=ReportableSegmentMember,usd,-3
AKAM_10K_20241231,AllocatedShareBasedCompensationExpense,us-gaap,"Share-Based Payment Arrangement, Expense",217185000.0,False,2022-01-01,2022-12-31,365,StatementBusinessSegmentsAxis=ReportableSegmentMember,usd,-3
AKAM_10K_20241231,RestructuringAndRelatedCostIncurredCost,us-gaap,"Restructuring and Related Cost, Incurred Cost",95441000.0,False,2024-01-01,2024-12-31,366,StatementBusinessSegmentsAxis=ReportableSegmentMember,usd,-3
AKAM_10K_20241231,RestructuringAndRelatedCostIncurredCost,us-gaap,"Restructuring and Related Cost, Incurred Cost",56643000.0,False,2023-01-01,2023-12-31,365,StatementBusinessSegmentsAxis=ReportableSegmentMember,usd,-3
AKAM_10K_20241231,RestructuringAndRelatedCostIncurredCost,us-gaap,"Restructuring and Related Cost, Incurred Cost",13529000.0,False,2022-01-01,2022-12-31,365,StatementBusinessSegmentsAxis=ReportableSegmentMember,usd,-3
AKAM_10K_20241231,AcquisitionRelatedCosts,akam,Acquisition Related Costs,7502000.0,False,2024-01-01,2024-12-31,366,StatementBusinessSegmentsAxis=ReportableSegmentMember,usd,-3
AKAM_10K_20241231,AcquisitionRelatedCosts,akam,Acquisition Related Costs,13345000.0,False,2023-01-01,2023-12-31,365,StatementBusinessSegmentsAxis=ReportableSegmentMember,usd,-3
AKAM_10K_20241231,AcquisitionRelatedCosts,akam,Acquisition Related Costs,29049000.0,False,2022-01-01,2022-12-31,365,StatementBusinessSegmentsAxis=ReportableSegmentMember,usd,-3
AKAM_10K_20241231,InterestAndMarketableSecuritiesIncomeLossNet,akam,"Interest And Marketable Securities Income (Loss), Net",-100280000.0,False,2024-01-01,2024-12-31,366,StatementBusinessSegmentsAxis=ReportableSegmentMember,usd,-3
AKAM_10K_20241231,InterestAndMarketableSecuritiesIncomeLossNet,akam,"Interest And Marketable Securities Income (Loss), Net",-45194000.0,False,2023-01-01,2023-12-31,365,StatementBusinessSegmentsAxis=ReportableSegmentMember,usd,-3
AKAM_10K_20241231,InterestAndMarketableSecuritiesIncomeLossNet,akam,"Interest And Marketable Securities Income (Loss), Net",-3258000.0,False,2022-01-01,2022-12-31,365,StatementBusinessSegmentsAxis=ReportableSegmentMember,usd,-3
AKAM_10K_20241231,InterestExpenseNonoperating,us-gaap,"Interest Expense, Nonoperating",27117000.0,False,2024-01-01,2024-12-31,366,StatementBusinessSegmentsAxis=ReportableSegmentMember,usd,-3
AKAM_10K_20241231,InterestExpenseNonoperating,us-gaap,"Interest Expense, Nonoperating",17709000.0,False,2023-01-01,2023-12-31,365,StatementBusinessSegmentsAxis=ReportableSegmentMember,usd,-3
AKAM_10K_20241231,InterestExpenseNonoperating,us-gaap,"Interest Expense, Nonoperating",11096000.0,False,2022-01-01,2022-12-31,365,StatementBusinessSegmentsAxis=ReportableSegmentMember,usd,-3
AKAM_10K_20241231,OtherNonoperatingExpenseNet,akam,"Other Nonoperating Expense, Net",19561000.0,False,2024-01-01,2024-12-31,366,StatementBusinessSegmentsAxis=ReportableSegmentMember,usd,-3
AKAM_10K_20241231,OtherNonoperatingExpenseNet,akam,"Other Nonoperating Expense, Net",12296000.0,False,2023-01-01,2023-12-31,365,StatementBusinessSegmentsAxis=ReportableSegmentMember,usd,-3
AKAM_10K_20241231,OtherNonoperatingExpenseNet,akam,"Other Nonoperating Expense, Net",10433000.0,False,2022-01-01,2022-12-31,365,StatementBusinessSegmentsAxis=ReportableSegmentMember,usd,-3
AKAM_10K_20241231,IncomeTaxExpenseBenefit,us-gaap,Income Tax Expense (Benefit),82095000.0,False,2024-01-01,2024-12-31,366,StatementBusinessSegmentsAxis=ReportableSegmentMember,usd,-3
AKAM_10K_20241231,IncomeTaxExpenseBenefit,us-gaap,Income Tax Expense (Benefit),106373000.0,False,2023-01-01,2023-12-31,365,StatementBusinessSegmentsAxis=ReportableSegmentMember,usd,-3
AKAM_10K_20241231,IncomeTaxExpenseBenefit,us-gaap,Income Tax Expense (Benefit),126696000.0,False,2022-01-01,2022-12-31,365,StatementBusinessSegmentsAxis=ReportableSegmentMember,usd,-3
AKAM_10K_20241231,IncomeLossFromEquityMethodInvestments,us-gaap,Income (Loss) from Equity Method Investments,0.0,False,2024-01-01,2024-12-31,366,StatementBusinessSegmentsAxis=ReportableSegmentMember,usd,-3
AKAM_10K_20241231,IncomeLossFromEquityMethodInvestments,us-gaap,Income (Loss) from Equity Method Investments,-1475000.0,False,2023-01-01,2023-12-31,365,StatementBusinessSegmentsAxis=ReportableSegmentMember,usd,-3
AKAM_10K_20241231,IncomeLossFromEquityMethodInvestments,us-gaap,Income (Loss) from Equity Method Investments,7635000.0,False,2022-01-01,2022-12-31,365,StatementBusinessSegmentsAxis=ReportableSegmentMember,usd,-3
AKAM_10K_20241231,NetIncomeLoss,us-gaap,Net Income (Loss) Attributable to Parent,504918000.0,False,2024-01-01,2024-12-31,366,StatementBusinessSegmentsAxis=ReportableSegmentMember,usd,-3
AKAM_10K_20241231,NetIncomeLoss,us-gaap,Net Income (Loss) Attributable to Parent,547629000.0,False,2023-01-01,2023-12-31,365,StatementBusinessSegmentsAxis=ReportableSegmentMember,usd,-3
AKAM_10K_20241231,NetIncomeLoss,us-gaap,Net Income (Loss) Attributable to Parent,523672000.0,False,2022-01-01,2022-12-31,365,StatementBusinessSegmentsAxis=ReportableSegmentMember,usd,-3
AKAM_10K_20241231,PropertyPlantAndEquipmentNet,us-gaap,"Property, Plant and Equipment, Net",616376000.0,True,,2024-12-31,0,PropertyPlantAndEquipmentByTypeAxis=PropertyPlantAndEquipmentExcludingInternalUseSoftwareMember;StatementGeographicalAxis=US,usd,-3
AKAM_10K_20241231,PropertyPlantAndEquipmentNet,us-gaap,"Property, Plant and Equipment, Net",639816000.0,True,,2023-12-31,0,PropertyPlantAndEquipmentByTypeAxis=PropertyPlantAndEquipmentExcludingInternalUseSoftwareMember;StatementGeographicalAxis=US,usd,-3
AKAM_10K_20241231,PropertyPlantAndEquipmentNet,us-gaap,"Property, Plant and Equipment, Net",663914000.0,True,,2024-12-31,0,PropertyPlantAndEquipmentByTypeAxis=PropertyPlantAndEquipmentExcludingInternalUseSoftwareMember;StatementGeographicalAxis=NonUsMember,usd,-3
AKAM_10K_20241231,PropertyPlantAndEquipmentNet,us-gaap,"Property, Plant and Equipment, Net",616750000.0,True,,2023-12-31,0,PropertyPlantAndEquipmentByTypeAxis=PropertyPlantAndEquipmentExcludingInternalUseSoftwareMember;StatementGeographicalAxis=NonUsMember,usd,-3
AKAM_10K_20241231,OperatingLeaseRightOfUseAsset,us-gaap,"Operating Lease, Right-of-Use Asset",600015000.0,True,,2024-12-31,0,StatementGeographicalAxis=US,usd,-3
AKAM_10K_20241231,OperatingLeaseRightOfUseAsset,us-gaap,"Operating Lease, Right-of-Use Asset",624489000.0,True,,2023-12-31,0,StatementGeographicalAxis=US,usd,-3
AKAM_10K_20241231,OperatingLeaseRightOfUseAsset,us-gaap,"Operating Lease, Right-of-Use Asset",406723000.0,True,,2024-12-31,0,StatementGeographicalAxis=NonUsMember,usd,-3
AKAM_10K_20241231,OperatingLeaseRightOfUseAsset,us-gaap,"Operating Lease, Right-of-Use Asset",284145000.0,True,,2023-12-31,0,StatementGeographicalAxis=NonUsMember,usd,-3
AKAM_10K_20241231,TrdArrSecuritiesAggAvailAmt,ecd,"Trading Arrangement, Securities Aggregate Available Amount",46778.0,True,,2024-12-31,0,IndividualAxis=AdamKaronMember,shares,INF
AKAM_10K_20241231,TrdArrSecuritiesAggAvailAmt,ecd,"Trading Arrangement, Securities Aggregate Available Amount",16867.0,True,,2024-12-31,0,IndividualAxis=ManiSundaramMember,shares,INF
AKAM_10Q_20250930,DebtInstrumentConvertibleConversionRatio1,us-gaap,"Debt Instrument, Convertible, Conversion Ratio",0.0107513,False,2025-01-01,2025-09-30,273,DebtInstrumentAxis=ConvertibleSeniorNotesDue2033Member;LongtermDebtTypeAxis=ConvertibleDebtMember,number,INF
AKAM_10Q_20250930,DebtInstrumentConvertibleConversionRatio1,us-gaap,"Debt Instrument, Convertible, Conversion Ratio",0.007917,False,2025-01-01,2025-09-30,273,DebtInstrumentAxis=ConvertibleSeniorNotesDue2029Member;LongtermDebtTypeAxis=ConvertibleDebtMember,number,INF
AKAM_10Q_20250930,DebtInstrumentConvertibleConversionRatio1,us-gaap,"Debt Instrument, Convertible, Conversion Ratio",0.0086073,False,2025-01-01,2025-09-30,273,DebtInstrumentAxis=ConvertibleSeniorNotesDue2027Member;LongtermDebtTypeAxis=ConvertibleDebtMember,number,INF
AKAM_10Q_20250930,EntityCommonStockSharesOutstanding,dei,"Entity Common Stock, Shares Outstanding",143865237.0,True,,2025-11-03,0,,shares,INF
AKAM_10Q_20250930,CashAndCashEquivalentsAtCarryingValue,us-gaap,Cash and Cash Equivalent,927933000.0,True,,2025-09-30,0,,usd,-3
AKAM_10Q_20250930,CashAndCashEquivalentsAtCarryingValue,us-gaap,Cash and Cash Equivalent,517707000.0,True,,2024-12-31,0,,usd,-3
AKAM_10Q_20250930,MarketableSecuritiesCurrent,us-gaap,"Marketable Securities, Current",190807000.0,True,,2025-09-30,0,,usd,-3
AKAM_10Q_20250930,MarketableSecuritiesCurrent,us-gaap,"Marketable Securities, Current",1078876000.0,True,,2024-12-31,0,,usd,-3
AKAM_10Q_20250930,AllowanceForDoubtfulAccountsReceivableCurrent,us-gaap,"Accounts Receivable, Allowance for Credit Loss, Current",5769000.0,True,,2025-09-30,0,,usd,-3
AKAM_10Q_20250930,AllowanceForDoubtfulAccountsReceivableCurrent,us-gaap,"Accounts Receivable, Allowance for Credit Loss, Current",3522000.0,True,,2024-12-31,0,,usd,-3
AKAM_10Q_20250930,AccountsReceivableNetCurrent,us-gaap,"Accounts Receivable, after Allowance for Credit Loss, Current",765891000.0,True,,2025-09-30,0,,usd,-3
AKAM_10Q_20250930,AccountsReceivableNetCurrent,us-gaap,"Accounts Receivable, after Allowance for Credit Loss, Current",727687000.0,True,,2024-12-31,0,,usd,-3
AKAM_10Q_20250930,PrepaidExpenseAndOtherAssetsCurrent,us-gaap,"Prepaid Expense and Other Assets, Current",282607000.0,True,,2025-09-30,0,,usd,-3
AKAM_10Q_20250930,PrepaidExpenseAndOtherAssetsCurrent,us-gaap,"Prepaid Expense and Other Assets, Current",253827000.0,True,,2024-12-31,0,,usd,-3
AKAM_10Q_20250930,AssetsCurrent,us-gaap,"Assets, Current",2167238000.0,True,,2025-09-30,0,,usd,-3
AKAM_10Q_20250930,AssetsCurrent,us-gaap,"Assets, Current",2578097000.0,True,,2024-12-31,0,,usd,-3
AKAM_10Q_20250930,MarketableSecuritiesNoncurrent,us-gaap,"Marketable Securities, Noncurrent",694000000.0,True,,2025-09-30,0,,usd,-3
AKAM_10Q_20250930,MarketableSecuritiesNoncurrent,us-gaap,"Marketable Securities, Noncurrent",275592000.0,True,,2024-12-31,0,,usd,-3
AKAM_10Q_20250930,PropertyPlantAndEquipmentAndCapitalizedSoftwareNet,akam,"Property, Plant And Equipment And Capitalized Software, Net",2317804000.0,True,,2025-09-30,0,,usd,-3
AKAM_10Q_20250930,PropertyPlantAndEquipmentAndCapitalizedSoftwareNet,akam,"Property, Plant And Equipment And Capitalized Software, Net",1995071000.0,True,,2024-12-31,0,,usd,-3
AKAM_10Q_20250930,OperatingLeaseRightOfUseAsset,us-gaap,"Operating Lease, Right-of-Use Asset",1021166000.0,True,,2025-09-30,0,,usd,-3
AKAM_10Q_20250930,OperatingLeaseRightOfUseAsset,us-gaap,"Operating Lease, Right-of-Use Asset",1006738000.0,True,,2024-12-31,0,,usd,-3
AKAM_10Q_20250930,IntangibleAssetsNetExcludingGoodwill,us-gaap,"Intangible Assets, Net (Excluding Goodwill)",647480000.0,True,,2025-09-30,0,,usd,-3
AKAM_10Q_20250930,IntangibleAssetsNetExcludingGoodwill,us-gaap,"Intangible Assets, Net (Excluding Goodwill)",727585000.0,True,,2024-12-31,0,,usd,-3
AKAM_10Q_20250930,Goodwill,us-gaap,Goodwill,3170123000.0,True,,2025-09-30,0,,usd,-3
AKAM_10Q_20250930,Goodwill,us-gaap,Goodwill,3151077000.0,True,,2024-12-31,0,,usd,-3
AKAM_10Q_20250930,DeferredIncomeTaxAssetsNet,us-gaap,"Deferred Income Tax Assets, Net",619367000.0,True,,2025-09-30,0,,usd,-3
AKAM_10Q_20250930,DeferredIncomeTaxAssetsNet,us-gaap,"Deferred Income Tax Assets, Net",483249000.0,True,,2024-12-31,0,,usd,-3
AKAM_10Q_20250930,OtherAssetsNoncurrent,us-gaap,"Other Assets, Noncurrent",196095000.0,True,,2025-09-30,0,,usd,-3
AKAM_10Q_20250930,OtherAssetsNoncurrent,us-gaap,"Other Assets, Noncurrent",151376000.0,True,,2024-12-31,0,,usd,-3
AKAM_10Q_20250930,Assets,us-gaap,Assets,10833273000.0,True,,2025-09-30,0,,usd,-3
AKAM_10Q_20250930,Assets,us-gaap,Assets,10368785000.0,True,,2024-12-31,0,,usd,-3
AKAM_10Q_20250930,AccountsPayableCurrent,us-gaap,"Accounts Payable, Current",189967000.0,True,,2025-09-30,0,,usd,-3
AKAM_10Q_20250930,AccountsPayableCurrent,us-gaap,"Accounts Payable, Current",130447000.0,True,,2024-12-31,0,,usd,-3
AKAM_10Q_20250930,AccruedLiabilitiesCurrent,us-gaap,"Accrued Liabilities, Current",308160000.0,True,,2025-09-30,0,,usd,-3
AKAM_10Q_20250930,AccruedLiabilitiesCurrent,us-gaap,"Accrued Liabilities, Current",370888000.0,True,,2024-12-31,0,,usd,-3
AKAM_10Q_20250930,ContractWithCustomerLiabilityCurrent,us-gaap,"Contract with Customer, Liability, Current",162448000.0,True,,2025-09-30,0,,usd,-3
AKAM_10Q_20250930,ContractWithCustomerLiabilityCurrent,us-gaap,"Contract with Customer, Liability, Current",149222000.0,True,,2024-12-31,0,,usd,-3
AKAM_10Q_20250930,ConvertibleNotesPayableCurrent,us-gaap,"Convertible Notes Payable, Current",0.0,True,,2025-09-30,0,,usd,-3
AKAM_10Q_20250930,ConvertibleNotesPayableCurrent,us-gaap,"Convertible Notes Payable, Current",1149116000.0,True,,2024-12-31,0,,usd,-3
AKAM_10Q_20250930,OperatingLeaseLiabilityCurrent,us-gaap,"Operating Lease, Liability, Current",281347000.0,True,,2025-09-30,0,,usd,-3
AKAM_10Q_20250930,OperatingLeaseLiabilityCurrent,us-gaap,"Operating Lease, Liability, Current",259134000.0,True,,2024-12-31,0,,usd,-3
AKAM_10Q_20250930,OtherLiabilitiesCurrent,us-gaap,"Other Liabilities, Current",8394000.0,True,,2025-09-30,0,,usd,-3
AKAM_10Q_20250930,OtherLiabilitiesCurrent,us-gaap,"Other Liabilities, Current",32516000.0,True,,2024-12-31,0,,usd,-3
AKAM_10Q_20250930,LiabilitiesCurrent,us-gaap,"Liabilities, Current",950316000.0,True,,2025-09-30,0,,usd,-3
AKAM_10Q_20250930,LiabilitiesCurrent,us-gaap,"Liabilities, Current",2091323000.0,True,,2024-12-31,0,,usd,-3
AKAM_10Q_20250930,ContractWithCustomerLiabilityNoncurrent,us-gaap,"Contract with Customer, Liability, Noncurrent",22981000.0,True,,2025-09-30,0,,usd,-3
AKAM_10Q_20250930,ContractWithCustomerLiabilityNoncurrent,us-gaap,"Contract with Customer, Liability, Noncurrent",26314000.0,True,,2024-12-31,0,,usd,-3
AKAM_10Q_20250930,DeferredIncomeTaxLiabilitiesNet,us-gaap,"Deferred Income Tax Liabilities, Net",27154000.0,True,,2025-09-30,0,,usd,-3
AKAM_10Q_20250930,DeferredIncomeTaxLiabilitiesNet,us-gaap,"Deferred Income Tax Liabilities, Net",16066000.0,True,,2024-12-31,0,,usd,-3
AKAM_10Q_20250930,ConvertibleLongTermNotesPayable,us-gaap,"Convertible Notes Payable, Noncurrent",4103106000.0,True,,2025-09-30,0,,usd,-3
AKAM_10Q_20250930,ConvertibleLongTermNotesPayable,us-gaap,"Convertible Notes Payable, Noncurrent",2396695000.0,True,,2024-12-31,0,,usd,-3
AKAM_10Q_20250930,OperatingLeaseLiabilityNoncurrent,us-gaap,"Operating Lease, Liability, Noncurrent",846619000.0,True,,2025-09-30,0,,usd,-3
AKAM_10Q_20250930,OperatingLeaseLiabilityNoncurrent,us-gaap,"Operating Lease, Liability, Noncurrent",829660000.0,True,,2024-12-31,0,,usd,-3
AKAM_10Q_20250930,OtherLiabilitiesNoncurrent,us-gaap,"Other Liabilities, Noncurrent",151153000.0,True,,2025-09-30,0,,usd,-3
AKAM_10Q_20250930,OtherLiabilitiesNoncurrent,us-gaap,"Other Liabilities, Noncurrent",130370000.0,True,,2024-12-31,0,,usd,-3
AKAM_10Q_20250930,Liabilities,us-gaap,Liabilities,6101329000.0,True,,2025-09-30,0,,usd,-3
AKAM_10Q_20250930,Liabilities,us-gaap,Liabilities,5490428000.0,True,,2024-12-31,0,,usd,-3
AKAM_10Q_20250930,PreferredStockParOrStatedValuePerShare,us-gaap,"Preferred Stock, Par or Stated Value Per Share",0.01,True,,2025-09-30,0,,usdPerShare,INF
AKAM_10Q_20250930,PreferredStockParOrStatedValuePerShare,us-gaap,"Preferred Stock, Par or Stated Value Per Share",0.01,True,,2024-12-31,0,,usdPerShare,INF
AKAM_10Q_20250930,PreferredStockSharesAuthorized,us-gaap,"Preferred Stock, Shares Authorized",5000000.0,True,,2025-09-30,0,,shares,INF
AKAM_10Q_20250930,PreferredStockSharesAuthorized,us-gaap,"Preferred Stock, Shares Authorized",5000000.0,True,,2024-12-31,0,,shares,INF
AKAM_10Q_20250930,ConvertiblePreferredStockSharesReservedForFutureIssuance,us-gaap,"Convertible Preferred Stock, Shares Reserved for Future Issuance",700000.0,True,,2024-12-31,0,,shares,INF
AKAM_10Q_20250930,ConvertiblePreferredStockSharesReservedForFutureIssuance,us-gaap,"Convertible Preferred Stock, Shares Reserved for Future Issuance",700000.0,True,,2025-09-30,0,,shares,INF
AKAM_10Q_20250930,PreferredStockSharesIssued,us-gaap,"Preferred Stock, Shares Issued",0.0,True,,2025-09-30,0,,shares,INF
AKAM_10Q_20250930,PreferredStockSharesOutstanding,us-gaap,"Preferred Stock, Shares Outstanding",0.0,True,,2024-12-31,0,,shares,INF
AKAM_10Q_20250930,PreferredStockSharesIssued,us-gaap,"Preferred Stock, Shares Issued",0.0,True,,2024-12-31,0,,shares,INF
AKAM_10Q_20250930,PreferredStockSharesOutstanding,us-gaap,"Preferred Stock, Shares Outstanding",0.0,True,,2025-09-30,0,,shares,INF
AKAM_10Q_20250930,PreferredStockValue,us-gaap,"Preferred Stock, Value, Issued",0.0,True,,2025-09-30,0,,usd,-3
AKAM_10Q_20250930,PreferredStockValue,us-gaap,"Preferred Stock, Value, Issued",0.0,True,,2024-12-31,0,,usd,-3
AKAM_10Q_20250930,CommonStockParOrStatedValuePerShare,us-gaap,"Common Stock, Par or Stated Value Per Share",0.01,True,,2025-09-30,0,,usdPerShare,INF
AKAM_10Q_20250930,CommonStockParOrStatedValuePerShare,us-gaap,"Common Stock, Par or Stated Value Per Share",0.01,True,,2024-12-31,0,,usdPerShare,INF
AKAM_10Q_20250930,CommonStockSharesAuthorized,us-gaap,"Common Stock, Shares Authorized",700000000.0,True,,2025-09-30,0,,shares,INF
AKAM_10Q_20250930,CommonStockSharesAuthorized,us-gaap,"Common Stock, Shares Authorized",700000000.0,True,,2024-12-31,0,,shares,INF
AKAM_10Q_20250930,CommonStockSharesIssued,us-gaap,"Common Stock, Shares, Issued",159113000.0,True,,2025-09-30,0,,shares,INF
AKAM_10Q_20250930,CommonStockSharesOutstanding,us-gaap,"Common Stock, Shares, Outstanding",143767463.0,True,,2025-09-30,0,,shares,INF
AKAM_10Q_20250930,CommonStockSharesIssued,us-gaap,"Common Stock, Shares, Issued",155647988.0,True,,2024-12-31,0,,shares,INF
AKAM_10Q_20250930,CommonStockSharesOutstanding,us-gaap,"Common Stock, Shares, Outstanding",150025096.0,True,,2024-12-31,0,,shares,INF
AKAM_10Q_20250930,CommonStockValue,us-gaap,"Common Stock, Value, Issued",1591000.0,True,,2025-09-30,0,,usd,-3
AKAM_10Q_20250930,CommonStockValue,us-gaap,"Common Stock, Value, Issued",1556000.0,True,,2024-12-31,0,,usd,-3
AKAM_10Q_20250930,AdditionalPaidInCapital,us-gaap,Additional Paid in Capital,2819050000.0,True,,2025-09-30,0,,usd,-3
AKAM_10Q_20250930,AdditionalPaidInCapital,us-gaap,Additional Paid in Capital,2618384000.0,True,,2024-12-31,0,,usd,-3
AKAM_10Q_20250930,AccumulatedOtherComprehensiveIncomeLossNetOfTax,us-gaap,"Accumulated Other Comprehensive Income (Loss), Net of Tax",-93318000.0,True,,2025-09-30,0,,usd,-3
AKAM_10Q_20250930,AccumulatedOtherComprehensiveIncomeLossNetOfTax,us-gaap,"Accumulated Other Comprehensive Income (Loss), Net of Tax",-155993000.0,True,,2024-12-31,0,,usd,-3
AKAM_10Q_20250930,TreasuryStockCommonShares,us-gaap,"Treasury Stock, Common, Shares",15345537.0,True,,2025-09-30,0,,shares,INF
AKAM_10Q_20250930,TreasuryStockCommonShares,us-gaap,"Treasury Stock, Common, Shares",5622892.0,True,,2024-12-31,0,,shares,INF
AKAM_10Q_20250930,TreasuryStockCommonValue,us-gaap,"Treasury Stock, Common, Value",1335236000.0,True,,2025-09-30,0,,usd,-3
AKAM_10Q_20250930,TreasuryStockCommonValue,us-gaap,"Treasury Stock, Common, Value",558488000.0,True,,2024-12-31,0,,usd,-3
AKAM_10Q_20250930,RetainedEarningsAccumulatedDeficit,us-gaap,Retained Earnings (Accumulated Deficit),3339857000.0,True,,2025-09-30,0,,usd,-3
AKAM_10Q_20250930,RetainedEarningsAccumulatedDeficit,us-gaap,Retained Earnings (Accumulated Deficit),2972898000.0,True,,2024-12-31,0,,usd,-3
AKAM_10Q_20250930,StockholdersEquity,us-gaap,"Equity, Attributable to Parent",4731944000.0,True,,2025-09-30,0,,usd,-3
AKAM_10Q_20250930,StockholdersEquity,us-gaap,"Equity, Attributable to Parent",4878357000.0,True,,2024-12-31,0,,usd,-3
AKAM_10Q_20250930,LiabilitiesAndStockholdersEquity,us-gaap,Liabilities and Equity,10833273000.0,True,,2025-09-30,0,,usd,-3
AKAM_10Q_20250930,LiabilitiesAndStockholdersEquity,us-gaap,Liabilities and Equity,10368785000.0,True,,2024-12-31,0,,usd,-3
AKAM_10Q_20250930,RevenueFromContractWithCustomerIncludingAssessedTax,us-gaap,"Revenue from Contract with Customer, Including Assessed Tax",1054630000.0,False,2025-07-01,2025-09-30,92,,usd,-3
AKAM_10Q_20250930,RevenueFromContractWithCustomerIncludingAssessedTax,us-gaap,"Revenue from Contract with Customer, Including Assessed Tax",1004679000.0,False,2024-07-01,2024-09-30,92,,usd,-3
AKAM_10Q_20250930,RevenueFromContractWithCustomerIncludingAssessedTax,us-gaap,"Revenue from Contract with Customer, Including Assessed Tax",3113263000.0,False,2025-01-01,2025-09-30,273,,usd,-3
AKAM_10Q_20250930,RevenueFromContractWithCustomerIncludingAssessedTax,us-gaap,"Revenue from Contract with Customer, Including Assessed Tax",2971229000.0,False,2024-01-01,2024-09-30,274,,usd,-3
AKAM_10Q_20250930,CostOfRevenue,us-gaap,Cost of Revenue,429532000.0,False,2025-07-01,2025-09-30,92,,usd,-3
AKAM_10Q_20250930,CostOfRevenue,us-gaap,Cost of Revenue,408806000.0,False,2024-07-01,2024-09-30,92,,usd,-3
AKAM_10Q_20250930,CostOfRevenue,us-gaap,Cost of Revenue,1275012000.0,False,2025-01-01,2025-09-30,273,,usd,-3
AKAM_10Q_20250930,CostOfRevenue,us-gaap,Cost of Revenue,1206437000.0,False,2024-01-01,2024-09-30,274,,usd,-3
AKAM_10Q_20250930,ResearchAndDevelopmentExpense,us-gaap,Research and Development Expense,124720000.0,False,2025-07-01,2025-09-30,92,,usd,-3
AKAM_10Q_20250930,ResearchAndDevelopmentExpense,us-gaap,Research and Development Expense,120347000.0,False,2024-07-01,2024-09-30,92,,usd,-3
AKAM_10Q_20250930,ResearchAndDevelopmentExpense,us-gaap,Research and Development Expense,374107000.0,False,2025-01-01,2025-09-30,273,,usd,-3
AKAM_10Q_20250930,ResearchAndDevelopmentExpense,us-gaap,Research and Development Expense,350631000.0,False,2024-01-01,2024-09-30,274,,usd,-3
AKAM_10Q_20250930,SellingAndMarketingExpense,us-gaap,Selling and Marketing Expense,144867000.0,False,2025-07-01,2025-09-30,92,,usd,-3
AKAM_10Q_20250930,SellingAndMarketingExpense,us-gaap,Selling and Marketing Expense,138551000.0,False,2024-07-01,2024-09-30,92,,usd,-3
AKAM_10Q_20250930,SellingAndMarketingExpense,us-gaap,Selling and Marketing Expense,425237000.0,False,2025-01-01,2025-09-30,273,,usd,-3
AKAM_10Q_20250930,SellingAndMarketingExpense,us-gaap,Selling and Marketing Expense,412160000.0,False,2024-01-01,2024-09-30,274,,usd,-3
AKAM_10Q_20250930,GeneralAndAdministrativeExpense,us-gaap,General and Administrative Expense,161719000.0,False,2025-07-01,2025-09-30,92,,usd,-3
AKAM_10Q_20250930,GeneralAndAdministrativeExpense,us-gaap,General and Administrative Expense,159957000.0,False,2024-07-01,2024-09-30,92,,usd,-3
AKAM_10Q_20250930,GeneralAndAdministrativeExpense,us-gaap,General and Administrative Expense,480249000.0,False,2025-01-01,2025-09-30,273,,usd,-3
AKAM_10Q_20250930,GeneralAndAdministrativeExpense,us-gaap,General and Administrative Expense,466241000.0,False,2024-01-01,2024-09-30,274,,usd,-3
AKAM_10Q_20250930,AmortizationOfIntangibleAssets,us-gaap,Amortization of Intangible Assets,27783000.0,False,2025-07-01,2025-09-30,92,,usd,-3
AKAM_10Q_20250930,AmortizationOfIntangibleAssets,us-gaap,Amortization of Intangible Assets,24368000.0,False,2024-07-01,2024-09-30,92,,usd,-3
AKAM_10Q_20250930,AmortizationOfIntangibleAssets,us-gaap,Amortization of Intangible Assets,83141000.0,False,2025-01-01,2025-09-30,273,,usd,-3
AKAM_10Q_20250930,AmortizationOfIntangibleAssets,us-gaap,Amortization of Intangible Assets,66467000.0,False,2024-01-01,2024-09-30,274,,usd,-3
AKAM_10Q_20250930,RestructuringAndRelatedCostIncurredCost,us-gaap,"Restructuring and Related Cost, Incurred Cost",-15000.0,False,2025-07-01,2025-09-30,92,,usd,-3
AKAM_10Q_20250930,RestructuringAndRelatedCostIncurredCost,us-gaap,"Restructuring and Related Cost, Incurred Cost",82013000.0,False,2024-07-01,2024-09-30,92,,usd,-3
AKAM_10Q_20250930,RestructuringAndRelatedCostIncurredCost,us-gaap,"Restructuring and Related Cost, Incurred Cost",3449000.0,False,2025-01-01,2025-09-30,273,,usd,-3
AKAM_10Q_20250930,RestructuringAndRelatedCostIncurredCost,us-gaap,"Restructuring and Related Cost, Incurred Cost",83942000.0,False,2024-01-01,2024-09-30,274,,usd,-3
AKAM_10Q_20250930,CostsAndExpenses,us-gaap,Costs and Expenses,888606000.0,False,2025-07-01,2025-09-30,92,,usd,-3
AKAM_10Q_20250930,CostsAndExpenses,us-gaap,Costs and Expenses,934042000.0,False,2024-07-01,2024-09-30,92,,usd,-3
AKAM_10Q_20250930,CostsAndExpenses,us-gaap,Costs and Expenses,2641195000.0,False,2025-01-01,2025-09-30,273,,usd,-3
AKAM_10Q_20250930,CostsAndExpenses,us-gaap,Costs and Expenses,2585878000.0,False,2024-01-01,2024-09-30,274,,usd,-3
AKAM_10Q_20250930,OperatingIncomeLoss,us-gaap,Operating Income (Loss),166024000.0,False,2025-07-01,2025-09-30,92,,usd,-3
AKAM_10Q_20250930,OperatingIncomeLoss,us-gaap,Operating Income (Loss),70637000.0,False,2024-07-01,2024-09-30,92,,usd,-3
AKAM_10Q_20250930,OperatingIncomeLoss,us-gaap,Operating Income (Loss),472068000.0,False,2025-01-01,2025-09-30,273,,usd,-3
AKAM_10Q_20250930,OperatingIncomeLoss,us-gaap,Operating Income (Loss),385351000.0,False,2024-01-01,2024-09-30,274,,usd,-3
AKAM_10Q_20250930,InterestAndMarketableSecuritiesIncomeLossNet,akam,"Interest And Marketable Securities Income (Loss), Net",18893000.0,False,2025-07-01,2025-09-30,92,,usd,-3
AKAM_10Q_20250930,InterestAndMarketableSecuritiesIncomeLossNet,akam,"Interest And Marketable Securities Income (Loss), Net",23065000.0,False,2024-07-01,2024-09-30,92,,usd,-3
AKAM_10Q_20250930,InterestAndMarketableSecuritiesIncomeLossNet,akam,"Interest And Marketable Securities Income (Loss), Net",52552000.0,False,2025-01-01,2025-09-30,273,,usd,-3
AKAM_10Q_20250930,InterestAndMarketableSecuritiesIncomeLossNet,akam,"Interest And Marketable Securities Income (Loss), Net",77534000.0,False,2024-01-01,2024-09-30,274,,usd,-3
AKAM_10Q_20250930,InterestExpenseNonoperating,us-gaap,"Interest Expense, Nonoperating",7915000.0,False,2025-07-01,2025-09-30,92,,usd,-3
AKAM_10Q_20250930,InterestExpenseNonoperating,us-gaap,"Interest Expense, Nonoperating",6735000.0,False,2024-07-01,2024-09-30,92,,usd,-3
AKAM_10Q_20250930,InterestExpenseNonoperating,us-gaap,"Interest Expense, Nonoperating",22866000.0,False,2025-01-01,2025-09-30,273,,usd,-3
AKAM_10Q_20250930,InterestExpenseNonoperating,us-gaap,"Interest Expense, Nonoperating",20382000.0,False,2024-01-01,2024-09-30,274,,usd,-3
AKAM_10Q_20250930,OtherNonoperatingIncomeExpense,us-gaap,Other Nonoperating Income (Expense),-3837000.0,False,2025-07-01,2025-09-30,92,,usd,-3
AKAM_10Q_20250930,OtherNonoperatingIncomeExpense,us-gaap,Other Nonoperating Income (Expense),-13161000.0,False,2024-07-01,2024-09-30,92,,usd,-3
AKAM_10Q_20250930,OtherNonoperatingIncomeExpense,us-gaap,Other Nonoperating Income (Expense),-3268000.0,False,2025-01-01,2025-09-30,273,,usd,-3
AKAM_10Q_20250930,OtherNonoperatingIncomeExpense,us-gaap,Other Nonoperating Income (Expense),-13599000.0,False,2024-01-01,2024-09-30,274,,usd,-3
AKAM_10Q_20250930,IncomeLossFromContinuingOperationsBeforeIncomeTaxesExtraordinaryItemsNoncontrollingInterest,us-gaap,"Income (Loss) from Continuing Operations before Income Taxes, Noncontrolling Interest",173165000.0,False,2025-07-01,2025-09-30,92,,usd,-3
AKAM_10Q_20250930,IncomeLossFromContinuingOperationsBeforeIncomeTaxesExtraordinaryItemsNoncontrollingInterest,us-gaap,"Income (Loss) from Continuing Operations before Income Taxes, Noncontrolling Interest",73806000.0,False,2024-07-01,2024-09-30,92,,usd,-3
AKAM_10Q_20250930,IncomeLossFromContinuingOperationsBeforeIncomeTaxesExtraordinaryItemsNoncontrollingInterest,us-gaap,"Income (Loss) from Continuing Operations before Income Taxes, Noncontrolling Interest",498486000.0,False,2025-01-01,2025-09-30,273,,usd,-3
AKAM_10Q_20250930,IncomeLossFromContinuingOperationsBeforeIncomeTaxesExtraordinaryItemsNoncontrollingInterest,us-gaap,"Income (Loss) from Continuing Operations before Income Taxes, Noncontrolling Interest",428904000.0,False,2024-01-01,2024-09-30,274,,usd,-3
AKAM_10Q_20250930,IncomeTaxExpenseBenefit,us-gaap,Income Tax Expense (Benefit),32995000.0,False,2025-07-01,2025-09-30,92,,usd,-3
AKAM_10Q_20250930,IncomeTaxExpenseBenefit,us-gaap,Income Tax Expense (Benefit),15899000.0,False,2024-07-01,2024-09-30,92,,usd,-3
AKAM_10Q_20250930,IncomeTaxExpenseBenefit,us-gaap,Income Tax Expense (Benefit),131527000.0,False,2025-01-01,2025-09-30,273,,usd,-3
AKAM_10Q_20250930,IncomeTaxExpenseBenefit,us-gaap,Income Tax Expense (Benefit),63891000.0,False,2024-01-01,2024-09-30,274,,usd,-3
AKAM_10Q_20250930,NetIncomeLoss,us-gaap,Net Income (Loss) Attributable to Parent,140170000.0,False,2025-07-01,2025-09-30,92,,usd,-3
AKAM_10Q_20250930,NetIncomeLoss,us-gaap,Net Income (Loss) Attributable to Parent,57907000.0,False,2024-07-01,2024-09-30,92,,usd,-3
AKAM_10Q_20250930,NetIncomeLoss,us-gaap,Net Income (Loss) Attributable to Parent,366959000.0,False,2025-01-01,2025-09-30,273,,usd,-3
AKAM_10Q_20250930,NetIncomeLoss,us-gaap,Net Income (Loss) Attributable to Parent,365013000.0,False,2024-01-01,2024-09-30,274,,usd,-3
AKAM_10Q_20250930,EarningsPerShareBasic,us-gaap,"Earnings Per Share, Basic",0.98,False,2025-07-01,2025-09-30,92,,usdPerShare,2
AKAM_10Q_20250930,EarningsPerShareBasic,us-gaap,"Earnings Per Share, Basic",0.38,False,2024-07-01,2024-09-30,92,,usdPerShare,2
AKAM_10Q_20250930,EarningsPerShareBasic,us-gaap,"Earnings Per Share, Basic",2.52,False,2025-01-01,2025-09-30,273,,usdPerShare,2
AKAM_10Q_20250930,EarningsPerShareBasic,us-gaap,"Earnings Per Share, Basic",2.4,False,2024-01-01,2024-09-30,274,,usdPerShare,2
AKAM_10Q_20250930,EarningsPerShareDiluted,us-gaap,"Earnings Per Share, Diluted",0.97,False,2025-07-01,2025-09-30,92,,usdPerShare,2
AKAM_10Q_20250930,EarningsPerShareDiluted,us-gaap,"Earnings Per Share, Diluted",0.38,False,2024-07-01,2024-09-30,92,,usdPerShare,2
AKAM_10Q_20250930,EarningsPerShareDiluted,us-gaap,"Earnings Per Share, Diluted",2.5,False,2025-01-01,2025-09-30,273,,usdPerShare,2
AKAM_10Q_20250930,EarningsPerShareDiluted,us-gaap,"Earnings Per Share, Diluted",2.36,False,2024-01-01,2024-09-30,274,,usdPerShare,2
AKAM_10Q_20250930,WeightedAverageNumberOfSharesOutstandingBasic,us-gaap,"Weighted Average Number of Shares Outstanding, Basic",143577000.0,False,2025-07-01,2025-09-30,92,,shares,-3
AKAM_10Q_20250930,WeightedAverageNumberOfSharesOutstandingBasic,us-gaap,"Weighted Average Number of Shares Outstanding, Basic",151435000.0,False,2024-07-01,2024-09-30,92,,shares,-3
AKAM_10Q_20250930,WeightedAverageNumberOfSharesOutstandingBasic,us-gaap,"Weighted Average Number of Shares Outstanding, Basic",145795000.0,False,2025-01-01,2025-09-30,273,,shares,-3
AKAM_10Q_20250930,WeightedAverageNumberOfSharesOutstandingBasic,us-gaap,"Weighted Average Number of Shares Outstanding, Basic",151776000.0,False,2024-01-01,2024-09-30,274,,shares,-3
AKAM_10Q_20250930,WeightedAverageNumberOfDilutedSharesOutstanding,us-gaap,"Weighted Average Number of Shares Outstanding, Diluted",144811000.0,False,2025-07-01,2025-09-30,92,,shares,-3
AKAM_10Q_20250930,WeightedAverageNumberOfDilutedSharesOutstanding,us-gaap,"Weighted Average Number of Shares Outstanding, Diluted",153240000.0,False,2024-07-01,2024-09-30,92,,shares,-3
AKAM_10Q_20250930,WeightedAverageNumberOfDilutedSharesOutstanding,us-gaap,"Weighted Average Number of Shares Outstanding, Diluted",147041000.0,False,2025-01-01,2025-09-30,273,,shares,-3
AKAM_10Q_20250930,WeightedAverageNumberOfDilutedSharesOutstanding,us-gaap,"Weighted Average Number of Shares Outstanding, Diluted",154765000.0,False,2024-01-01,2024-09-30,274,,shares,-3
AKAM_10Q_20250930,OtherComprehensiveIncomeForeignCurrencyTransactionAndTranslationAdjustmentNetOfTaxPortionAttributableToParent,us-gaap,"Other Comprehensive Income (Loss), Foreign Currency Transaction and Translation Adjustment, Net of Tax, Portion Attributable to Parent",-6874000.0,False,2025-07-01,2025-09-30,92,,usd,-3
AKAM_10Q_20250930,OtherComprehensiveIncomeForeignCurrencyTransactionAndTranslationAdjustmentNetOfTaxPortionAttributableToParent,us-gaap,"Other Comprehensive Income (Loss), Foreign Currency Transaction and Translation Adjustment, Net of Tax, Portion Attributable to Parent",28475000.0,False,2024-07-01,2024-09-30,92,,usd,-3
AKAM_10Q_20250930,OtherComprehensiveIncomeForeignCurrencyTransactionAndTranslationAdjustmentNetOfTaxPortionAttributableToParent,us-gaap,"Other Comprehensive Income (Loss), Foreign Currency Transaction and Translation Adjustment, Net of Tax, Portion Attributable to Parent",61613000.0,False,2025-01-01,2025-09-30,273,,usd,-3
AKAM_10Q_20250930,OtherComprehensiveIncomeForeignCurrencyTransactionAndTranslationAdjustmentNetOfTaxPortionAttributableToParent,us-gaap,"Other Comprehensive Income (Loss), Foreign Currency Transaction and Translation Adjustment, Net of Tax, Portion Attributable to Parent",-6870000.0,False,2024-01-01,2024-09-30,274,,usd,-3
AKAM_10Q_20250930,OtherComprehensiveIncomeUnrealizedHoldingGainLossOnSecuritiesArisingDuringPeriodTax,us-gaap,"OCI, Debt Securities, Available-for-Sale, Unrealized Holding Gain (Loss), before Adjustment, Tax",317000.0,False,2025-07-01,2025-09-30,92,,usd,-3
AKAM_10Q_20250930,OtherComprehensiveIncomeUnrealizedHoldingGainLossOnSecuritiesArisingDuringPeriodTax,us-gaap,"OCI, Debt Securities, Available-for-Sale, Unrealized Holding Gain (Loss), before Adjustment, Tax",2598000.0,False,2024-07-01,2024-09-30,92,,usd,-3
AKAM_10Q_20250930,OtherComprehensiveIncomeUnrealizedHoldingGainLossOnSecuritiesArisingDuringPeriodTax,us-gaap,"OCI, Debt Securities, Available-for-Sale, Unrealized Holding Gain (Loss), before Adjustment, Tax",345000.0,False,2025-01-01,2025-09-30,273,,usd,-3
AKAM_10Q_20250930,OtherComprehensiveIncomeUnrealizedHoldingGainLossOnSecuritiesArisingDuringPeriodTax,us-gaap,"OCI, Debt Securities, Available-for-Sale, Unrealized Holding Gain (Loss), before Adjustment, Tax",572000.0,False,2024-01-01,2024-09-30,274,,usd,-3
AKAM_10Q_20250930,OtherComprehensiveIncomeUnrealizedHoldingGainLossOnSecuritiesArisingDuringPeriodNetOfTax,us-gaap,"OCI, Debt Securities, Available-for-Sale, Unrealized Holding Gain (Loss), before Adjustment, after Tax",973000.0,False,2025-07-01,2025-09-30,92,,usd,-3
AKAM_10Q_20250930,OtherComprehensiveIncomeUnrealizedHoldingGainLossOnSecuritiesArisingDuringPeriodNetOfTax,us-gaap,"OCI, Debt Securities, Available-for-Sale, Unrealized Holding Gain (Loss), before Adjustment, after Tax",8010000.0,False,2024-07-01,2024-09-30,92,,usd,-3
AKAM_10Q_20250930,OtherComprehensiveIncomeUnrealizedHoldingGainLossOnSecuritiesArisingDuringPeriodNetOfTax,us-gaap,"OCI, Debt Securities, Available-for-Sale, Unrealized Holding Gain (Loss), before Adjustment, after Tax",1062000.0,False,2025-01-01,2025-09-30,273,,usd,-3
AKAM_10Q_20250930,OtherComprehensiveIncomeUnrealizedHoldingGainLossOnSecuritiesArisingDuringPeriodNetOfTax,us-gaap,"OCI, Debt Securities, Available-for-Sale, Unrealized Holding Gain (Loss), before Adjustment, after Tax",1764000.0,False,2024-01-01,2024-09-30,274,,usd,-3
AKAM_10Q_20250930,OtherComprehensiveIncomeLossNetOfTaxPortionAttributableToParent,us-gaap,"Other Comprehensive Income (Loss), Net of Tax, Portion Attributable to Parent",-5901000.0,False,2025-07-01,2025-09-30,92,,usd,-3
AKAM_10Q_20250930,OtherComprehensiveIncomeLossNetOfTaxPortionAttributableToParent,us-gaap,"Other Comprehensive Income (Loss), Net of Tax, Portion Attributable to Parent",36485000.0,False,2024-07-01,2024-09-30,92,,usd,-3
AKAM_10Q_20250930,OtherComprehensiveIncomeLossNetOfTaxPortionAttributableToParent,us-gaap,"Other Comprehensive Income (Loss), Net of Tax, Portion Attributable to Parent",62675000.0,False,2025-01-01,2025-09-30,273,,usd,-3
AKAM_10Q_20250930,OtherComprehensiveIncomeLossNetOfTaxPortionAttributableToParent,us-gaap,"Other Comprehensive Income (Loss), Net of Tax, Portion Attributable to Parent",-5106000.0,False,2024-01-01,2024-09-30,274,,usd,-3
AKAM_10Q_20250930,ComprehensiveIncomeNetOfTax,us-gaap,"Comprehensive Income (Loss), Net of Tax, Attributable to Parent",134269000.0,False,2025-07-01,2025-09-30,92,,usd,-3
AKAM_10Q_20250930,ComprehensiveIncomeNetOfTax,us-gaap,"Comprehensive Income (Loss), Net of Tax, Attributable to Parent",94392000.0,False,2024-07-01,2024-09-30,92,,usd,-3
AKAM_10Q_20250930,ComprehensiveIncomeNetOfTax,us-gaap,"Comprehensive Income (Loss), Net of Tax, Attributable to Parent",429634000.0,False,2025-01-01,2025-09-30,273,,usd,-3
AKAM_10Q_20250930,ComprehensiveIncomeNetOfTax,us-gaap,"Comprehensive Income (Loss), Net of Tax, Attributable to Parent",359907000.0,False,2024-01-01,2024-09-30,274,,usd,-3
AKAM_10Q_20250930,DepreciationDepletionAndAmortization,us-gaap,"Depreciation, Depletion and Amortization",526106000.0,False,2025-01-01,2025-09-30,273,,usd,-3
AKAM_10Q_20250930,DepreciationDepletionAndAmortization,us-gaap,"Depreciation, Depletion and Amortization",480461000.0,False,2024-01-01,2024-09-30,274,,usd,-3
AKAM_10Q_20250930,ShareBasedCompensation,us-gaap,"Share-Based Payment Arrangement, Noncash Expense",340177000.0,False,2025-01-01,2025-09-30,273,,usd,-3
AKAM_10Q_20250930,ShareBasedCompensation,us-gaap,"Share-Based Payment Arrangement, Noncash Expense",294333000.0,False,2024-01-01,2024-09-30,274,,usd,-3
AKAM_10Q_20250930,DeferredIncomeTaxExpenseBenefit,us-gaap,Deferred Income Tax Expense (Benefit),24346000.0,False,2025-01-01,2025-09-30,273,,usd,-3
AKAM_10Q_20250930,DeferredIncomeTaxExpenseBenefit,us-gaap,Deferred Income Tax Expense (Benefit),938000.0,False,2024-01-01,2024-09-30,274,,usd,-3
AKAM_10Q_20250930,AmortizationOfFinancingCosts,us-gaap,Amortization of Debt Issuance Costs,5176000.0,False,2025-01-01,2025-09-30,273,,usd,-3
AKAM_10Q_20250930,AmortizationOfFinancingCosts,us-gaap,Amortization of Debt Issuance Costs,4933000.0,False,2024-01-01,2024-09-30,274,,usd,-3
AKAM_10Q_20250930,GainLossOnInvestments,us-gaap,Gain (Loss) on Investments,9313000.0,False,2025-01-01,2025-09-30,273,,usd,-3
AKAM_10Q_20250930,GainLossOnInvestments,us-gaap,Gain (Loss) on Investments,-66000.0,False,2024-01-01,2024-09-30,274,,usd,-3
AKAM_10Q_20250930,OtherNoncashIncomeExpense,us-gaap,Other Noncash Income (Expense),-5341000.0,False,2025-01-01,2025-09-30,273,,usd,-3
AKAM_10Q_20250930,OtherNoncashIncomeExpense,us-gaap,Other Noncash Income (Expense),-45691000.0,False,2024-01-01,2024-09-30,274,,usd,-3
AKAM_10Q_20250930,IncreaseDecreaseInAccountsReceivable,us-gaap,Increase (Decrease) in Accounts Receivable,24566000.0,False,2025-01-01,2025-09-30,273,,usd,-3
AKAM_10Q_20250930,IncreaseDecreaseInAccountsReceivable,us-gaap,Increase (Decrease) in Accounts Receivable,-28092000.0,False,2024-01-01,2024-09-30,274,,usd,-3
AKAM_10Q_20250930,IncreaseDecreaseInPrepaidDeferredExpenseAndOtherAssets,us-gaap,Increase (Decrease) in Prepaid Expense and Other Assets,18101000.0,False,2025-01-01,2025-09-30,273,,usd,-3
AKAM_10Q_20250930,IncreaseDecreaseInPrepaidDeferredExpenseAndOtherAssets,us-gaap,Increase (Decrease) in Prepaid Expense and Other Assets,25480000.0,False,2024-01-01,2024-09-30,274,,usd,-3
AKAM_10Q_20250930,IncreaseDecreaseInAccountsPayableAndAccruedLiabilities,us-gaap,Increase (Decrease) in Accounts Payable and Accrued Liabilities,-62494000.0,False,2025-01-01,2025-09-30,273,,usd,-3
AKAM_10Q_20250930,IncreaseDecreaseInAccountsPayableAndAccruedLiabilities,us-gaap,Increase (Decrease) in Accounts Payable and Accrued Liabilities,-79191000.0,False,2024-01-01,2024-09-30,274,,usd,-3
AKAM_10Q_20250930,IncreaseDecreaseInContractWithCustomerLiability,us-gaap,"Increase (Decrease) in Contract with Customer, Liability",3757000.0,False,2025-01-01,2025-09-30,273,,usd,-3
AKAM_10Q_20250930,IncreaseDecreaseInContractWithCustomerLiability,us-gaap,"Increase (Decrease) in Contract with Customer, Liability",13978000.0,False,2024-01-01,2024-09-30,274,,usd,-3
AKAM_10Q_20250930,IncreaseDecreaseInOtherCurrentLiabilities,us-gaap,Increase (Decrease) in Other Current Liabilities,-24562000.0,False,2025-01-01,2025-09-30,273,,usd,-3
AKAM_10Q_20250930,IncreaseDecreaseInOtherCurrentLiabilities,us-gaap,Increase (Decrease) in Other Current Liabilities,42350000.0,False,2024-01-01,2024-09-30,274,,usd,-3
AKAM_10Q_20250930,IncreaseDecreaseInOtherOperatingCapitalNet,us-gaap,"Increase (Decrease) in Other Operating Assets and Liabilities, Net",-19355000.0,False,2025-01-01,2025-09-30,273,,usd,-3
AKAM_10Q_20250930,IncreaseDecreaseInOtherOperatingCapitalNet,us-gaap,"Increase (Decrease) in Other Operating Assets and Liabilities, Net",-4199000.0,False,2024-01-01,2024-09-30,274,,usd,-3
AKAM_10Q_20250930,NetCashProvidedByUsedInOperatingActivities,us-gaap,"Cash Provided by (Used in) Operating Activity, Including Discontinued Operation",1152181000.0,False,2025-01-01,2025-09-30,273,,usd,-3
AKAM_10Q_20250930,NetCashProvidedByUsedInOperatingActivities,us-gaap,"Cash Provided by (Used in) Operating Activity, Including Discontinued Operation",1175383000.0,False,2024-01-01,2024-09-30,274,,usd,-3
AKAM_10Q_20250930,PaymentsToAcquireBusinessesNetOfCashAcquired,us-gaap,"Payments to Acquire Businesses, Net of Cash Acquired",-790000.0,False,2025-01-01,2025-09-30,273,,usd,-3
AKAM_10Q_20250930,PaymentsToAcquireBusinessesNetOfCashAcquired,us-gaap,"Payments to Acquire Businesses, Net of Cash Acquired",434066000.0,False,2024-01-01,2024-09-30,274,,usd,-3
AKAM_10Q_20250930,PaymentsToAcquireAssets,akam,Payments To Acquire Assets,29930000.0,False,2025-01-01,2025-09-30,273,,usd,-3
AKAM_10Q_20250930,PaymentsToAcquireAssets,akam,Payments To Acquire Assets,4862000.0,False,2024-01-01,2024-09-30,274,,usd,-3
AKAM_10Q_20250930,PaymentsToAcquirePropertyPlantAndEquipment,us-gaap,"Payments to Acquire Property, Plant, and Equipment",376092000.0,False,2025-01-01,2025-09-30,273,,usd,-3
AKAM_10Q_20250930,PaymentsToAcquirePropertyPlantAndEquipment,us-gaap,"Payments to Acquire Property, Plant, and Equipment",297548000.0,False,2024-01-01,2024-09-30,274,,usd,-3
AKAM_10Q_20250930,PaymentsForSoftware,us-gaap,Payments for Software,238713000.0,False,2025-01-01,2025-09-30,273,,usd,-3
AKAM_10Q_20250930,PaymentsForSoftware,us-gaap,Payments for Software,224860000.0,False,2024-01-01,2024-09-30,274,,usd,-3
AKAM_10Q_20250930,PaymentsToAcquireAvailableForSaleSecuritiesDebt,us-gaap,"Payments to Acquire Debt Securities, Available-for-Sale",851265000.0,False,2025-01-01,2025-09-30,273,,usd,-3
AKAM_10Q_20250930,PaymentsToAcquireAvailableForSaleSecuritiesDebt,us-gaap,"Payments to Acquire Debt Securities, Available-for-Sale",201641000.0,False,2024-01-01,2024-09-30,274,,usd,-3
AKAM_10Q_20250930,ProceedsFromSaleOfAvailableForSaleSecuritiesDebt,us-gaap,"Proceeds from Sale of Debt Securities, Available-for-Sale",266582000.0,False,2025-01-01,2025-09-30,273,,usd,-3
AKAM_10Q_20250930,ProceedsFromSaleOfAvailableForSaleSecuritiesDebt,us-gaap,"Proceeds from Sale of Debt Securities, Available-for-Sale",307701000.0,False,2024-01-01,2024-09-30,274,,usd,-3
AKAM_10Q_20250930,ProceedsFromMaturitiesPrepaymentsAndCallsOfAvailableForSaleSecurities,us-gaap,"Proceeds from Maturities, Prepayments and Calls of Debt Securities, Available-for-Sale",1059642000.0,False,2025-01-01,2025-09-30,273,,usd,-3
AKAM_10Q_20250930,ProceedsFromMaturitiesPrepaymentsAndCallsOfAvailableForSaleSecurities,us-gaap,"Proceeds from Maturities, Prepayments and Calls of Debt Securities, Available-for-Sale",296623000.0,False,2024-01-01,2024-09-30,274,,usd,-3
AKAM_10Q_20250930,PaymentsForProceedsFromOtherInvestingActivities,us-gaap,Payment for (Proceeds from) Other Investing Activity,5365000.0,False,2025-01-01,2025-09-30,273,,usd,-3
AKAM_10Q_20250930,PaymentsForProceedsFromOtherInvestingActivities,us-gaap,Payment for (Proceeds from) Other Investing Activity,-4160000.0,False,2024-01-01,2024-09-30,274,,usd,-3
AKAM_10Q_20250930,NetCashProvidedByUsedInInvestingActivities,us-gaap,"Cash Provided by (Used in) Investing Activity, Including Discontinued Operation",-174351000.0,False,2025-01-01,2025-09-30,273,,usd,-3
AKAM_10Q_20250930,NetCashProvidedByUsedInInvestingActivities,us-gaap,"Cash Provided by (Used in) Investing Activity, Including Discontinued Operation",-554493000.0,False,2024-01-01,2024-09-30,274,,usd,-3
AKAM_10Q_20250930,ProceedsFromLinesOfCredit,us-gaap,Proceeds from Lines of Credit,250000000.0,False,2025-01-01,2025-09-30,273,,usd,-3
AKAM_10Q_20250930,ProceedsFromLinesOfCredit,us-gaap,Proceeds from Lines of Credit,0.0,False,2024-01-01,2024-09-30,274,,usd,-3
AKAM_10Q_20250930,RepaymentsOfLinesOfCredit,us-gaap,Repayments of Lines of Credit,250000000.0,False,2025-01-01,2025-09-30,273,,usd,-3
AKAM_10Q_20250930,RepaymentsOfLinesOfCredit,us-gaap,Repayments of Lines of Credit,0.0,False,2024-01-01,2024-09-30,274,,usd,-3
AKAM_10Q_20250930,ProceedsFromConvertibleDebt,us-gaap,Proceeds from Convertible Debt,1701796000.0,False,2025-01-01,2025-09-30,273,,usd,-3
AKAM_10Q_20250930,ProceedsFromConvertibleDebt,us-gaap,Proceeds from Convertible Debt,0.0,False,2024-01-01,2024-09-30,274,,usd,-3
AKAM_10Q_20250930,ProceedsFromIssuanceOfWarrants,us-gaap,Proceeds from Issuance of Warrants,330855000.0,False,2025-01-01,2025-09-30,273,,usd,-3
AKAM_10Q_20250930,ProceedsFromIssuanceOfWarrants,us-gaap,Proceeds from Issuance of Warrants,0.0,False,2024-01-01,2024-09-30,274,,usd,-3
AKAM_10Q_20250930,PaymentsForHedgeFinancingActivities,us-gaap,"Payments for Hedge, Financing Activities",605820000.0,False,2025-01-01,2025-09-30,273,,usd,-3
AKAM_10Q_20250930,PaymentsForHedgeFinancingActivities,us-gaap,"Payments for Hedge, Financing Activities",0.0,False,2024-01-01,2024-09-30,274,,usd,-3
AKAM_10Q_20250930,RepaymentsOfConvertibleDebt,us-gaap,Repayments of Convertible Debt,1149992000.0,False,2025-01-01,2025-09-30,273,,usd,-3
AKAM_10Q_20250930,RepaymentsOfConvertibleDebt,us-gaap,Repayments of Convertible Debt,0.0,False,2024-01-01,2024-09-30,274,,usd,-3
AKAM_10Q_20250930,ProceedsFromIssuanceOfSharesUnderIncentiveAndShareBasedCompensationPlansIncludingStockOptions,us-gaap,"Proceeds, Issuance of Shares, Share-Based Payment Arrangement, Including Option Exercised",48897000.0,False,2025-01-01,2025-09-30,273,,usd,-3
AKAM_10Q_20250930,ProceedsFromIssuanceOfSharesUnderIncentiveAndShareBasedCompensationPlansIncludingStockOptions,us-gaap,"Proceeds, Issuance of Shares, Share-Based Payment Arrangement, Including Option Exercised",47708000.0,False,2024-01-01,2024-09-30,274,,usd,-3
AKAM_10Q_20250930,EmployeeTaxesPaidRelatedToNetShareSettlementOfEquityAwards,akam,Employee Taxes Paid Related To Net Share Settlement of Equity Awards,109981000.0,False,2025-01-01,2025-09-30,273,,usd,-3
AKAM_10Q_20250930,EmployeeTaxesPaidRelatedToNetShareSettlementOfEquityAwards,akam,Employee Taxes Paid Related To Net Share Settlement of Equity Awards,157115000.0,False,2024-01-01,2024-09-30,274,,usd,-3
AKAM_10Q_20250930,PaymentsForRepurchaseOfCommonStock,us-gaap,Payments for Repurchase of Common Stock,799963000.0,False,2025-01-01,2025-09-30,273,,usd,-3
AKAM_10Q_20250930,PaymentsForRepurchaseOfCommonStock,us-gaap,Payments for Repurchase of Common Stock,419097000.0,False,2024-01-01,2024-09-30,274,,usd,-3
AKAM_10Q_20250930,ProceedsFromPaymentsForOtherFinancingActivities,us-gaap,Proceeds from (Payment for) Other Financing Activity,-2126000.0,False,2025-01-01,2025-09-30,273,,usd,-3
AKAM_10Q_20250930,ProceedsFromPaymentsForOtherFinancingActivities,us-gaap,Proceeds from (Payment for) Other Financing Activity,-10291000.0,False,2024-01-01,2024-09-30,274,,usd,-3
AKAM_10Q_20250930,NetCashProvidedByUsedInFinancingActivities,us-gaap,"Cash Provided by (Used in) Financing Activity, Including Discontinued Operation",-586334000.0,False,2025-01-01,2025-09-30,273,,usd,-3
AKAM_10Q_20250930,NetCashProvidedByUsedInFinancingActivities,us-gaap,"Cash Provided by (Used in) Financing Activity, Including Discontinued Operation",-538795000.0,False,2024-01-01,2024-09-30,274,,usd,-3
AKAM_10Q_20250930,EffectOfExchangeRateOnCashCashEquivalentsRestrictedCashAndRestrictedCashEquivalents,us-gaap,"Effect of Exchange Rate on Cash, Cash Equivalent, Restricted Cash, and Restricted Cash Equivalent, Continuing Operation",20742000.0,False,2025-01-01,2025-09-30,273,,usd,-3
AKAM_10Q_20250930,EffectOfExchangeRateOnCashCashEquivalentsRestrictedCashAndRestrictedCashEquivalents,us-gaap,"Effect of Exchange Rate on Cash, Cash Equivalent, Restricted Cash, and Restricted Cash Equivalent, Continuing Operation",188000.0,False,2024-01-01,2024-09-30,274,,usd,-3
AKAM_10Q_20250930,CashCashEquivalentsRestrictedCashAndRestrictedCashEquivalentsPeriodIncreaseDecreaseIncludingExchangeRateEffect,us-gaap,"Cash, Cash Equivalent, Restricted Cash, and Restricted Cash Equivalent, Period Increase (Decrease), Including Exchange Rate Effect and Discontinued Operation",412238000.0,False,2025-01-01,2025-09-30,273,,usd,-3
AKAM_10Q_20250930,CashCashEquivalentsRestrictedCashAndRestrictedCashEquivalentsPeriodIncreaseDecreaseIncludingExchangeRateEffect,us-gaap,"Cash, Cash Equivalent, Restricted Cash, and Restricted Cash Equivalent, Period Increase (Decrease), Including Exchange Rate Effect and Discontinued Operation",82283000.0,False,2024-01-01,2024-09-30,274,,usd,-3
AKAM_10Q_20250930,CashCashEquivalentsRestrictedCashAndRestrictedCashEquivalents,us-gaap,"Cash, Cash Equivalent, Restricted Cash, and Restricted Cash Equivalent, Continuing Operation",519084000.0,True,,2024-12-31,0,,usd,-3
AKAM_10Q_20250930,CashCashEquivalentsRestrictedCashAndRestrictedCashEquivalents,us-gaap,"Cash, Cash Equivalent, Restricted Cash, and Restricted Cash Equivalent, Continuing Operation",490470000.0,True,,2023-12-31,0,,usd,-3
AKAM_10Q_20250930,CashCashEquivalentsRestrictedCashAndRestrictedCashEquivalents,us-gaap,"Cash, Cash Equivalent, Restricted Cash, and Restricted Cash Equivalent, Continuing Operation",931322000.0,True,,2025-09-30,0,,usd,-3
AKAM_10Q_20250930,CashCashEquivalentsRestrictedCashAndRestrictedCashEquivalents,us-gaap,"Cash, Cash Equivalent, Restricted Cash, and Restricted Cash Equivalent, Continuing Operation",572753000.0,True,,2024-09-30,0,,usd,-3
AKAM_10Q_20250930,ProceedsFromIncomeTaxRefunds,us-gaap,Proceeds from Income Tax Refunds,15539000.0,False,2025-01-01,2025-09-30,273,,usd,-3
AKAM_10Q_20250930,ProceedsFromIncomeTaxRefunds,us-gaap,Proceeds from Income Tax Refunds,5499000.0,False,2024-01-01,2024-09-30,274,,usd,-3
AKAM_10Q_20250930,IncomeTaxesPaidNet,us-gaap,"Income Taxes Paid, Net",123021000.0,False,2025-01-01,2025-09-30,273,,usd,-3
AKAM_10Q_20250930,IncomeTaxesPaidNet,us-gaap,"Income Taxes Paid, Net",111430000.0,False,2024-01-01,2024-09-30,274,,usd,-3
AKAM_10Q_20250930,InterestPaidNet,us-gaap,"Interest Paid, Excluding Capitalized Interest, Operating Activity",20849000.0,False,2025-01-01,2025-09-30,273,,usd,-3
AKAM_10Q_20250930,InterestPaidNet,us-gaap,"Interest Paid, Excluding Capitalized Interest, Operating Activity",19556000.0,False,2024-01-01,2024-09-30,274,,usd,-3
AKAM_10Q_20250930,OperatingLeasePayments,us-gaap,"Operating Lease, Payments",234337000.0,False,2025-01-01,2025-09-30,273,,usd,-3
AKAM_10Q_20250930,OperatingLeasePayments,us-gaap,"Operating Lease, Payments",213459000.0,False,2024-01-01,2024-09-30,274,,usd,-3
AKAM_10Q_20250930,RightOfUseAssetObtainedInExchangeForOperatingLeaseLiability,us-gaap,Right-of-Use Asset Obtained in Exchange for Operating Lease Liability,214754000.0,False,2025-01-01,2025-09-30,273,,usd,-3
AKAM_10Q_20250930,RightOfUseAssetObtainedInExchangeForOperatingLeaseLiability,us-gaap,Right-of-Use Asset Obtained in Exchange for Operating Lease Liability,285494000.0,False,2024-01-01,2024-09-30,274,,usd,-3
AKAM_10Q_20250930,CapitalExpendituresIncurredButNotYetPaid,us-gaap,Capital Expenditures Incurred but Not yet Paid,109042000.0,False,2025-01-01,2025-09-30,273,,usd,-3
AKAM_10Q_20250930,CapitalExpendituresIncurredButNotYetPaid,us-gaap,Capital Expenditures Incurred but Not yet Paid,35660000.0,False,2024-01-01,2024-09-30,274,,usd,-3
AKAM_10Q_20250930,EmployeeServiceShareBasedCompensationAllocationOfRecognizedPeriodCostsCapitalizedAmount,us-gaap,"Share-Based Payment Arrangement, Amount Capitalized",96278000.0,False,2025-01-01,2025-09-30,273,,usd,-3
AKAM_10Q_20250930,EmployeeServiceShareBasedCompensationAllocationOfRecognizedPeriodCostsCapitalizedAmount,us-gaap,"Share-Based Payment Arrangement, Amount Capitalized",81636000.0,False,2024-01-01,2024-09-30,274,,usd,-3
AKAM_10Q_20250930,CashAndCashEquivalentsAtCarryingValue,us-gaap,Cash and Cash Equivalent,569749000.0,True,,2024-09-30,0,,usd,-3
AKAM_10Q_20250930,RestrictedCash,us-gaap,Restricted Cash,3389000.0,True,,2025-09-30,0,,usd,-3
AKAM_10Q_20250930,RestrictedCash,us-gaap,Restricted Cash,3004000.0,True,,2024-09-30,0,,usd,-3
AKAM_10Q_20250930,CommonStockSharesOutstanding,us-gaap,"Common Stock, Shares, Outstanding",143199911.0,True,,2025-06-30,0,StatementEquityComponentsAxis=CommonStockMember,shares,INF
AKAM_10Q_20250930,StockholdersEquity,us-gaap,"Equity, Attributable to Parent",1586000.0,True,,2025-06-30,0,StatementEquityComponentsAxis=CommonStockMember,usd,-3
AKAM_10Q_20250930,StockholdersEquity,us-gaap,"Equity, Attributable to Parent",2696975000.0,True,,2025-06-30,0,StatementEquityComponentsAxis=AdditionalPaidInCapitalMember,usd,-3
AKAM_10Q_20250930,StockholdersEquity,us-gaap,"Equity, Attributable to Parent",-87417000.0,True,,2025-06-30,0,StatementEquityComponentsAxis=AccumulatedOtherComprehensiveIncomeMember,usd,-3
AKAM_10Q_20250930,StockholdersEquity,us-gaap,"Equity, Attributable to Parent",-1343323000.0,True,,2025-06-30,0,StatementEquityComponentsAxis=TreasuryStockCommonMember,usd,-3
AKAM_10Q_20250930,StockholdersEquity,us-gaap,"Equity, Attributable to Parent",3199687000.0,True,,2025-06-30,0,StatementEquityComponentsAxis=RetainedEarningsMember,usd,-3
AKAM_10Q_20250930,StockholdersEquity,us-gaap,"Equity, Attributable to Parent",4467508000.0,True,,2025-06-30,0,,usd,-3
AKAM_10Q_20250930,StockIssuedDuringPeriodSharesVestingOfRestrictedAndDeferredStockUnits,akam,"Stock Issued During Period, Shares, Vesting of Restricted and Deferred Stock Units",479360.0,False,2025-07-01,2025-09-30,92,StatementEquityComponentsAxis=CommonStockMember,shares,INF
AKAM_10Q_20250930,StockIssuedDuringPeriodValueVestingOfRestrictedAndDeferredStockUnits,akam,"Stock Issued During Period, Value, Vesting of Restricted and Deferred Stock Units",5000.0,False,2025-07-01,2025-09-30,92,StatementEquityComponentsAxis=CommonStockMember,usd,-3
AKAM_10Q_20250930,StockIssuedDuringPeriodValueVestingOfRestrictedAndDeferredStockUnits,akam,"Stock Issued During Period, Value, Vesting of Restricted and Deferred Stock Units",-12477000.0,False,2025-07-01,2025-09-30,92,StatementEquityComponentsAxis=AdditionalPaidInCapitalMember,usd,-3
AKAM_10Q_20250930,StockIssuedDuringPeriodValueVestingOfRestrictedAndDeferredStockUnits,akam,"Stock Issued During Period, Value, Vesting of Restricted and Deferred Stock Units",-12472000.0,False,2025-07-01,2025-09-30,92,,usd,-3
AKAM_10Q_20250930,AdjustmentsToAdditionalPaidInCapitalSharebasedCompensationRequisiteServicePeriodRecognitionValue,us-gaap,"APIC, Share-Based Payment Arrangement, Increase for Cost Recognition",134552000.0,False,2025-07-01,2025-09-30,92,StatementEquityComponentsAxis=AdditionalPaidInCapitalMember,usd,-3
AKAM_10Q_20250930,AdjustmentsToAdditionalPaidInCapitalSharebasedCompensationRequisiteServicePeriodRecognitionValue,us-gaap,"APIC, Share-Based Payment Arrangement, Increase for Cost Recognition",134552000.0,False,2025-07-01,2025-09-30,92,,usd,-3
AKAM_10Q_20250930,StockRepurchasedDuringPeriodValueNet,akam,"Stock Repurchased During Period, Value, Net",-436000.0,False,2025-07-01,2025-09-30,92,StatementEquityComponentsAxis=TreasuryStockCommonMember,usd,-3
AKAM_10Q_20250930,StockRepurchasedDuringPeriodValueNet,akam,"Stock Repurchased During Period, Value, Net",-436000.0,False,2025-07-01,2025-09-30,92,,usd,-3
AKAM_10Q_20250930,StockIssuedDuringPeriodSharesTreasuryStockReissued,us-gaap,"Stock Issued During Period, Shares, Treasury Stock Reissued",88192.0,False,2025-07-01,2025-09-30,92,StatementEquityComponentsAxis=CommonStockMember,shares,INF
AKAM_10Q_20250930,StockIssuedDuringPeriodValueTreasuryStockReissued,us-gaap,"Stock Issued During Period, Value, Treasury Stock Reissued",7651000.0,False,2025-07-01,2025-09-30,92,StatementEquityComponentsAxis=TreasuryStockCommonMember,usd,-3
AKAM_10Q_20250930,StockIssuedDuringPeriodValueTreasuryStockReissued,us-gaap,"Stock Issued During Period, Value, Treasury Stock Reissued",7651000.0,False,2025-07-01,2025-09-30,92,,usd,-3
AKAM_10Q_20250930,NetIncomeLoss,us-gaap,Net Income (Loss) Attributable to Parent,140170000.0,False,2025-07-01,2025-09-30,92,StatementEquityComponentsAxis=RetainedEarningsMember,usd,-3
AKAM_10Q_20250930,OtherComprehensiveIncomeForeignCurrencyTransactionAndTranslationAdjustmentNetOfTaxPortionAttributableToParent,us-gaap,"Other Comprehensive Income (Loss), Foreign Currency Transaction and Translation Adjustment, Net of Tax, Portion Attributable to Parent",-6874000.0,False,2025-07-01,2025-09-30,92,StatementEquityComponentsAxis=AccumulatedOtherComprehensiveIncomeMember,usd,-3
AKAM_10Q_20250930,OtherComprehensiveIncomeUnrealizedHoldingGainLossOnSecuritiesArisingDuringPeriodNetOfTax,us-gaap,"OCI, Debt Securities, Available-for-Sale, Unrealized Holding Gain (Loss), before Adjustment, after Tax",973000.0,False,2025-07-01,2025-09-30,92,StatementEquityComponentsAxis=AccumulatedOtherComprehensiveIncomeMember,usd,-3
AKAM_10Q_20250930,CommonStockSharesOutstanding,us-gaap,"Common Stock, Shares, Outstanding",143767463.0,True,,2025-09-30,0,StatementEquityComponentsAxis=CommonStockMember,shares,INF
AKAM_10Q_20250930,StockholdersEquity,us-gaap,"Equity, Attributable to Parent",1591000.0,True,,2025-09-30,0,StatementEquityComponentsAxis=CommonStockMember,usd,-3
AKAM_10Q_20250930,StockholdersEquity,us-gaap,"Equity, Attributable to Parent",2819050000.0,True,,2025-09-30,0,StatementEquityComponentsAxis=AdditionalPaidInCapitalMember,usd,-3
AKAM_10Q_20250930,StockholdersEquity,us-gaap,"Equity, Attributable to Parent",-93318000.0,True,,2025-09-30,0,StatementEquityComponentsAxis=AccumulatedOtherComprehensiveIncomeMember,usd,-3
AKAM_10Q_20250930,StockholdersEquity,us-gaap,"Equity, Attributable to Parent",-1335236000.0,True,,2025-09-30,0,StatementEquityComponentsAxis=TreasuryStockCommonMember,usd,-3
AKAM_10Q_20250930,StockholdersEquity,us-gaap,"Equity, Attributable to Parent",3339857000.0,True,,2025-09-30,0,StatementEquityComponentsAxis=RetainedEarningsMember,usd,-3
AKAM_10Q_20250930,CommonStockSharesOutstanding,us-gaap,"Common Stock, Shares, Outstanding",151913207.0,True,,2024-06-30,0,StatementEquityComponentsAxis=CommonStockMember,shares,INF
AKAM_10Q_20250930,StockholdersEquity,us-gaap,"Equity, Attributable to Parent",1544000.0,True,,2024-06-30,0,StatementEquityComponentsAxis=CommonStockMember,usd,-3
AKAM_10Q_20250930,StockholdersEquity,us-gaap,"Equity, Attributable to Parent",2368225000.0,True,,2024-06-30,0,StatementEquityComponentsAxis=AdditionalPaidInCapitalMember,usd,-3
AKAM_10Q_20250930,StockholdersEquity,us-gaap,"Equity, Attributable to Parent",-136921000.0,True,,2024-06-30,0,StatementEquityComponentsAxis=AccumulatedOtherComprehensiveIncomeMember,usd,-3
AKAM_10Q_20250930,StockholdersEquity,us-gaap,"Equity, Attributable to Parent",-253258000.0,True,,2024-06-30,0,StatementEquityComponentsAxis=TreasuryStockCommonMember,usd,-3
AKAM_10Q_20250930,StockholdersEquity,us-gaap,"Equity, Attributable to Parent",2775086000.0,True,,2024-06-30,0,StatementEquityComponentsAxis=RetainedEarningsMember,usd,-3
AKAM_10Q_20250930,StockholdersEquity,us-gaap,"Equity, Attributable to Parent",4754676000.0,True,,2024-06-30,0,,usd,-3
AKAM_10Q_20250930,StockIssuedDuringPeriodSharesVestingOfRestrictedAndDeferredStockUnits,akam,"Stock Issued During Period, Shares, Vesting of Restricted and Deferred Stock Units",415997.0,False,2024-07-01,2024-09-30,92,StatementEquityComponentsAxis=CommonStockMember,shares,INF
AKAM_10Q_20250930,StockIssuedDuringPeriodValueVestingOfRestrictedAndDeferredStockUnits,akam,"Stock Issued During Period, Value, Vesting of Restricted and Deferred Stock Units",4000.0,False,2024-07-01,2024-09-30,92,StatementEquityComponentsAxis=CommonStockMember,usd,-3
AKAM_10Q_20250930,StockIssuedDuringPeriodValueVestingOfRestrictedAndDeferredStockUnits,akam,"Stock Issued During Period, Value, Vesting of Restricted and Deferred Stock Units",-15656000.0,False,2024-07-01,2024-09-30,92,StatementEquityComponentsAxis=AdditionalPaidInCapitalMember,usd,-3
AKAM_10Q_20250930,StockIssuedDuringPeriodValueVestingOfRestrictedAndDeferredStockUnits,akam,"Stock Issued During Period, Value, Vesting of Restricted and Deferred Stock Units",-15652000.0,False,2024-07-01,2024-09-30,92,,usd,-3
AKAM_10Q_20250930,AdjustmentsToAdditionalPaidInCapitalSharebasedCompensationRequisiteServicePeriodRecognitionValue,us-gaap,"APIC, Share-Based Payment Arrangement, Increase for Cost Recognition",126983000.0,False,2024-07-01,2024-09-30,92,StatementEquityComponentsAxis=AdditionalPaidInCapitalMember,usd,-3
AKAM_10Q_20250930,AdjustmentsToAdditionalPaidInCapitalSharebasedCompensationRequisiteServicePeriodRecognitionValue,us-gaap,"APIC, Share-Based Payment Arrangement, Increase for Cost Recognition",126983000.0,False,2024-07-01,2024-09-30,92,,usd,-3
AKAM_10Q_20250930,TreasuryStockSharesAcquired,us-gaap,"Treasury Stock, Shares, Acquired",1704660.0,False,2024-07-01,2024-09-30,92,StatementEquityComponentsAxis=CommonStockMember,shares,INF
AKAM_10Q_20250930,StockRepurchasedDuringPeriodValueNet,akam,"Stock Repurchased During Period, Value, Net",166261000.0,False,2024-07-01,2024-09-30,92,StatementEquityComponentsAxis=TreasuryStockCommonMember,usd,-3
AKAM_10Q_20250930,StockRepurchasedDuringPeriodValueNet,akam,"Stock Repurchased During Period, Value, Net",166261000.0,False,2024-07-01,2024-09-30,92,,usd,-3
AKAM_10Q_20250930,NetIncomeLoss,us-gaap,Net Income (Loss) Attributable to Parent,57907000.0,False,2024-07-01,2024-09-30,92,StatementEquityComponentsAxis=RetainedEarningsMember,usd,-3
AKAM_10Q_20250930,OtherComprehensiveIncomeForeignCurrencyTransactionAndTranslationAdjustmentNetOfTaxPortionAttributableToParent,us-gaap,"Other Comprehensive Income (Loss), Foreign Currency Transaction and Translation Adjustment, Net of Tax, Portion Attributable to Parent",28475000.0,False,2024-07-01,2024-09-30,92,StatementEquityComponentsAxis=AccumulatedOtherComprehensiveIncomeMember,usd,-3
AKAM_10Q_20250930,OtherComprehensiveIncomeUnrealizedHoldingGainLossOnSecuritiesArisingDuringPeriodNetOfTax,us-gaap,"OCI, Debt Securities, Available-for-Sale, Unrealized Holding Gain (Loss), before Adjustment, after Tax",8010000.0,False,2024-07-01,2024-09-30,92,StatementEquityComponentsAxis=AccumulatedOtherComprehensiveIncomeMember,usd,-3
AKAM_10Q_20250930,CommonStockSharesOutstanding,us-gaap,"Common Stock, Shares, Outstanding",150624544.0,True,,2024-09-30,0,StatementEquityComponentsAxis=CommonStockMember,shares,INF
AKAM_10Q_20250930,StockholdersEquity,us-gaap,"Equity, Attributable to Parent",1548000.0,True,,2024-09-30,0,StatementEquityComponentsAxis=CommonStockMember,usd,-3
AKAM_10Q_20250930,StockholdersEquity,us-gaap,"Equity, Attributable to Parent",2479552000.0,True,,2024-09-30,0,StatementEquityComponentsAxis=AdditionalPaidInCapitalMember,usd,-3
AKAM_10Q_20250930,StockholdersEquity,us-gaap,"Equity, Attributable to Parent",-100436000.0,True,,2024-09-30,0,StatementEquityComponentsAxis=AccumulatedOtherComprehensiveIncomeMember,usd,-3
AKAM_10Q_20250930,StockholdersEquity,us-gaap,"Equity, Attributable to Parent",-419519000.0,True,,2024-09-30,0,StatementEquityComponentsAxis=TreasuryStockCommonMember,usd,-3
AKAM_10Q_20250930,StockholdersEquity,us-gaap,"Equity, Attributable to Parent",2832993000.0,True,,2024-09-30,0,StatementEquityComponentsAxis=RetainedEarningsMember,usd,-3
AKAM_10Q_20250930,StockholdersEquity,us-gaap,"Equity, Attributable to Parent",4794138000.0,True,,2024-09-30,0,,usd,-3
AKAM_10Q_20250930,CommonStockSharesOutstanding,us-gaap,"Common Stock, Shares, Outstanding",150025096.0,True,,2024-12-31,0,StatementEquityComponentsAxis=CommonStockMember,shares,INF
AKAM_10Q_20250930,StockholdersEquity,us-gaap,"Equity, Attributable to Parent",1556000.0,True,,2024-12-31,0,StatementEquityComponentsAxis=CommonStockMember,usd,-3
AKAM_10Q_20250930,StockholdersEquity,us-gaap,"Equity, Attributable to Parent",2618384000.0,True,,2024-12-31,0,StatementEquityComponentsAxis=AdditionalPaidInCapitalMember,usd,-3
AKAM_10Q_20250930,StockholdersEquity,us-gaap,"Equity, Attributable to Parent",-155993000.0,True,,2024-12-31,0,StatementEquityComponentsAxis=AccumulatedOtherComprehensiveIncomeMember,usd,-3
AKAM_10Q_20250930,StockholdersEquity,us-gaap,"Equity, Attributable to Parent",-558488000.0,True,,2024-12-31,0,StatementEquityComponentsAxis=TreasuryStockCommonMember,usd,-3
AKAM_10Q_20250930,StockholdersEquity,us-gaap,"Equity, Attributable to Parent",2972898000.0,True,,2024-12-31,0,StatementEquityComponentsAxis=RetainedEarningsMember,usd,-3
AKAM_10Q_20250930,StockIssuedDuringPeriodSharesVestingOfRestrictedAndDeferredStockUnits,akam,"Stock Issued During Period, Shares, Vesting of Restricted and Deferred Stock Units",3006804.0,False,2025-01-01,2025-09-30,273,StatementEquityComponentsAxis=CommonStockMember,shares,INF
AKAM_10Q_20250930,StockIssuedDuringPeriodValueVestingOfRestrictedAndDeferredStockUnits,akam,"Stock Issued During Period, Value, Vesting of Restricted and Deferred Stock Units",31000.0,False,2025-01-01,2025-09-30,273,StatementEquityComponentsAxis=CommonStockMember,usd,-3
AKAM_10Q_20250930,StockIssuedDuringPeriodValueVestingOfRestrictedAndDeferredStockUnits,akam,"Stock Issued During Period, Value, Vesting of Restricted and Deferred Stock Units",-110990000.0,False,2025-01-01,2025-09-30,273,StatementEquityComponentsAxis=AdditionalPaidInCapitalMember,usd,-3
AKAM_10Q_20250930,StockIssuedDuringPeriodValueVestingOfRestrictedAndDeferredStockUnits,akam,"Stock Issued During Period, Value, Vesting of Restricted and Deferred Stock Units",-110959000.0,False,2025-01-01,2025-09-30,273,,usd,-3
AKAM_10Q_20250930,StockIssuedDuringPeriodSharesEmployeeStockPurchasePlans,us-gaap,"Stock Issued During Period, Shares, Employee Stock Purchase Plans",458208.0,False,2025-01-01,2025-09-30,273,StatementEquityComponentsAxis=CommonStockMember,shares,INF
AKAM_10Q_20250930,StockIssuedDuringPeriodValueEmployeeStockPurchasePlan,us-gaap,"Stock Issued During Period, Value, Employee Stock Purchase Plan",4000.0,False,2025-01-01,2025-09-30,273,StatementEquityComponentsAxis=CommonStockMember,usd,-3
AKAM_10Q_20250930,StockIssuedDuringPeriodValueEmployeeStockPurchasePlan,us-gaap,"Stock Issued During Period, Value, Employee Stock Purchase Plan",29568000.0,False,2025-01-01,2025-09-30,273,StatementEquityComponentsAxis=AdditionalPaidInCapitalMember,usd,-3
AKAM_10Q_20250930,StockIssuedDuringPeriodValueEmployeeStockPurchasePlan,us-gaap,"Stock Issued During Period, Value, Employee Stock Purchase Plan",29572000.0,False,2025-01-01,2025-09-30,273,,usd,-3
AKAM_10Q_20250930,AdjustmentsToAdditionalPaidInCapitalSharebasedCompensationRequisiteServicePeriodRecognitionValue,us-gaap,"APIC, Share-Based Payment Arrangement, Increase for Cost Recognition",407544000.0,False,2025-01-01,2025-09-30,273,StatementEquityComponentsAxis=AdditionalPaidInCapitalMember,usd,-3
AKAM_10Q_20250930,AdjustmentsToAdditionalPaidInCapitalSharebasedCompensationRequisiteServicePeriodRecognitionValue,us-gaap,"APIC, Share-Based Payment Arrangement, Increase for Cost Recognition",407544000.0,False,2025-01-01,2025-09-30,273,,usd,-3
AKAM_10Q_20250930,AdjustmentsToAdditionalPaidInCapitalWarrantIssued,us-gaap,"Adjustments to Additional Paid in Capital, Warrant Issued",330855000.0,False,2025-01-01,2025-09-30,273,StatementEquityComponentsAxis=AdditionalPaidInCapitalMember,usd,-3
AKAM_10Q_20250930,AdjustmentsToAdditionalPaidInCapitalWarrantIssued,us-gaap,"Adjustments to Additional Paid in Capital, Warrant Issued",330855000.0,False,2025-01-01,2025-09-30,273,,usd,-3
AKAM_10Q_20250930,ConvertibleDebtDeferredTaxes,akam,"Convertible Debt, Deferred Taxes",149509000.0,False,2025-01-01,2025-09-30,273,,usd,-3
AKAM_10Q_20250930,AdjustmentsToAdditionalPaidInCapitalPurchaseOfNoteHedgeRelatedToConvertibleSeniorNotes,akam,Adjustments To Additional Paid In Capital Purchase Of Note Hedge Related To Convertible Senior Notes,456311000.0,False,2025-01-01,2025-09-30,273,StatementEquityComponentsAxis=AdditionalPaidInCapitalMember,usd,-3
AKAM_10Q_20250930,AdjustmentsToAdditionalPaidInCapitalPurchaseOfNoteHedgeRelatedToConvertibleSeniorNotes,akam,Adjustments To Additional Paid In Capital Purchase Of Note Hedge Related To Convertible Senior Notes,456311000.0,False,2025-01-01,2025-09-30,273,,usd,-3
AKAM_10Q_20250930,TreasuryStockSharesAcquired,us-gaap,"Treasury Stock, Shares, Acquired",10028703.0,False,2025-01-01,2025-09-30,273,StatementEquityComponentsAxis=CommonStockMember,shares,INF
AKAM_10Q_20250930,StockRepurchasedDuringPeriodValueNet,akam,"Stock Repurchased During Period, Value, Net",804899000.0,False,2025-01-01,2025-09-30,273,StatementEquityComponentsAxis=TreasuryStockCommonMember,usd,-3
AKAM_10Q_20250930,StockRepurchasedDuringPeriodValueNet,akam,"Stock Repurchased During Period, Value, Net",804899000.0,False,2025-01-01,2025-09-30,273,,usd,-3
AKAM_10Q_20250930,StockIssuedDuringPeriodSharesTreasuryStockReissued,us-gaap,"Stock Issued During Period, Shares, Treasury Stock Reissued",306058.0,False,2025-01-01,2025-09-30,273,StatementEquityComponentsAxis=CommonStockMember,shares,INF
AKAM_10Q_20250930,StockIssuedDuringPeriodValueTreasuryStockReissued,us-gaap,"Stock Issued During Period, Value, Treasury Stock Reissued",28151000.0,False,2025-01-01,2025-09-30,273,StatementEquityComponentsAxis=TreasuryStockCommonMember,usd,-3
AKAM_10Q_20250930,StockIssuedDuringPeriodValueTreasuryStockReissued,us-gaap,"Stock Issued During Period, Value, Treasury Stock Reissued",28151000.0,False,2025-01-01,2025-09-30,273,,usd,-3
AKAM_10Q_20250930,NetIncomeLoss,us-gaap,Net Income (Loss) Attributable to Parent,366959000.0,False,2025-01-01,2025-09-30,273,StatementEquityComponentsAxis=RetainedEarningsMember,usd,-3
AKAM_10Q_20250930,OtherComprehensiveIncomeForeignCurrencyTransactionAndTranslationAdjustmentNetOfTaxPortionAttributableToParent,us-gaap,"Other Comprehensive Income (Loss), Foreign Currency Transaction and Translation Adjustment, Net of Tax, Portion Attributable to Parent",61613000.0,False,2025-01-01,2025-09-30,273,StatementEquityComponentsAxis=AccumulatedOtherComprehensiveIncomeMember,usd,-3
AKAM_10Q_20250930,OtherComprehensiveIncomeUnrealizedHoldingGainLossOnSecuritiesArisingDuringPeriodNetOfTax,us-gaap,"OCI, Debt Securities, Available-for-Sale, Unrealized Holding Gain (Loss), before Adjustment, after Tax",1062000.0,False,2025-01-01,2025-09-30,273,StatementEquityComponentsAxis=AccumulatedOtherComprehensiveIncomeMember,usd,-3
AKAM_10Q_20250930,CommonStockSharesOutstanding,us-gaap,"Common Stock, Shares, Outstanding",151232908.0,True,,2023-12-31,0,StatementEquityComponentsAxis=CommonStockMember,shares,INF
AKAM_10Q_20250930,StockholdersEquity,us-gaap,"Equity, Attributable to Parent",1512000.0,True,,2023-12-31,0,StatementEquityComponentsAxis=CommonStockMember,usd,-3
AKAM_10Q_20250930,StockholdersEquity,us-gaap,"Equity, Attributable to Parent",2222993000.0,True,,2023-12-31,0,StatementEquityComponentsAxis=AdditionalPaidInCapitalMember,usd,-3
AKAM_10Q_20250930,StockholdersEquity,us-gaap,"Equity, Attributable to Parent",-95330000.0,True,,2023-12-31,0,StatementEquityComponentsAxis=AccumulatedOtherComprehensiveIncomeMember,usd,-3
AKAM_10Q_20250930,StockholdersEquity,us-gaap,"Equity, Attributable to Parent",0.0,True,,2023-12-31,0,StatementEquityComponentsAxis=TreasuryStockCommonMember,usd,-3
AKAM_10Q_20250930,StockholdersEquity,us-gaap,"Equity, Attributable to Parent",2467980000.0,True,,2023-12-31,0,StatementEquityComponentsAxis=RetainedEarningsMember,usd,-3
AKAM_10Q_20250930,StockholdersEquity,us-gaap,"Equity, Attributable to Parent",4597155000.0,True,,2023-12-31,0,,usd,-3
AKAM_10Q_20250930,StockIssuedDuringPeriodSharesVestingOfRestrictedAndDeferredStockUnits,akam,"Stock Issued During Period, Shares, Vesting of Restricted and Deferred Stock Units",3224444.0,False,2024-01-01,2024-09-30,274,StatementEquityComponentsAxis=CommonStockMember,shares,INF
AKAM_10Q_20250930,StockIssuedDuringPeriodValueVestingOfRestrictedAndDeferredStockUnits,akam,"Stock Issued During Period, Value, Vesting of Restricted and Deferred Stock Units",32000.0,False,2024-01-01,2024-09-30,274,StatementEquityComponentsAxis=CommonStockMember,usd,-3
AKAM_10Q_20250930,StockIssuedDuringPeriodValueVestingOfRestrictedAndDeferredStockUnits,akam,"Stock Issued During Period, Value, Vesting of Restricted and Deferred Stock Units",-157742000.0,False,2024-01-01,2024-09-30,274,StatementEquityComponentsAxis=AdditionalPaidInCapitalMember,usd,-3
AKAM_10Q_20250930,StockIssuedDuringPeriodValueVestingOfRestrictedAndDeferredStockUnits,akam,"Stock Issued During Period, Value, Vesting of Restricted and Deferred Stock Units",-157710000.0,False,2024-01-01,2024-09-30,274,,usd,-3
AKAM_10Q_20250930,StockIssuedDuringPeriodSharesEmployeeStockPurchasePlans,us-gaap,"Stock Issued During Period, Shares, Employee Stock Purchase Plans",369920.0,False,2024-01-01,2024-09-30,274,StatementEquityComponentsAxis=CommonStockMember,shares,INF
AKAM_10Q_20250930,StockIssuedDuringPeriodValueEmployeeStockPurchasePlan,us-gaap,"Stock Issued During Period, Value, Employee Stock Purchase Plan",4000.0,False,2024-01-01,2024-09-30,274,StatementEquityComponentsAxis=CommonStockMember,usd,-3
AKAM_10Q_20250930,StockIssuedDuringPeriodValueEmployeeStockPurchasePlan,us-gaap,"Stock Issued During Period, Value, Employee Stock Purchase Plan",28365000.0,False,2024-01-01,2024-09-30,274,StatementEquityComponentsAxis=AdditionalPaidInCapitalMember,usd,-3
AKAM_10Q_20250930,StockIssuedDuringPeriodValueEmployeeStockPurchasePlan,us-gaap,"Stock Issued During Period, Value, Employee Stock Purchase Plan",28369000.0,False,2024-01-01,2024-09-30,274,,usd,-3
AKAM_10Q_20250930,AdjustmentsToAdditionalPaidInCapitalSharebasedCompensationRequisiteServicePeriodRecognitionValue,us-gaap,"APIC, Share-Based Payment Arrangement, Increase for Cost Recognition",385936000.0,False,2024-01-01,2024-09-30,274,StatementEquityComponentsAxis=AdditionalPaidInCapitalMember,usd,-3
AKAM_10Q_20250930,AdjustmentsToAdditionalPaidInCapitalSharebasedCompensationRequisiteServicePeriodRecognitionValue,us-gaap,"APIC, Share-Based Payment Arrangement, Increase for Cost Recognition",385936000.0,False,2024-01-01,2024-09-30,274,,usd,-3
AKAM_10Q_20250930,TreasuryStockSharesAcquired,us-gaap,"Treasury Stock, Shares, Acquired",4202728.0,False,2024-01-01,2024-09-30,274,StatementEquityComponentsAxis=CommonStockMember,shares,INF
AKAM_10Q_20250930,StockRepurchasedDuringPeriodValueNet,akam,"Stock Repurchased During Period, Value, Net",419519000.0,False,2024-01-01,2024-09-30,274,StatementEquityComponentsAxis=TreasuryStockCommonMember,usd,-3
AKAM_10Q_20250930,StockRepurchasedDuringPeriodValueNet,akam,"Stock Repurchased During Period, Value, Net",419519000.0,False,2024-01-01,2024-09-30,274,,usd,-3
AKAM_10Q_20250930,NetIncomeLoss,us-gaap,Net Income (Loss) Attributable to Parent,365013000.0,False,2024-01-01,2024-09-30,274,StatementEquityComponentsAxis=RetainedEarningsMember,usd,-3
AKAM_10Q_20250930,OtherComprehensiveIncomeForeignCurrencyTransactionAndTranslationAdjustmentNetOfTaxPortionAttributableToParent,us-gaap,"Other Comprehensive Income (Loss), Foreign Currency Transaction and Translation Adjustment, Net of Tax, Portion Attributable to Parent",-6870000.0,False,2024-01-01,2024-09-30,274,StatementEquityComponentsAxis=AccumulatedOtherComprehensiveIncomeMember,usd,-3
AKAM_10Q_20250930,OtherComprehensiveIncomeUnrealizedHoldingGainLossOnSecuritiesArisingDuringPeriodNetOfTax,us-gaap,"OCI, Debt Securities, Available-for-Sale, Unrealized Holding Gain (Loss), before Adjustment, after Tax",1764000.0,False,2024-01-01,2024-09-30,274,StatementEquityComponentsAxis=AccumulatedOtherComprehensiveIncomeMember,usd,-3
AKAM_10Q_20250930,NumberOfLocations,akam,Number Of Locations,4300.0,True,,2025-09-30,0,,location,-2
AKAM_10Q_20250930,NumberOfCountriesServersAreIn,akam,Number Of Countries Servers Are In,130.0,True,,2025-09-30,0,,country,0
AKAM_10Q_20250930,NumberOfCitiesServersAreIn,akam,Number Of Cities Servers Are In,700.0,True,,2025-09-30,0,,city,0
AKAM_10Q_20250930,AvailableForSaleDebtSecuritiesAmortizedCostBasis,us-gaap,"Debt Securities, Available-for-Sale, Amortized Cost",31942000.0,True,,2025-09-30,0,FinancialInstrumentAxis=BankTimeDepositsMember,usd,-3
AKAM_10Q_20250930,AvailableForSaleDebtSecuritiesAccumulatedGrossUnrealizedGainBeforeTax,us-gaap,"Debt Securities, Available-for-Sale, Accumulated Gross Unrealized Gain, before Tax",0.0,True,,2025-09-30,0,FinancialInstrumentAxis=BankTimeDepositsMember,usd,-3
AKAM_10Q_20250930,AvailableForSaleDebtSecuritiesAccumulatedGrossUnrealizedLossBeforeTax,us-gaap,"Debt Securities, Available-for-Sale, Accumulated Gross Unrealized Loss, before Tax",0.0,True,,2025-09-30,0,FinancialInstrumentAxis=BankTimeDepositsMember,usd,-3
AKAM_10Q_20250930,AvailableForSaleSecuritiesDebtSecurities,us-gaap,"Debt Securities, Available-for-Sale",31942000.0,True,,2025-09-30,0,FinancialInstrumentAxis=BankTimeDepositsMember,usd,-3
AKAM_10Q_20250930,AvailableForSaleSecuritiesDebtSecuritiesCurrent,us-gaap,"Debt Securities, Available-for-Sale, Current",31942000.0,True,,2025-09-30,0,FinancialInstrumentAxis=BankTimeDepositsMember,usd,-3
AKAM_10Q_20250930,AvailableForSaleSecuritiesDebtSecuritiesNoncurrent,us-gaap,"Debt Securities, Available-for-Sale, Noncurrent",0.0,True,,2025-09-30,0,FinancialInstrumentAxis=BankTimeDepositsMember,usd,-3
AKAM_10Q_20250930,AvailableForSaleDebtSecuritiesAmortizedCostBasis,us-gaap,"Debt Securities, Available-for-Sale, Amortized Cost",809464000.0,True,,2025-09-30,0,FinancialInstrumentAxis=DomesticCorporateDebtSecuritiesMember,usd,-3
AKAM_10Q_20250930,AvailableForSaleDebtSecuritiesAccumulatedGrossUnrealizedGainBeforeTax,us-gaap,"Debt Securities, Available-for-Sale, Accumulated Gross Unrealized Gain, before Tax",3224000.0,True,,2025-09-30,0,FinancialInstrumentAxis=DomesticCorporateDebtSecuritiesMember,usd,-3
AKAM_10Q_20250930,AvailableForSaleDebtSecuritiesAccumulatedGrossUnrealizedLossBeforeTax,us-gaap,"Debt Securities, Available-for-Sale, Accumulated Gross Unrealized Loss, before Tax",224000.0,True,,2025-09-30,0,FinancialInstrumentAxis=DomesticCorporateDebtSecuritiesMember,usd,-3
AKAM_10Q_20250930,AvailableForSaleSecuritiesDebtSecurities,us-gaap,"Debt Securities, Available-for-Sale",812464000.0,True,,2025-09-30,0,FinancialInstrumentAxis=DomesticCorporateDebtSecuritiesMember,usd,-3
AKAM_10Q_20250930,AvailableForSaleSecuritiesDebtSecuritiesCurrent,us-gaap,"Debt Securities, Available-for-Sale, Current",144833000.0,True,,2025-09-30,0,FinancialInstrumentAxis=DomesticCorporateDebtSecuritiesMember,usd,-3
AKAM_10Q_20250930,AvailableForSaleSecuritiesDebtSecuritiesNoncurrent,us-gaap,"Debt Securities, Available-for-Sale, Noncurrent",667631000.0,True,,2025-09-30,0,FinancialInstrumentAxis=DomesticCorporateDebtSecuritiesMember,usd,-3
AKAM_10Q_20250930,AvailableForSaleDebtSecuritiesAmortizedCostBasis,us-gaap,"Debt Securities, Available-for-Sale, Amortized Cost",841406000.0,True,,2025-09-30,0,,usd,-3
AKAM_10Q_20250930,AvailableForSaleDebtSecuritiesAccumulatedGrossUnrealizedGainBeforeTax,us-gaap,"Debt Securities, Available-for-Sale, Accumulated Gross Unrealized Gain, before Tax",3224000.0,True,,2025-09-30,0,,usd,-3
AKAM_10Q_20250930,AvailableForSaleDebtSecuritiesAccumulatedGrossUnrealizedLossBeforeTax,us-gaap,"Debt Securities, Available-for-Sale, Accumulated Gross Unrealized Loss, before Tax",224000.0,True,,2025-09-30,0,,usd,-3
AKAM_10Q_20250930,AvailableForSaleSecuritiesDebtSecurities,us-gaap,"Debt Securities, Available-for-Sale",844406000.0,True,,2025-09-30,0,,usd,-3
AKAM_10Q_20250930,AvailableForSaleSecuritiesDebtSecuritiesCurrent,us-gaap,"Debt Securities, Available-for-Sale, Current",176775000.0,True,,2025-09-30,0,,usd,-3
AKAM_10Q_20250930,AvailableForSaleSecuritiesDebtSecuritiesNoncurrent,us-gaap,"Debt Securities, Available-for-Sale, Noncurrent",667631000.0,True,,2025-09-30,0,,usd,-3
AKAM_10Q_20250930,AvailableForSaleDebtSecuritiesAmortizedCostBasis,us-gaap,"Debt Securities, Available-for-Sale, Amortized Cost",11330000.0,True,,2024-12-31,0,FinancialInstrumentAxis=BankTimeDepositsMember,usd,-3
AKAM_10Q_20250930,AvailableForSaleDebtSecuritiesAccumulatedGrossUnrealizedGainBeforeTax,us-gaap,"Debt Securities, Available-for-Sale, Accumulated Gross Unrealized Gain, before Tax",0.0,True,,2024-12-31,0,FinancialInstrumentAxis=BankTimeDepositsMember,usd,-3
AKAM_10Q_20250930,AvailableForSaleDebtSecuritiesAccumulatedGrossUnrealizedLossBeforeTax,us-gaap,"Debt Securities, Available-for-Sale, Accumulated Gross Unrealized Loss, before Tax",0.0,True,,2024-12-31,0,FinancialInstrumentAxis=BankTimeDepositsMember,usd,-3
AKAM_10Q_20250930,AvailableForSaleSecuritiesDebtSecurities,us-gaap,"Debt Securities, Available-for-Sale",11330000.0,True,,2024-12-31,0,FinancialInstrumentAxis=BankTimeDepositsMember,usd,-3
AKAM_10Q_20250930,AvailableForSaleSecuritiesDebtSecuritiesCurrent,us-gaap,"Debt Securities, Available-for-Sale, Current",11330000.0,True,,2024-12-31,0,FinancialInstrumentAxis=BankTimeDepositsMember,usd,-3
AKAM_10Q_20250930,AvailableForSaleSecuritiesDebtSecuritiesNoncurrent,us-gaap,"Debt Securities, Available-for-Sale, Noncurrent",0.0,True,,2024-12-31,0,FinancialInstrumentAxis=BankTimeDepositsMember,usd,-3
AKAM_10Q_20250930,AvailableForSaleDebtSecuritiesAmortizedCostBasis,us-gaap,"Debt Securities, Available-for-Sale, Amortized Cost",1003915000.0,True,,2024-12-31,0,FinancialInstrumentAxis=DomesticCorporateDebtSecuritiesMember,usd,-3
AKAM_10Q_20250930,AvailableForSaleDebtSecuritiesAccumulatedGrossUnrealizedGainBeforeTax,us-gaap,"Debt Securities, Available-for-Sale, Accumulated Gross Unrealized Gain, before Tax",1369000.0,True,,2024-12-31,0,FinancialInstrumentAxis=DomesticCorporateDebtSecuritiesMember,usd,-3
AKAM_10Q_20250930,AvailableForSaleDebtSecuritiesAccumulatedGrossUnrealizedLossBeforeTax,us-gaap,"Debt Securities, Available-for-Sale, Accumulated Gross Unrealized Loss, before Tax",307000.0,True,,2024-12-31,0,FinancialInstrumentAxis=DomesticCorporateDebtSecuritiesMember,usd,-3
AKAM_10Q_20250930,AvailableForSaleSecuritiesDebtSecurities,us-gaap,"Debt Securities, Available-for-Sale",1004977000.0,True,,2024-12-31,0,FinancialInstrumentAxis=DomesticCorporateDebtSecuritiesMember,usd,-3
AKAM_10Q_20250930,AvailableForSaleSecuritiesDebtSecuritiesCurrent,us-gaap,"Debt Securities, Available-for-Sale, Current",808800000.0,True,,2024-12-31,0,FinancialInstrumentAxis=DomesticCorporateDebtSecuritiesMember,usd,-3
AKAM_10Q_20250930,AvailableForSaleSecuritiesDebtSecuritiesNoncurrent,us-gaap,"Debt Securities, Available-for-Sale, Noncurrent",196177000.0,True,,2024-12-31,0,FinancialInstrumentAxis=DomesticCorporateDebtSecuritiesMember,usd,-3
AKAM_10Q_20250930,AvailableForSaleDebtSecuritiesAmortizedCostBasis,us-gaap,"Debt Securities, Available-for-Sale, Amortized Cost",303816000.0,True,,2024-12-31,0,FinancialInstrumentAxis=USGovernmentAgenciesDebtSecuritiesMember,usd,-3
AKAM_10Q_20250930,AvailableForSaleDebtSecuritiesAccumulatedGrossUnrealizedGainBeforeTax,us-gaap,"Debt Securities, Available-for-Sale, Accumulated Gross Unrealized Gain, before Tax",567000.0,True,,2024-12-31,0,FinancialInstrumentAxis=USGovernmentAgenciesDebtSecuritiesMember,usd,-3
AKAM_10Q_20250930,AvailableForSaleDebtSecuritiesAccumulatedGrossUnrealizedLossBeforeTax,us-gaap,"Debt Securities, Available-for-Sale, Accumulated Gross Unrealized Loss, before Tax",36000.0,True,,2024-12-31,0,FinancialInstrumentAxis=USGovernmentAgenciesDebtSecuritiesMember,usd,-3
AKAM_10Q_20250930,AvailableForSaleSecuritiesDebtSecurities,us-gaap,"Debt Securities, Available-for-Sale",304347000.0,True,,2024-12-31,0,FinancialInstrumentAxis=USGovernmentAgenciesDebtSecuritiesMember,usd,-3
AKAM_10Q_20250930,AvailableForSaleSecuritiesDebtSecuritiesCurrent,us-gaap,"Debt Securities, Available-for-Sale, Current",249318000.0,True,,2024-12-31,0,FinancialInstrumentAxis=USGovernmentAgenciesDebtSecuritiesMember,usd,-3
AKAM_10Q_20250930,AvailableForSaleSecuritiesDebtSecuritiesNoncurrent,us-gaap,"Debt Securities, Available-for-Sale, Noncurrent",55029000.0,True,,2024-12-31,0,FinancialInstrumentAxis=USGovernmentAgenciesDebtSecuritiesMember,usd,-3
AKAM_10Q_20250930,AvailableForSaleDebtSecuritiesAmortizedCostBasis,us-gaap,"Debt Securities, Available-for-Sale, Amortized Cost",1319061000.0,True,,2024-12-31,0,,usd,-3
AKAM_10Q_20250930,AvailableForSaleDebtSecuritiesAccumulatedGrossUnrealizedGainBeforeTax,us-gaap,"Debt Securities, Available-for-Sale, Accumulated Gross Unrealized Gain, before Tax",1936000.0,True,,2024-12-31,0,,usd,-3
AKAM_10Q_20250930,AvailableForSaleDebtSecuritiesAccumulatedGrossUnrealizedLossBeforeTax,us-gaap,"Debt Securities, Available-for-Sale, Accumulated Gross Unrealized Loss, before Tax",343000.0,True,,2024-12-31,0,,usd,-3
AKAM_10Q_20250930,AvailableForSaleSecuritiesDebtSecurities,us-gaap,"Debt Securities, Available-for-Sale",1320654000.0,True,,2024-12-31,0,,usd,-3
AKAM_10Q_20250930,AvailableForSaleSecuritiesDebtSecuritiesCurrent,us-gaap,"Debt Securities, Available-for-Sale, Current",1069448000.0,True,,2024-12-31,0,,usd,-3
AKAM_10Q_20250930,AvailableForSaleSecuritiesDebtSecuritiesNoncurrent,us-gaap,"Debt Securities, Available-for-Sale, Noncurrent",251206000.0,True,,2024-12-31,0,,usd,-3
AKAM_10Q_20250930,CashAndCashEquivalentsFairValueDisclosure,us-gaap,"Cash and Cash Equivalents, Fair Value Disclosure",369033000.0,True,,2025-09-30,0,FinancialInstrumentAxis=MoneyMarketFundsMember,usd,-3
AKAM_10Q_20250930,CashAndCashEquivalentsFairValueDisclosure,us-gaap,"Cash and Cash Equivalents, Fair Value Disclosure",369033000.0,True,,2025-09-30,0,FairValueByFairValueHierarchyLevelAxis=FairValueInputsLevel1Member;FinancialInstrumentAxis=MoneyMarketFundsMember,usd,-3
AKAM_10Q_20250930,CashAndCashEquivalentsFairValueDisclosure,us-gaap,"Cash and Cash Equivalents, Fair Value Disclosure",0.0,True,,2025-09-30,0,FairValueByFairValueHierarchyLevelAxis=FairValueInputsLevel2Member;FinancialInstrumentAxis=MoneyMarketFundsMember,usd,-3
AKAM_10Q_20250930,DebtSecuritiesAndCashEquivalents,akam,Debt Securities and Cash Equivalents,89755000.0,True,,2025-09-30,0,FinancialInstrumentAxis=BankTimeDepositsMember,usd,-3
AKAM_10Q_20250930,DebtSecuritiesAndCashEquivalents,akam,Debt Securities and Cash Equivalents,0.0,True,,2025-09-30,0,FairValueByFairValueHierarchyLevelAxis=FairValueInputsLevel1Member;FinancialInstrumentAxis=BankTimeDepositsMember,usd,-3
AKAM_10Q_20250930,DebtSecuritiesAndCashEquivalents,akam,Debt Securities and Cash Equivalents,89755000.0,True,,2025-09-30,0,FairValueByFairValueHierarchyLevelAxis=FairValueInputsLevel2Member;FinancialInstrumentAxis=BankTimeDepositsMember,usd,-3
AKAM_10Q_20250930,AvailableForSaleSecuritiesDebtSecurities,us-gaap,"Debt Securities, Available-for-Sale",0.0,True,,2025-09-30,0,FairValueByFairValueHierarchyLevelAxis=FairValueInputsLevel1Member;FinancialInstrumentAxis=DomesticCorporateDebtSecuritiesMember,usd,-3
AKAM_10Q_20250930,AvailableForSaleSecuritiesDebtSecurities,us-gaap,"Debt Securities, Available-for-Sale",812464000.0,True,,2025-09-30,0,FairValueByFairValueHierarchyLevelAxis=FairValueInputsLevel2Member;FinancialInstrumentAxis=DomesticCorporateDebtSecuritiesMember,usd,-3
AKAM_10Q_20250930,AvailableForSaleSecuritiesDebtSecurities,us-gaap,"Debt Securities, Available-for-Sale",29522000.0,True,,2025-09-30,0,FinancialInstrumentAxis=MutualFundMember,usd,-3
AKAM_10Q_20250930,AvailableForSaleSecuritiesDebtSecurities,us-gaap,"Debt Securities, Available-for-Sale",29522000.0,True,,2025-09-30,0,FairValueByFairValueHierarchyLevelAxis=FairValueInputsLevel1Member;FinancialInstrumentAxis=MutualFundMember,usd,-3
AKAM_10Q_20250930,AvailableForSaleSecuritiesDebtSecurities,us-gaap,"Debt Securities, Available-for-Sale",0.0,True,,2025-09-30,0,FairValueByFairValueHierarchyLevelAxis=FairValueInputsLevel2Member;FinancialInstrumentAxis=MutualFundMember,usd,-3
AKAM_10Q_20250930,AssetsFairValueDisclosure,us-gaap,"Assets, Fair Value Disclosure",1300774000.0,True,,2025-09-30,0,,usd,-3
AKAM_10Q_20250930,AssetsFairValueDisclosure,us-gaap,"Assets, Fair Value Disclosure",398555000.0,True,,2025-09-30,0,FairValueByFairValueHierarchyLevelAxis=FairValueInputsLevel1Member,usd,-3
AKAM_10Q_20250930,AssetsFairValueDisclosure,us-gaap,"Assets, Fair Value Disclosure",902219000.0,True,,2025-09-30,0,FairValueByFairValueHierarchyLevelAxis=FairValueInputsLevel2Member,usd,-3
AKAM_10Q_20250930,CashAndCashEquivalentsFairValueDisclosure,us-gaap,"Cash and Cash Equivalents, Fair Value Disclosure",163722000.0,True,,2024-12-31,0,FinancialInstrumentAxis=MoneyMarketFundsMember,usd,-3
AKAM_10Q_20250930,CashAndCashEquivalentsFairValueDisclosure,us-gaap,"Cash and Cash Equivalents, Fair Value Disclosure",163722000.0,True,,2024-12-31,0,FairValueByFairValueHierarchyLevelAxis=FairValueInputsLevel1Member;FinancialInstrumentAxis=MoneyMarketFundsMember,usd,-3
AKAM_10Q_20250930,CashAndCashEquivalentsFairValueDisclosure,us-gaap,"Cash and Cash Equivalents, Fair Value Disclosure",0.0,True,,2024-12-31,0,FairValueByFairValueHierarchyLevelAxis=FairValueInputsLevel2Member;FinancialInstrumentAxis=MoneyMarketFundsMember,usd,-3
AKAM_10Q_20250930,DebtSecuritiesAndCashEquivalents,akam,Debt Securities and Cash Equivalents,64202000.0,True,,2024-12-31,0,FinancialInstrumentAxis=BankTimeDepositsMember,usd,-3
AKAM_10Q_20250930,DebtSecuritiesAndCashEquivalents,akam,Debt Securities and Cash Equivalents,0.0,True,,2024-12-31,0,FairValueByFairValueHierarchyLevelAxis=FairValueInputsLevel1Member;FinancialInstrumentAxis=BankTimeDepositsMember,usd,-3
AKAM_10Q_20250930,DebtSecuritiesAndCashEquivalents,akam,Debt Securities and Cash Equivalents,64202000.0,True,,2024-12-31,0,FairValueByFairValueHierarchyLevelAxis=FairValueInputsLevel2Member;FinancialInstrumentAxis=BankTimeDepositsMember,usd,-3
AKAM_10Q_20250930,AvailableForSaleSecuritiesDebtSecurities,us-gaap,"Debt Securities, Available-for-Sale",0.0,True,,2024-12-31,0,FairValueByFairValueHierarchyLevelAxis=FairValueInputsLevel1Member;FinancialInstrumentAxis=DomesticCorporateDebtSecuritiesMember,usd,-3
AKAM_10Q_20250930,AvailableForSaleSecuritiesDebtSecurities,us-gaap,"Debt Securities, Available-for-Sale",1004977000.0,True,,2024-12-31,0,FairValueByFairValueHierarchyLevelAxis=FairValueInputsLevel2Member;FinancialInstrumentAxis=DomesticCorporateDebtSecuritiesMember,usd,-3
AKAM_10Q_20250930,DebtSecuritiesAndCashEquivalents,akam,Debt Securities and Cash Equivalents,304347000.0,True,,2024-12-31,0,FinancialInstrumentAxis=USGovernmentAgenciesDebtSecuritiesMember,usd,-3
AKAM_10Q_20250930,DebtSecuritiesAndCashEquivalents,akam,Debt Securities and Cash Equivalents,0.0,True,,2024-12-31,0,FairValueByFairValueHierarchyLevelAxis=FairValueInputsLevel1Member;FinancialInstrumentAxis=USGovernmentAgenciesDebtSecuritiesMember,usd,-3
AKAM_10Q_20250930,DebtSecuritiesAndCashEquivalents,akam,Debt Securities and Cash Equivalents,304347000.0,True,,2024-12-31,0,FairValueByFairValueHierarchyLevelAxis=FairValueInputsLevel2Member;FinancialInstrumentAxis=USGovernmentAgenciesDebtSecuritiesMember,usd,-3
AKAM_10Q_20250930,AvailableForSaleSecuritiesDebtSecurities,us-gaap,"Debt Securities, Available-for-Sale",26580000.0,True,,2024-12-31,0,FinancialInstrumentAxis=MutualFundMember,usd,-3
AKAM_10Q_20250930,AvailableForSaleSecuritiesDebtSecurities,us-gaap,"Debt Securities, Available-for-Sale",26580000.0,True,,2024-12-31,0,FairValueByFairValueHierarchyLevelAxis=FairValueInputsLevel1Member;FinancialInstrumentAxis=MutualFundMember,usd,-3
AKAM_10Q_20250930,AvailableForSaleSecuritiesDebtSecurities,us-gaap,"Debt Securities, Available-for-Sale",0.0,True,,2024-12-31,0,FairValueByFairValueHierarchyLevelAxis=FairValueInputsLevel2Member;FinancialInstrumentAxis=MutualFundMember,usd,-3
AKAM_10Q_20250930,AssetsFairValueDisclosure,us-gaap,"Assets, Fair Value Disclosure",1563828000.0,True,,2024-12-31,0,,usd,-3
AKAM_10Q_20250930,AssetsFairValueDisclosure,us-gaap,"Assets, Fair Value Disclosure",190302000.0,True,,2024-12-31,0,FairValueByFairValueHierarchyLevelAxis=FairValueInputsLevel1Member,usd,-3
AKAM_10Q_20250930,AssetsFairValueDisclosure,us-gaap,"Assets, Fair Value Disclosure",1373526000.0,True,,2024-12-31,0,FairValueByFairValueHierarchyLevelAxis=FairValueInputsLevel2Member,usd,-3
AKAM_10Q_20250930,AvailableForSaleSecuritiesDebtMaturitiesWithinOneYearFairValue,us-gaap,"Debt Securities, Available-for-Sale, Fair Value, Maturity, Allocated and Single Maturity Date, Year One",176775000.0,True,,2025-09-30,0,,usd,-3
AKAM_10Q_20250930,AvailableForSaleSecuritiesDebtMaturitiesWithinOneYearFairValue,us-gaap,"Debt Securities, Available-for-Sale, Fair Value, Maturity, Allocated and Single Maturity Date, Year One",1069448000.0,True,,2024-12-31,0,,usd,-3
AKAM_10Q_20250930,AvailableForSaleSecuritiesDebtMaturitiesAfterOneThroughFiveYearsFairValue,us-gaap,"Debt Securities, Available-for-Sale, Fair Value, Maturity, Allocated and Single Maturity Date, after Year One Through Five",667631000.0,True,,2025-09-30,0,,usd,-3
AKAM_10Q_20250930,AvailableForSaleSecuritiesDebtMaturitiesAfterOneThroughFiveYearsFairValue,us-gaap,"Debt Securities, Available-for-Sale, Fair Value, Maturity, Allocated and Single Maturity Date, after Year One Through Five",251206000.0,True,,2024-12-31,0,,usd,-3
AKAM_10Q_20250930,AccountsReceivableGrossCurrent,us-gaap,"Accounts Receivable, before Allowance for Credit Loss, Current",546945000.0,True,,2025-09-30,0,AccountsNotesLoansAndFinancingReceivableByReceivableTypeAxis=TradeAccountsReceivableMember,usd,-3
AKAM_10Q_20250930,AccountsReceivableGrossCurrent,us-gaap,"Accounts Receivable, before Allowance for Credit Loss, Current",508928000.0,True,,2024-12-31,0,AccountsNotesLoansAndFinancingReceivableByReceivableTypeAxis=TradeAccountsReceivableMember,usd,-3
AKAM_10Q_20250930,AccountsReceivableGrossCurrent,us-gaap,"Accounts Receivable, before Allowance for Credit Loss, Current",224715000.0,True,,2025-09-30,0,AccountsNotesLoansAndFinancingReceivableByReceivableTypeAxis=UnbilledAccountsReceivableMember,usd,-3
AKAM_10Q_20250930,AccountsReceivableGrossCurrent,us-gaap,"Accounts Receivable, before Allowance for Credit Loss, Current",222281000.0,True,,2024-12-31,0,AccountsNotesLoansAndFinancingReceivableByReceivableTypeAxis=UnbilledAccountsReceivableMember,usd,-3
AKAM_10Q_20250930,AccountsReceivableGrossCurrent,us-gaap,"Accounts Receivable, before Allowance for Credit Loss, Current",771660000.0,True,,2025-09-30,0,,usd,-3
AKAM_10Q_20250930,AccountsReceivableGrossCurrent,us-gaap,"Accounts Receivable, before Allowance for Credit Loss, Current",731209000.0,True,,2024-12-31,0,,usd,-3
AKAM_10Q_20250930,AllowanceForDoubtfulAccountsReceivableCurrent,us-gaap,"Accounts Receivable, Allowance for Credit Loss, Current",3469000.0,True,,2023-12-31,0,,usd,-3
AKAM_10Q_20250930,ProvisionForDoubtfulAccounts,us-gaap,"Accounts Receivable, Credit Loss Expense (Reversal)",10323000.0,False,2025-01-01,2025-09-30,273,,usd,-3
AKAM_10Q_20250930,ProvisionForDoubtfulAccounts,us-gaap,"Accounts Receivable, Credit Loss Expense (Reversal)",4832000.0,False,2024-01-01,2024-09-30,274,,usd,-3
AKAM_10Q_20250930,AllowanceForDoubtfulAccountsReceivableRecoveries,us-gaap,"Accounts Receivable, Allowance for Credit Loss, Recovery",8076000.0,False,2025-01-01,2025-09-30,273,,usd,-3
AKAM_10Q_20250930,AllowanceForDoubtfulAccountsReceivableRecoveries,us-gaap,"Accounts Receivable, Allowance for Credit Loss, Recovery",4481000.0,False,2024-01-01,2024-09-30,274,,usd,-3
AKAM_10Q_20250930,AllowanceForDoubtfulAccountsReceivableCurrent,us-gaap,"Accounts Receivable, Allowance for Credit Loss, Current",3820000.0,True,,2024-09-30,0,,usd,-3
AKAM_10Q_20250930,CapitalizedContractCostNet,us-gaap,"Capitalized Contract Cost, Net",62097000.0,True,,2025-09-30,0,BalanceSheetLocationAxis=OtherCurrentAssetsMember;CapitalizedContractCostAxis=CommissionandIncentivePaymentsMember,usd,-3
AKAM_10Q_20250930,CapitalizedContractCostNet,us-gaap,"Capitalized Contract Cost, Net",72391000.0,True,,2024-12-31,0,BalanceSheetLocationAxis=OtherCurrentAssetsMember;CapitalizedContractCostAxis=CommissionandIncentivePaymentsMember,usd,-3
AKAM_10Q_20250930,CapitalizedContractCostNet,us-gaap,"Capitalized Contract Cost, Net",81116000.0,True,,2025-09-30,0,BalanceSheetLocationAxis=OtherAssetsMember;CapitalizedContractCostAxis=CommissionandIncentivePaymentsMember,usd,-3
AKAM_10Q_20250930,CapitalizedContractCostNet,us-gaap,"Capitalized Contract Cost, Net",58996000.0,True,,2024-12-31,0,BalanceSheetLocationAxis=OtherAssetsMember;CapitalizedContractCostAxis=CommissionandIncentivePaymentsMember,usd,-3
AKAM_10Q_20250930,CapitalizedContractCostNet,us-gaap,"Capitalized Contract Cost, Net",143213000.0,True,,2025-09-30,0,CapitalizedContractCostAxis=CommissionandIncentivePaymentsMember,usd,-3
AKAM_10Q_20250930,CapitalizedContractCostNet,us-gaap,"Capitalized Contract Cost, Net",131387000.0,True,,2024-12-31,0,CapitalizedContractCostAxis=CommissionandIncentivePaymentsMember,usd,-3
AKAM_10Q_20250930,CapitalizedContractCostAmortization,us-gaap,"Capitalized Contract Cost, Amortization",16934000.0,False,2025-07-01,2025-09-30,92,,usd,-3
AKAM_10Q_20250930,CapitalizedContractCostAmortization,us-gaap,"Capitalized Contract Cost, Amortization",17179000.0,False,2024-07-01,2024-09-30,92,,usd,-3
AKAM_10Q_20250930,CapitalizedContractCostAmortization,us-gaap,"Capitalized Contract Cost, Amortization",46098000.0,False,2025-01-01,2025-09-30,273,,usd,-3
AKAM_10Q_20250930,CapitalizedContractCostAmortization,us-gaap,"Capitalized Contract Cost, Amortization",46916000.0,False,2024-01-01,2024-09-30,274,,usd,-3
AKAM_10Q_20250930,ContractCostCapitalizedDuringPeriod,akam,Contract Cost Capitalized During Period,20764000.0,False,2025-07-01,2025-09-30,92,,usd,-3
AKAM_10Q_20250930,ContractCostCapitalizedDuringPeriod,akam,Contract Cost Capitalized During Period,27962000.0,False,2024-07-01,2024-09-30,92,,usd,-3
AKAM_10Q_20250930,ContractCostCapitalizedDuringPeriod,akam,Contract Cost Capitalized During Period,52848000.0,False,2025-01-01,2025-09-30,273,,usd,-3
AKAM_10Q_20250930,ContractCostCapitalizedDuringPeriod,akam,Contract Cost Capitalized During Period,70668000.0,False,2024-01-01,2024-09-30,274,,usd,-3
AKAM_10Q_20250930,FiniteLivedIntangibleAssetsGross,us-gaap,"Finite-Lived Intangible Assets, Gross",465699000.0,True,,2025-09-30,0,FiniteLivedIntangibleAssetsByMajorClassAxis=DevelopedTechnologyRightsMember,usd,-3
AKAM_10Q_20250930,FiniteLivedIntangibleAssetsAccumulatedAmortization,us-gaap,"Finite-Lived Intangible Assets, Accumulated Amortization",252850000.0,True,,2025-09-30,0,FiniteLivedIntangibleAssetsByMajorClassAxis=DevelopedTechnologyRightsMember,usd,-3
AKAM_10Q_20250930,FiniteLivedIntangibleAssetsNet,us-gaap,"Finite-Lived Intangible Assets, Net",212849000.0,True,,2025-09-30,0,FiniteLivedIntangibleAssetsByMajorClassAxis=DevelopedTechnologyRightsMember,usd,-3
AKAM_10Q_20250930,FiniteLivedIntangibleAssetsGross,us-gaap,"Finite-Lived Intangible Assets, Gross",463766000.0,True,,2024-12-31,0,FiniteLivedIntangibleAssetsByMajorClassAxis=DevelopedTechnologyRightsMember,usd,-3
AKAM_10Q_20250930,FiniteLivedIntangibleAssetsAccumulatedAmortization,us-gaap,"Finite-Lived Intangible Assets, Accumulated Amortization",223480000.0,True,,2024-12-31,0,FiniteLivedIntangibleAssetsByMajorClassAxis=DevelopedTechnologyRightsMember,usd,-3
AKAM_10Q_20250930,FiniteLivedIntangibleAssetsNet,us-gaap,"Finite-Lived Intangible Assets, Net",240286000.0,True,,2024-12-31,0,FiniteLivedIntangibleAssetsByMajorClassAxis=DevelopedTechnologyRightsMember,usd,-3
AKAM_10Q_20250930,FiniteLivedIntangibleAssetsGross,us-gaap,"Finite-Lived Intangible Assets, Gross",764439000.0,True,,2025-09-30,0,FiniteLivedIntangibleAssetsByMajorClassAxis=CustomerRelationshipsMember,usd,-3
AKAM_10Q_20250930,FiniteLivedIntangibleAssetsAccumulatedAmortization,us-gaap,"Finite-Lived Intangible Assets, Accumulated Amortization",368459000.0,True,,2025-09-30,0,FiniteLivedIntangibleAssetsByMajorClassAxis=CustomerRelationshipsMember,usd,-3
AKAM_10Q_20250930,FiniteLivedIntangibleAssetsNet,us-gaap,"Finite-Lived Intangible Assets, Net",395980000.0,True,,2025-09-30,0,FiniteLivedIntangibleAssetsByMajorClassAxis=CustomerRelationshipsMember,usd,-3
AKAM_10Q_20250930,FiniteLivedIntangibleAssetsGross,us-gaap,"Finite-Lived Intangible Assets, Gross",758817000.0,True,,2024-12-31,0,FiniteLivedIntangibleAssetsByMajorClassAxis=CustomerRelationshipsMember,usd,-3
AKAM_10Q_20250930,FiniteLivedIntangibleAssetsAccumulatedAmortization,us-gaap,"Finite-Lived Intangible Assets, Accumulated Amortization",313991000.0,True,,2024-12-31,0,FiniteLivedIntangibleAssetsByMajorClassAxis=CustomerRelationshipsMember,usd,-3
AKAM_10Q_20250930,FiniteLivedIntangibleAssetsNet,us-gaap,"Finite-Lived Intangible Assets, Net",444826000.0,True,,2024-12-31,0,FiniteLivedIntangibleAssetsByMajorClassAxis=CustomerRelationshipsMember,usd,-3
AKAM_10Q_20250930,FiniteLivedIntangibleAssetsGross,us-gaap,"Finite-Lived Intangible Assets, Gross",15350000.0,True,,2025-09-30,0,FiniteLivedIntangibleAssetsByMajorClassAxis=TrademarksAndTradeNamesMember,usd,-3
AKAM_10Q_20250930,FiniteLivedIntangibleAssetsAccumulatedAmortization,us-gaap,"Finite-Lived Intangible Assets, Accumulated Amortization",11790000.0,True,,2025-09-30,0,FiniteLivedIntangibleAssetsByMajorClassAxis=TrademarksAndTradeNamesMember,usd,-3
AKAM_10Q_20250930,FiniteLivedIntangibleAssetsNet,us-gaap,"Finite-Lived Intangible Assets, Net",3560000.0,True,,2025-09-30,0,FiniteLivedIntangibleAssetsByMajorClassAxis=TrademarksAndTradeNamesMember,usd,-3
AKAM_10Q_20250930,FiniteLivedIntangibleAssetsGross,us-gaap,"Finite-Lived Intangible Assets, Gross",15318000.0,True,,2024-12-31,0,FiniteLivedIntangibleAssetsByMajorClassAxis=TrademarksAndTradeNamesMember,usd,-3
AKAM_10Q_20250930,FiniteLivedIntangibleAssetsAccumulatedAmortization,us-gaap,"Finite-Lived Intangible Assets, Accumulated Amortization",10579000.0,True,,2024-12-31,0,FiniteLivedIntangibleAssetsByMajorClassAxis=TrademarksAndTradeNamesMember,usd,-3
AKAM_10Q_20250930,FiniteLivedIntangibleAssetsNet,us-gaap,"Finite-Lived Intangible Assets, Net",4739000.0,True,,2024-12-31,0,FiniteLivedIntangibleAssetsByMajorClassAxis=TrademarksAndTradeNamesMember,usd,-3
AKAM_10Q_20250930,FiniteLivedIntangibleAssetsGross,us-gaap,"Finite-Lived Intangible Assets, Gross",44811000.0,True,,2025-09-30,0,FiniteLivedIntangibleAssetsByMajorClassAxis=LicensingAgreementsMember,usd,-3
AKAM_10Q_20250930,FiniteLivedIntangibleAssetsAccumulatedAmortization,us-gaap,"Finite-Lived Intangible Assets, Accumulated Amortization",9720000.0,True,,2025-09-30,0,FiniteLivedIntangibleAssetsByMajorClassAxis=LicensingAgreementsMember,usd,-3
AKAM_10Q_20250930,FiniteLivedIntangibleAssetsNet,us-gaap,"Finite-Lived Intangible Assets, Net",35091000.0,True,,2025-09-30,0,FiniteLivedIntangibleAssetsByMajorClassAxis=LicensingAgreementsMember,usd,-3
AKAM_10Q_20250930,FiniteLivedIntangibleAssetsGross,us-gaap,"Finite-Lived Intangible Assets, Gross",44810000.0,True,,2024-12-31,0,FiniteLivedIntangibleAssetsByMajorClassAxis=LicensingAgreementsMember,usd,-3
AKAM_10Q_20250930,FiniteLivedIntangibleAssetsAccumulatedAmortization,us-gaap,"Finite-Lived Intangible Assets, Accumulated Amortization",7076000.0,True,,2024-12-31,0,FiniteLivedIntangibleAssetsByMajorClassAxis=LicensingAgreementsMember,usd,-3
AKAM_10Q_20250930,FiniteLivedIntangibleAssetsNet,us-gaap,"Finite-Lived Intangible Assets, Net",37734000.0,True,,2024-12-31,0,FiniteLivedIntangibleAssetsByMajorClassAxis=LicensingAgreementsMember,usd,-3
AKAM_10Q_20250930,FiniteLivedIntangibleAssetsGross,us-gaap,"Finite-Lived Intangible Assets, Gross",1290299000.0,True,,2025-09-30,0,,usd,-3
AKAM_10Q_20250930,FiniteLivedIntangibleAssetsAccumulatedAmortization,us-gaap,"Finite-Lived Intangible Assets, Accumulated Amortization",642819000.0,True,,2025-09-30,0,,usd,-3
AKAM_10Q_20250930,FiniteLivedIntangibleAssetsNet,us-gaap,"Finite-Lived Intangible Assets, Net",647480000.0,True,,2025-09-30,0,,usd,-3
AKAM_10Q_20250930,FiniteLivedIntangibleAssetsGross,us-gaap,"Finite-Lived Intangible Assets, Gross",1282711000.0,True,,2024-12-31,0,,usd,-3
AKAM_10Q_20250930,FiniteLivedIntangibleAssetsAccumulatedAmortization,us-gaap,"Finite-Lived Intangible Assets, Accumulated Amortization",555126000.0,True,,2024-12-31,0,,usd,-3
AKAM_10Q_20250930,FiniteLivedIntangibleAssetsNet,us-gaap,"Finite-Lived Intangible Assets, Net",727585000.0,True,,2024-12-31,0,,usd,-3
AKAM_10Q_20250930,FiniteLivedIntangibleAssetsAmortizationExpenseRemainderOfFiscalYear,us-gaap,"Finite-Lived Intangible Asset, Expected Amortization, Remainder of Fiscal Year",27900000.0,True,,2025-09-30,0,,usd,-5
AKAM_10Q_20250930,FiniteLivedIntangibleAssetsAmortizationExpenseNextTwelveMonths,us-gaap,"Finite-Lived Intangible Asset, Expected Amortization, Year One",104000000.0,True,,2025-09-30,0,,usd,-5
AKAM_10Q_20250930,FiniteLivedIntangibleAssetsAmortizationExpenseYearTwo,us-gaap,"Finite-Lived Intangible Asset, Expected Amortization, Year Two",89200000.0,True,,2025-09-30,0,,usd,-5
AKAM_10Q_20250930,FiniteLivedIntangibleAssetsAmortizationExpenseYearThree,us-gaap,"Finite-Lived Intangible Asset, Expected Amortization, Year Three",81800000.0,True,,2025-09-30,0,,usd,-5
AKAM_10Q_20250930,FiniteLivedIntangibleAssetsAmortizationExpenseYearFour,us-gaap,"Finite-Lived Intangible Asset, Expected Amortization, Year Four",75900000.0,True,,2025-09-30,0,,usd,-5
AKAM_10Q_20250930,GoodwillPurchaseAccountingAdjustments,us-gaap,"Goodwill, Measurement Period Adjustment",-996000.0,False,2025-01-01,2025-09-30,273,,usd,-3
AKAM_10Q_20250930,GoodwillForeignCurrencyTranslationGainLoss,us-gaap,"Goodwill, Foreign Currency Translation, Gain (Loss)",20042000.0,False,2025-01-01,2025-09-30,273,,usd,-3
AKAM_10Q_20250930,DebtInstrumentFaceAmount,us-gaap,"Debt Instrument, Face Amount",1725000000.0,True,,2025-05-31,0,DebtInstrumentAxis=ConvertibleSeniorNotesDue2033Member;LongtermDebtTypeAxis=ConvertibleDebtMember,usd,INF
AKAM_10Q_20250930,DebtInstrumentFaceAmount,us-gaap,"Debt Instrument, Face Amount",1150000000.0,True,,2025-05-31,0,DebtInstrumentAxis=ConvertibleSeniorNotesDue2027Member;LongtermDebtTypeAxis=ConvertibleDebtMember,usd,-5
AKAM_10Q_20250930,DebtInstrumentFaceAmount,us-gaap,"Debt Instrument, Face Amount",4140000000.0,True,,2025-09-30,0,DebtInstrumentAxis=ConvertibleNotesMember;LongtermDebtTypeAxis=ConvertibleDebtMember,usd,INF
AKAM_10Q_20250930,DebtInstrumentFaceAmount,us-gaap,"Debt Instrument, Face Amount",1725000000.0,True,,2025-09-30,0,DebtInstrumentAxis=ConvertibleSeniorNotesDue2033Member;LongtermDebtTypeAxis=ConvertibleDebtMember,usd,INF
AKAM_10Q_20250930,DebtInstrumentInterestRateStatedPercentage,us-gaap,"Debt Instrument, Interest Rate, Stated Percentage",0.0025,True,,2025-09-30,0,DebtInstrumentAxis=ConvertibleSeniorNotesDue2033Member;LongtermDebtTypeAxis=ConvertibleDebtMember,number,INF
AKAM_10Q_20250930,DebtInstrumentInterestRateEffectivePercentage,us-gaap,"Debt Instrument, Interest Rate, Effective Percentage",0.00484,True,,2025-09-30,0,DebtInstrumentAxis=ConvertibleSeniorNotesDue2033Member;LongtermDebtTypeAxis=ConvertibleDebtMember,number,INF
AKAM_10Q_20250930,DebtInstrumentFaceAmount,us-gaap,"Debt Instrument, Face Amount",1265000000.0,True,,2025-09-30,0,DebtInstrumentAxis=ConvertibleSeniorNotesDue2029Member;LongtermDebtTypeAxis=ConvertibleDebtMember,usd,INF
AKAM_10Q_20250930,DebtInstrumentInterestRateStatedPercentage,us-gaap,"Debt Instrument, Interest Rate, Stated Percentage",0.01125,True,,2025-09-30,0,DebtInstrumentAxis=ConvertibleSeniorNotesDue2029Member;LongtermDebtTypeAxis=ConvertibleDebtMember,number,INF
AKAM_10Q_20250930,DebtInstrumentInterestRateEffectivePercentage,us-gaap,"Debt Instrument, Interest Rate, Effective Percentage",0.01388,True,,2025-09-30,0,DebtInstrumentAxis=ConvertibleSeniorNotesDue2029Member;LongtermDebtTypeAxis=ConvertibleDebtMember,number,INF
AKAM_10Q_20250930,DebtInstrumentFaceAmount,us-gaap,"Debt Instrument, Face Amount",1150000000.0,True,,2025-09-30,0,DebtInstrumentAxis=ConvertibleSeniorNotesDue2027Member;LongtermDebtTypeAxis=ConvertibleDebtMember,usd,INF
AKAM_10Q_20250930,DebtInstrumentInterestRateStatedPercentage,us-gaap,"Debt Instrument, Interest Rate, Stated Percentage",0.00375,True,,2025-09-30,0,DebtInstrumentAxis=ConvertibleSeniorNotesDue2027Member;LongtermDebtTypeAxis=ConvertibleDebtMember,number,INF
AKAM_10Q_20250930,DebtInstrumentInterestRateEffectivePercentage,us-gaap,"Debt Instrument, Interest Rate, Effective Percentage",0.00539,True,,2025-09-30,0,DebtInstrumentAxis=ConvertibleSeniorNotesDue2027Member;LongtermDebtTypeAxis=ConvertibleDebtMember,number,INF
AKAM_10Q_20250930,DebtInstrumentFaceAmount,us-gaap,"Debt Instrument, Face Amount",1150000000.0,True,,2025-05-01,0,DebtInstrumentAxis=ConvertibleSeniorNotesDue2025Member;LongtermDebtTypeAxis=ConvertibleDebtMember,usd,INF
AKAM_10Q_20250930,DebtInstrumentInterestRateStatedPercentage,us-gaap,"Debt Instrument, Interest Rate, Stated Percentage",0.00125,True,,2025-05-01,0,DebtInstrumentAxis=ConvertibleSeniorNotesDue2025Member;LongtermDebtTypeAxis=ConvertibleDebtMember,number,INF
AKAM_10Q_20250930,DebtInstrumentConvertibleThresholdTradingDays,us-gaap,"Debt Instrument, Convertible, Threshold Trading Days",20.0,False,2025-01-01,2025-09-30,273,DebtInstrumentAxis=ConvertibleSeniorNotesDue2027Member;DebtInstrumentConvertibleTermsOfConversionAxis=DebtConversionTermsOneMember;LongtermDebtTypeAxis=ConvertibleDebtMember,day,INF
AKAM_10Q_20250930,DebtInstrumentConvertibleThresholdTradingDays,us-gaap,"Debt Instrument, Convertible, Threshold Trading Days",20.0,False,2025-01-01,2025-09-30,273,DebtInstrumentAxis=ConvertibleSeniorNotesDue2033Member;DebtInstrumentConvertibleTermsOfConversionAxis=DebtConversionTermsOneMember;LongtermDebtTypeAxis=ConvertibleDebtMember,day,INF
AKAM_10Q_20250930,DebtInstrumentConvertibleThresholdTradingDays,us-gaap,"Debt Instrument, Convertible, Threshold Trading Days",20.0,False,2025-01-01,2025-09-30,273,DebtInstrumentAxis=ConvertibleSeniorNotesDue2029Member;DebtInstrumentConvertibleTermsOfConversionAxis=DebtConversionTermsOneMember;LongtermDebtTypeAxis=ConvertibleDebtMember,day,INF
AKAM_10Q_20250930,DebtInstrumentConvertibleThresholdConsecutiveTradingDays1,us-gaap,"Debt Instrument, Convertible, Threshold Consecutive Trading Days",30.0,False,2025-01-01,2025-09-30,273,DebtInstrumentAxis=ConvertibleSeniorNotesDue2033Member;DebtInstrumentConvertibleTermsOfConversionAxis=DebtConversionTermsOneMember;LongtermDebtTypeAxis=ConvertibleDebtMember,day,INF
AKAM_10Q_20250930,DebtInstrumentConvertibleThresholdConsecutiveTradingDays1,us-gaap,"Debt Instrument, Convertible, Threshold Consecutive Trading Days",30.0,False,2025-01-01,2025-09-30,273,DebtInstrumentAxis=ConvertibleSeniorNotesDue2029Member;DebtInstrumentConvertibleTermsOfConversionAxis=DebtConversionTermsOneMember;LongtermDebtTypeAxis=ConvertibleDebtMember,day,INF
AKAM_10Q_20250930,DebtInstrumentConvertibleThresholdConsecutiveTradingDays1,us-gaap,"Debt Instrument, Convertible, Threshold Consecutive Trading Days",30.0,False,2025-01-01,2025-09-30,273,DebtInstrumentAxis=ConvertibleSeniorNotesDue2027Member;DebtInstrumentConvertibleTermsOfConversionAxis=DebtConversionTermsOneMember;LongtermDebtTypeAxis=ConvertibleDebtMember,day,INF
AKAM_10Q_20250930,DebtInstrumentConvertibleThresholdPercentageOfStockPriceTrigger,us-gaap,"Debt Instrument, Convertible, Threshold Percentage of Stock Price Trigger",1.3,False,2025-01-01,2025-09-30,273,DebtInstrumentAxis=ConvertibleSeniorNotesDue2027Member;DebtInstrumentConvertibleTermsOfConversionAxis=DebtConversionTermsOneMember;LongtermDebtTypeAxis=ConvertibleDebtMember,number,INF
AKAM_10Q_20250930,DebtInstrumentConvertibleThresholdPercentageOfStockPriceTrigger,us-gaap,"Debt Instrument, Convertible, Threshold Percentage of Stock Price Trigger",1.3,False,2025-01-01,2025-09-30,273,DebtInstrumentAxis=ConvertibleSeniorNotesDue2033Member;DebtInstrumentConvertibleTermsOfConversionAxis=DebtConversionTermsOneMember;LongtermDebtTypeAxis=ConvertibleDebtMember,number,INF
AKAM_10Q_20250930,DebtInstrumentConvertibleThresholdPercentageOfStockPriceTrigger,us-gaap,"Debt Instrument, Convertible, Threshold Percentage of Stock Price Trigger",1.3,False,2025-01-01,2025-09-30,273,DebtInstrumentAxis=ConvertibleSeniorNotesDue2029Member;DebtInstrumentConvertibleTermsOfConversionAxis=DebtConversionTermsOneMember;LongtermDebtTypeAxis=ConvertibleDebtMember,number,INF
AKAM_10Q_20250930,DebtInstrumentConvertibleThresholdPercentageOfStockPriceTrigger,us-gaap,"Debt Instrument, Convertible, Threshold Percentage of Stock Price Trigger",0.98,False,2025-01-01,2025-09-30,273,DebtInstrumentAxis=ConvertibleSeniorNotesDue2029Member;DebtInstrumentConvertibleTermsOfConversionAxis=DebtConversionTermsTwoMember;LongtermDebtTypeAxis=ConvertibleDebtMember,number,INF
AKAM_10Q_20250930,DebtInstrumentConvertibleThresholdPercentageOfStockPriceTrigger,us-gaap,"Debt Instrument, Convertible, Threshold Percentage of Stock Price Trigger",0.98,False,2025-01-01,2025-09-30,273,DebtInstrumentAxis=ConvertibleSeniorNotesDue2027Member;DebtInstrumentConvertibleTermsOfConversionAxis=DebtConversionTermsTwoMember;LongtermDebtTypeAxis=ConvertibleDebtMember,number,INF
AKAM_10Q_20250930,DebtInstrumentConvertibleThresholdPercentageOfStockPriceTrigger,us-gaap,"Debt Instrument, Convertible, Threshold Percentage of Stock Price Trigger",0.98,False,2025-01-01,2025-09-30,273,DebtInstrumentAxis=ConvertibleSeniorNotesDue2033Member;DebtInstrumentConvertibleTermsOfConversionAxis=DebtConversionTermsTwoMember;LongtermDebtTypeAxis=ConvertibleDebtMember,number,INF
AKAM_10Q_20250930,DebtInstrumentRedemptionPricePercentage,us-gaap,"Debt Instrument, Redemption Price, Percentage",1.0,False,2025-01-01,2025-09-30,273,DebtInstrumentAxis=ConvertibleSeniorNotesDue2029Member;LongtermDebtTypeAxis=ConvertibleDebtMember,number,INF
AKAM_10Q_20250930,DebtInstrumentRedemptionPricePercentage,us-gaap,"Debt Instrument, Redemption Price, Percentage",1.0,False,2025-01-01,2025-09-30,273,DebtInstrumentAxis=ConvertibleSeniorNotesDue2033Member;LongtermDebtTypeAxis=ConvertibleDebtMember,number,INF
AKAM_10Q_20250930,DebtInstrumentRedemptionPricePercentage,us-gaap,"Debt Instrument, Redemption Price, Percentage",1.0,False,2025-01-01,2025-09-30,273,DebtInstrumentAxis=ConvertibleSeniorNotesDue2027Member;LongtermDebtTypeAxis=ConvertibleDebtMember,number,INF
AKAM_10Q_20250930,DebtInstrumentConvertibleConversionPrice1,us-gaap,"Debt Instrument, Convertible, Conversion Price",93.01,True,,2025-09-30,0,DebtInstrumentAxis=ConvertibleSeniorNotesDue2033Member;LongtermDebtTypeAxis=ConvertibleDebtMember,usdPerShare,2
AKAM_10Q_20250930,DebtInstrumentConvertibleConversionPrice1,us-gaap,"Debt Instrument, Convertible, Conversion Price",126.31,True,,2025-09-30,0,DebtInstrumentAxis=ConvertibleSeniorNotesDue2029Member;LongtermDebtTypeAxis=ConvertibleDebtMember,usdPerShare,2
AKAM_10Q_20250930,DebtInstrumentConvertibleConversionPrice1,us-gaap,"Debt Instrument, Convertible, Conversion Price",116.18,True,,2025-09-30,0,DebtInstrumentAxis=ConvertibleSeniorNotesDue2027Member;LongtermDebtTypeAxis=ConvertibleDebtMember,usdPerShare,2
AKAM_10Q_20250930,DebtInstrumentFaceAmount,us-gaap,"Debt Instrument, Face Amount",0.0,True,,2025-09-30,0,DebtInstrumentAxis=ConvertibleSeniorNotesDue2025Member;LongtermDebtTypeAxis=ConvertibleDebtMember,usd,INF
AKAM_10Q_20250930,DebtInstrumentFaceAmount,us-gaap,"Debt Instrument, Face Amount",4140000000.0,True,,2025-09-30,0,LongtermDebtTypeAxis=ConvertibleDebtMember,usd,INF
AKAM_10Q_20250930,DebtInstrumentUnamortizedDiscountPremiumAndDebtIssuanceCostsNet,us-gaap,"Debt Instrument, Unamortized Discount (Premium) and Debt Issuance Costs, Net",22371000.0,True,,2025-09-30,0,DebtInstrumentAxis=ConvertibleSeniorNotesDue2033Member;LongtermDebtTypeAxis=ConvertibleDebtMember,usd,-3
AKAM_10Q_20250930,DebtInstrumentUnamortizedDiscountPremiumAndDebtIssuanceCostsNet,us-gaap,"Debt Instrument, Unamortized Discount (Premium) and Debt Issuance Costs, Net",10983000.0,True,,2025-09-30,0,DebtInstrumentAxis=ConvertibleSeniorNotesDue2029Member;LongtermDebtTypeAxis=ConvertibleDebtMember,usd,-3
AKAM_10Q_20250930,DebtInstrumentUnamortizedDiscountPremiumAndDebtIssuanceCostsNet,us-gaap,"Debt Instrument, Unamortized Discount (Premium) and Debt Issuance Costs, Net",3540000.0,True,,2025-09-30,0,DebtInstrumentAxis=ConvertibleSeniorNotesDue2027Member;LongtermDebtTypeAxis=ConvertibleDebtMember,usd,-3
AKAM_10Q_20250930,DebtInstrumentUnamortizedDiscountPremiumAndDebtIssuanceCostsNet,us-gaap,"Debt Instrument, Unamortized Discount (Premium) and Debt Issuance Costs, Net",0.0,True,,2025-09-30,0,DebtInstrumentAxis=ConvertibleSeniorNotesDue2025Member;LongtermDebtTypeAxis=ConvertibleDebtMember,usd,-3
AKAM_10Q_20250930,DebtInstrumentUnamortizedDiscountPremiumAndDebtIssuanceCostsNet,us-gaap,"Debt Instrument, Unamortized Discount (Premium) and Debt Issuance Costs, Net",36894000.0,True,,2025-09-30,0,LongtermDebtTypeAxis=ConvertibleDebtMember,usd,-3
AKAM_10Q_20250930,LongTermDebt,us-gaap,Long-Term Debt,1702629000.0,True,,2025-09-30,0,DebtInstrumentAxis=ConvertibleSeniorNotesDue2033Member;LongtermDebtTypeAxis=ConvertibleDebtMember,usd,-3
AKAM_10Q_20250930,LongTermDebt,us-gaap,Long-Term Debt,1254017000.0,True,,2025-09-30,0,DebtInstrumentAxis=ConvertibleSeniorNotesDue2029Member;LongtermDebtTypeAxis=ConvertibleDebtMember,usd,-3
AKAM_10Q_20250930,LongTermDebt,us-gaap,Long-Term Debt,1146460000.0,True,,2025-09-30,0,DebtInstrumentAxis=ConvertibleSeniorNotesDue2027Member;LongtermDebtTypeAxis=ConvertibleDebtMember,usd,-3
AKAM_10Q_20250930,LongTermDebt,us-gaap,Long-Term Debt,0.0,True,,2025-09-30,0,DebtInstrumentAxis=ConvertibleSeniorNotesDue2025Member;LongtermDebtTypeAxis=ConvertibleDebtMember,usd,-3
AKAM_10Q_20250930,LongTermDebt,us-gaap,Long-Term Debt,4103106000.0,True,,2025-09-30,0,LongtermDebtTypeAxis=ConvertibleDebtMember,usd,-3
AKAM_10Q_20250930,LongTermDebtFairValue,us-gaap,"Long-Term Debt, Fair Value",1724293000.0,True,,2025-09-30,0,DebtInstrumentAxis=ConvertibleSeniorNotesDue2033Member;LongtermDebtTypeAxis=ConvertibleDebtMember,usd,-3
AKAM_10Q_20250930,LongTermDebtFairValue,us-gaap,"Long-Term Debt, Fair Value",1187215000.0,True,,2025-09-30,0,DebtInstrumentAxis=ConvertibleSeniorNotesDue2029Member;LongtermDebtTypeAxis=ConvertibleDebtMember,usd,-3
AKAM_10Q_20250930,LongTermDebtFairValue,us-gaap,"Long-Term Debt, Fair Value",1103494000.0,True,,2025-09-30,0,DebtInstrumentAxis=ConvertibleSeniorNotesDue2027Member;LongtermDebtTypeAxis=ConvertibleDebtMember,usd,-3
AKAM_10Q_20250930,LongTermDebtFairValue,us-gaap,"Long-Term Debt, Fair Value",0.0,True,,2025-09-30,0,DebtInstrumentAxis=ConvertibleSeniorNotesDue2025Member;LongtermDebtTypeAxis=ConvertibleDebtMember,usd,-3
AKAM_10Q_20250930,LongTermDebtFairValue,us-gaap,"Long-Term Debt, Fair Value",4015002000.0,True,,2025-09-30,0,LongtermDebtTypeAxis=ConvertibleDebtMember,usd,-3
AKAM_10Q_20250930,DebtInstrumentFaceAmount,us-gaap,"Debt Instrument, Face Amount",0.0,True,,2024-12-31,0,DebtInstrumentAxis=ConvertibleSeniorNotesDue2033Member;LongtermDebtTypeAxis=ConvertibleDebtMember,usd,INF
AKAM_10Q_20250930,DebtInstrumentFaceAmount,us-gaap,"Debt Instrument, Face Amount",1265000000.0,True,,2024-12-31,0,DebtInstrumentAxis=ConvertibleSeniorNotesDue2029Member;LongtermDebtTypeAxis=ConvertibleDebtMember,usd,INF
AKAM_10Q_20250930,DebtInstrumentFaceAmount,us-gaap,"Debt Instrument, Face Amount",1150000000.0,True,,2024-12-31,0,DebtInstrumentAxis=ConvertibleSeniorNotesDue2027Member;LongtermDebtTypeAxis=ConvertibleDebtMember,usd,INF
AKAM_10Q_20250930,DebtInstrumentFaceAmount,us-gaap,"Debt Instrument, Face Amount",1150000000.0,True,,2024-12-31,0,DebtInstrumentAxis=ConvertibleSeniorNotesDue2025Member;LongtermDebtTypeAxis=ConvertibleDebtMember,usd,INF
AKAM_10Q_20250930,DebtInstrumentFaceAmount,us-gaap,"Debt Instrument, Face Amount",3565000000.0,True,,2024-12-31,0,LongtermDebtTypeAxis=ConvertibleDebtMember,usd,INF
AKAM_10Q_20250930,DebtInstrumentUnamortizedDiscountPremiumAndDebtIssuanceCostsNet,us-gaap,"Debt Instrument, Unamortized Discount (Premium) and Debt Issuance Costs, Net",0.0,True,,2024-12-31,0,DebtInstrumentAxis=ConvertibleSeniorNotesDue2033Member;LongtermDebtTypeAxis=ConvertibleDebtMember,usd,-3
AKAM_10Q_20250930,DebtInstrumentUnamortizedDiscountPremiumAndDebtIssuanceCostsNet,us-gaap,"Debt Instrument, Unamortized Discount (Premium) and Debt Issuance Costs, Net",13354000.0,True,,2024-12-31,0,DebtInstrumentAxis=ConvertibleSeniorNotesDue2029Member;LongtermDebtTypeAxis=ConvertibleDebtMember,usd,-3
AKAM_10Q_20250930,DebtInstrumentUnamortizedDiscountPremiumAndDebtIssuanceCostsNet,us-gaap,"Debt Instrument, Unamortized Discount (Premium) and Debt Issuance Costs, Net",4951000.0,True,,2024-12-31,0,DebtInstrumentAxis=ConvertibleSeniorNotesDue2027Member;LongtermDebtTypeAxis=ConvertibleDebtMember,usd,-3
AKAM_10Q_20250930,DebtInstrumentUnamortizedDiscountPremiumAndDebtIssuanceCostsNet,us-gaap,"Debt Instrument, Unamortized Discount (Premium) and Debt Issuance Costs, Net",884000.0,True,,2024-12-31,0,DebtInstrumentAxis=ConvertibleSeniorNotesDue2025Member;LongtermDebtTypeAxis=ConvertibleDebtMember,usd,-3
AKAM_10Q_20250930,DebtInstrumentUnamortizedDiscountPremiumAndDebtIssuanceCostsNet,us-gaap,"Debt Instrument, Unamortized Discount (Premium) and Debt Issuance Costs, Net",19189000.0,True,,2024-12-31,0,LongtermDebtTypeAxis=ConvertibleDebtMember,usd,-3
AKAM_10Q_20250930,LongTermDebt,us-gaap,Long-Term Debt,0.0,True,,2024-12-31,0,DebtInstrumentAxis=ConvertibleSeniorNotesDue2033Member;LongtermDebtTypeAxis=ConvertibleDebtMember,usd,-3
AKAM_10Q_20250930,LongTermDebt,us-gaap,Long-Term Debt,1251646000.0,True,,2024-12-31,0,DebtInstrumentAxis=ConvertibleSeniorNotesDue2029Member;LongtermDebtTypeAxis=ConvertibleDebtMember,usd,-3
AKAM_10Q_20250930,LongTermDebt,us-gaap,Long-Term Debt,1145049000.0,True,,2024-12-31,0,DebtInstrumentAxis=ConvertibleSeniorNotesDue2027Member;LongtermDebtTypeAxis=ConvertibleDebtMember,usd,-3
AKAM_10Q_20250930,LongTermDebt,us-gaap,Long-Term Debt,1149116000.0,True,,2024-12-31,0,DebtInstrumentAxis=ConvertibleSeniorNotesDue2025Member;LongtermDebtTypeAxis=ConvertibleDebtMember,usd,-3
AKAM_10Q_20250930,LongTermDebt,us-gaap,Long-Term Debt,3545811000.0,True,,2024-12-31,0,LongtermDebtTypeAxis=ConvertibleDebtMember,usd,-3
AKAM_10Q_20250930,LongTermDebtFairValue,us-gaap,"Long-Term Debt, Fair Value",0.0,True,,2024-12-31,0,DebtInstrumentAxis=ConvertibleSeniorNotesDue2033Member;LongtermDebtTypeAxis=ConvertibleDebtMember,usd,-3
AKAM_10Q_20250930,LongTermDebtFairValue,us-gaap,"Long-Term Debt, Fair Value",1239068000.0,True,,2024-12-31,0,DebtInstrumentAxis=ConvertibleSeniorNotesDue2029Member;LongtermDebtTypeAxis=ConvertibleDebtMember,usd,-3
AKAM_10Q_20250930,LongTermDebtFairValue,us-gaap,"Long-Term Debt, Fair Value",1155865000.0,True,,2024-12-31,0,DebtInstrumentAxis=ConvertibleSeniorNotesDue2027Member;LongtermDebtTypeAxis=ConvertibleDebtMember,usd,-3
AKAM_10Q_20250930,LongTermDebtFairValue,us-gaap,"Long-Term Debt, Fair Value",1219345000.0,True,,2024-12-31,0,DebtInstrumentAxis=ConvertibleSeniorNotesDue2025Member;LongtermDebtTypeAxis=ConvertibleDebtMember,usd,-3
AKAM_10Q_20250930,LongTermDebtFairValue,us-gaap,"Long-Term Debt, Fair Value",3614278000.0,True,,2024-12-31,0,LongtermDebtTypeAxis=ConvertibleDebtMember,usd,-3
AKAM_10Q_20250930,PaymentsForHedgeFinancingActivities,us-gaap,"Payments for Hedge, Financing Activities",605820000.0,False,2025-01-01,2025-09-30,273,DebtInstrumentAxis=ConvertibleSeniorNotesDue2033Member;LongtermDebtTypeAxis=ConvertibleDebtMember,usd,-3
AKAM_10Q_20250930,PaymentsForHedgeFinancingActivities,us-gaap,"Payments for Hedge, Financing Activities",236555000.0,False,2025-01-01,2025-09-30,273,DebtInstrumentAxis=ConvertibleSeniorNotesDue2029Member;LongtermDebtTypeAxis=ConvertibleDebtMember,usd,-3
AKAM_10Q_20250930,PaymentsForHedgeFinancingActivities,us-gaap,"Payments for Hedge, Financing Activities",312225000.0,False,2025-01-01,2025-09-30,273,DebtInstrumentAxis=ConvertibleSeniorNotesDue2027Member;LongtermDebtTypeAxis=ConvertibleDebtMember,usd,-3
AKAM_10Q_20250930,SharesCoveredByHedgeTransaction,akam,Shares Covered By Hedge Transaction,18546000.0,True,,2025-09-30,0,DebtInstrumentAxis=ConvertibleSeniorNotesDue2033Member;LongtermDebtTypeAxis=ConvertibleDebtMember,shares,-3
AKAM_10Q_20250930,SharesCoveredByHedgeTransaction,akam,Shares Covered By Hedge Transaction,10015000.0,True,,2025-09-30,0,DebtInstrumentAxis=ConvertibleSeniorNotesDue2029Member;LongtermDebtTypeAxis=ConvertibleDebtMember,shares,-3
AKAM_10Q_20250930,SharesCoveredByHedgeTransaction,akam,Shares Covered By Hedge Transaction,9898000.0,True,,2025-09-30,0,DebtInstrumentAxis=ConvertibleSeniorNotesDue2027Member;LongtermDebtTypeAxis=ConvertibleDebtMember,shares,-3
AKAM_10Q_20250930,ClassOfWarrantOrRightOutstanding,us-gaap,"Class of Warrant or Right, Outstanding",18546000.0,True,,2025-09-30,0,DebtInstrumentAxis=ConvertibleSeniorNotesDue2033Member;LongtermDebtTypeAxis=ConvertibleDebtMember,shares,-3
AKAM_10Q_20250930,ClassOfWarrantOrRightOutstanding,us-gaap,"Class of Warrant or Right, Outstanding",10015000.0,True,,2025-09-30,0,DebtInstrumentAxis=ConvertibleSeniorNotesDue2029Member;LongtermDebtTypeAxis=ConvertibleDebtMember,shares,-3
AKAM_10Q_20250930,ClassOfWarrantOrRightOutstanding,us-gaap,"Class of Warrant or Right, Outstanding",9898000.0,True,,2025-09-30,0,DebtInstrumentAxis=ConvertibleSeniorNotesDue2027Member;LongtermDebtTypeAxis=ConvertibleDebtMember,shares,-3
AKAM_10Q_20250930,ClassOfWarrantOrRightExercisePriceOfWarrantsOrRights1,us-gaap,"Class of Warrant or Right, Exercise Price of Warrants or Rights",155.02,True,,2025-09-30,0,DebtInstrumentAxis=ConvertibleSeniorNotesDue2033Member;LongtermDebtTypeAxis=ConvertibleDebtMember,usdPerShare,2
AKAM_10Q_20250930,ClassOfWarrantOrRightExercisePriceOfWarrantsOrRights1,us-gaap,"Class of Warrant or Right, Exercise Price of Warrants or Rights",180.44,True,,2025-09-30,0,DebtInstrumentAxis=ConvertibleSeniorNotesDue2029Member;LongtermDebtTypeAxis=ConvertibleDebtMember,usdPerShare,2
AKAM_10Q_20250930,ClassOfWarrantOrRightExercisePriceOfWarrantsOrRights1,us-gaap,"Class of Warrant or Right, Exercise Price of Warrants or Rights",178.74,True,,2025-09-30,0,DebtInstrumentAxis=ConvertibleSeniorNotesDue2027Member;LongtermDebtTypeAxis=ConvertibleDebtMember,usdPerShare,2
AKAM_10Q_20250930,ProceedsFromIssuanceOfWarrants,us-gaap,Proceeds from Issuance of Warrants,330855000.0,False,2025-01-01,2025-09-30,273,DebtInstrumentAxis=ConvertibleSeniorNotesDue2033Member;LongtermDebtTypeAxis=ConvertibleDebtMember,usd,-3
AKAM_10Q_20250930,ProceedsFromIssuanceOfWarrants,us-gaap,Proceeds from Issuance of Warrants,90195000.0,False,2025-01-01,2025-09-30,273,DebtInstrumentAxis=ConvertibleSeniorNotesDue2029Member;LongtermDebtTypeAxis=ConvertibleDebtMember,usd,-3
AKAM_10Q_20250930,ProceedsFromIssuanceOfWarrants,us-gaap,Proceeds from Issuance of Warrants,185150000.0,False,2025-01-01,2025-09-30,273,DebtInstrumentAxis=ConvertibleSeniorNotesDue2027Member;LongtermDebtTypeAxis=ConvertibleDebtMember,usd,-3
AKAM_10Q_20250930,ClassOfWarrantOrRightNumberOfSecuritiesCalledByWarrantsOrRights,us-gaap,"Class of Warrant or Right, Number of Securities Called by Warrants or Rights",12100000.0,True,,2025-09-30,0,DebtInstrumentAxis=ConvertibleSeniorNotesDue2025Member;LongtermDebtTypeAxis=ConvertibleDebtMember,shares,-5
AKAM_10Q_20250930,ClassOfWarrantOrRightExercisePriceOfWarrantsOrRights1,us-gaap,"Class of Warrant or Right, Exercise Price of Warrants or Rights",149.18,True,,2025-09-30,0,DebtInstrumentAxis=ConvertibleSeniorNotesDue2025Member;LongtermDebtTypeAxis=ConvertibleDebtMember,usdPerShare,2
AKAM_10Q_20250930,ProceedsFromIssuanceOfWarrants,us-gaap,Proceeds from Issuance of Warrants,119900000.0,False,2025-01-01,2025-09-30,273,DebtInstrumentAxis=ConvertibleSeniorNotesDue2025Member;LongtermDebtTypeAxis=ConvertibleDebtMember,usd,-5
AKAM_10Q_20250930,ClassOfWarrantOrRightOutstanding,us-gaap,"Class of Warrant or Right, Outstanding",3600000.0,True,,2025-09-30,0,DebtInstrumentAxis=ConvertibleSeniorNotesDue2025Member;LongtermDebtTypeAxis=ConvertibleDebtMember,shares,-5
AKAM_10Q_20250930,LineOfCreditFacilityMaximumBorrowingCapacity,us-gaap,"Line of Credit Facility, Maximum Borrowing Capacity",150000000.0,True,,2025-01-31,0,CreditFacilityAxis=A2025CreditAgreementMember,usd,INF
AKAM_10Q_20250930,LineOfCreditFacilityMaximumBorrowingCapacity,us-gaap,"Line of Credit Facility, Maximum Borrowing Capacity",500000000.0,True,,2022-11-30,0,CreditFacilityAxis=A2022CreditAgreementMember,usd,INF
AKAM_10Q_20250930,LineOfCreditFacilityMaximumBorrowingCapacity,us-gaap,"Line of Credit Facility, Maximum Borrowing Capacity",1000000000.0,True,,2025-05-31,0,CreditFacilityAxis=A2022CreditAgreementMember,usd,-8
AKAM_10Q_20250930,DebtInstrumentBasisSpreadOnVariableRate1,us-gaap,"Debt Instrument, Basis Spread on Variable Rate",0.0075,False,2022-11-01,2022-11-30,30,CreditFacilityAxis=A2022CreditAgreementMember;RangeAxis=MinimumMember;VariableRateAxis=BenchmarkRateMember,number,INF
AKAM_10Q_20250930,DebtInstrumentBasisSpreadOnVariableRate1,us-gaap,"Debt Instrument, Basis Spread on Variable Rate",0.01125,False,2022-11-01,2022-11-30,30,CreditFacilityAxis=A2022CreditAgreementMember;RangeAxis=MaximumMember;VariableRateAxis=BenchmarkRateMember,number,INF
AKAM_10Q_20250930,DebtInstrumentBasisSpreadOnVariableRate1,us-gaap,"Debt Instrument, Basis Spread on Variable Rate",0.0075,False,2022-11-01,2022-11-30,30,CreditFacilityAxis=A2022CreditAgreementMember;RangeAxis=MinimumMember;VariableRateAxis=ReferenceRateMember,number,INF
AKAM_10Q_20250930,DebtInstrumentBasisSpreadOnVariableRate1,us-gaap,"Debt Instrument, Basis Spread on Variable Rate",0.01125,False,2022-11-01,2022-11-30,30,CreditFacilityAxis=A2022CreditAgreementMember;RangeAxis=MaximumMember;VariableRateAxis=ReferenceRateMember,number,INF
AKAM_10Q_20250930,DebtInstrumentBasisSpreadOnVariableRate1,us-gaap,"Debt Instrument, Basis Spread on Variable Rate",0.0,False,2022-11-01,2022-11-30,30,CreditFacilityAxis=A2022CreditAgreementMember;RangeAxis=MinimumMember;VariableRateAxis=BaseRateMember,number,INF
AKAM_10Q_20250930,DebtInstrumentBasisSpreadOnVariableRate1,us-gaap,"Debt Instrument, Basis Spread on Variable Rate",0.00125,False,2022-11-01,2022-11-30,30,CreditFacilityAxis=A2022CreditAgreementMember;RangeAxis=MaximumMember;VariableRateAxis=BaseRateMember,number,INF
AKAM_10Q_20250930,LineOfCreditFacilityUnusedCapacityCommitmentFeePercentage,us-gaap,"Line of Credit Facility, Unused Capacity, Commitment Fee Percentage",0.0007,False,2022-11-01,2022-11-30,30,CreditFacilityAxis=A2022CreditAgreementMember;RangeAxis=MinimumMember,number,INF
AKAM_10Q_20250930,LineOfCreditFacilityUnusedCapacityCommitmentFeePercentage,us-gaap,"Line of Credit Facility, Unused Capacity, Commitment Fee Percentage",0.00125,False,2022-11-01,2022-11-30,30,CreditFacilityAxis=A2022CreditAgreementMember;RangeAxis=MaximumMember,number,INF
AKAM_10Q_20250930,AmortizationOfDebtIssuanceCostsIncludingCapitalizedInterest,akam,"Amortization Of Debt Issuance Costs, Including Capitalized Interest",2357000.0,False,2025-07-01,2025-09-30,92,,usd,-3
AKAM_10Q_20250930,AmortizationOfDebtIssuanceCostsIncludingCapitalizedInterest,akam,"Amortization Of Debt Issuance Costs, Including Capitalized Interest",1952000.0,False,2024-07-01,2024-09-30,92,,usd,-3
AKAM_10Q_20250930,AmortizationOfDebtIssuanceCostsIncludingCapitalizedInterest,akam,"Amortization Of Debt Issuance Costs, Including Capitalized Interest",6338000.0,False,2025-01-01,2025-09-30,273,,usd,-3
AKAM_10Q_20250930,AmortizationOfDebtIssuanceCostsIncludingCapitalizedInterest,akam,"Amortization Of Debt Issuance Costs, Including Capitalized Interest",5847000.0,False,2024-01-01,2024-09-30,274,,usd,-3
AKAM_10Q_20250930,DebtInstrumentIncreaseAccruedInterest,us-gaap,"Debt Instrument, Increase, Accrued Interest",1078000.0,False,2025-07-01,2025-09-30,92,DebtInstrumentAxis=ConvertibleSeniorNotesDue2033Member;LongtermDebtTypeAxis=ConvertibleDebtMember,usd,-3
AKAM_10Q_20250930,DebtInstrumentIncreaseAccruedInterest,us-gaap,"Debt Instrument, Increase, Accrued Interest",0.0,False,2024-07-01,2024-09-30,92,DebtInstrumentAxis=ConvertibleSeniorNotesDue2033Member;LongtermDebtTypeAxis=ConvertibleDebtMember,usd,-3
AKAM_10Q_20250930,DebtInstrumentIncreaseAccruedInterest,us-gaap,"Debt Instrument, Increase, Accrued Interest",1569000.0,False,2025-01-01,2025-09-30,273,DebtInstrumentAxis=ConvertibleSeniorNotesDue2033Member;LongtermDebtTypeAxis=ConvertibleDebtMember,usd,-3
AKAM_10Q_20250930,DebtInstrumentIncreaseAccruedInterest,us-gaap,"Debt Instrument, Increase, Accrued Interest",0.0,False,2024-01-01,2024-09-30,274,DebtInstrumentAxis=ConvertibleSeniorNotesDue2033Member;LongtermDebtTypeAxis=ConvertibleDebtMember,usd,-3
AKAM_10Q_20250930,DebtInstrumentIncreaseAccruedInterest,us-gaap,"Debt Instrument, Increase, Accrued Interest",3558000.0,False,2025-07-01,2025-09-30,92,DebtInstrumentAxis=ConvertibleSeniorNotesDue2029Member;LongtermDebtTypeAxis=ConvertibleDebtMember,usd,-3
AKAM_10Q_20250930,DebtInstrumentIncreaseAccruedInterest,us-gaap,"Debt Instrument, Increase, Accrued Interest",3558000.0,False,2024-07-01,2024-09-30,92,DebtInstrumentAxis=ConvertibleSeniorNotesDue2029Member;LongtermDebtTypeAxis=ConvertibleDebtMember,usd,-3
AKAM_10Q_20250930,DebtInstrumentIncreaseAccruedInterest,us-gaap,"Debt Instrument, Increase, Accrued Interest",10674000.0,False,2025-01-01,2025-09-30,273,DebtInstrumentAxis=ConvertibleSeniorNotesDue2029Member;LongtermDebtTypeAxis=ConvertibleDebtMember,usd,-3
AKAM_10Q_20250930,DebtInstrumentIncreaseAccruedInterest,us-gaap,"Debt Instrument, Increase, Accrued Interest",10674000.0,False,2024-01-01,2024-09-30,274,DebtInstrumentAxis=ConvertibleSeniorNotesDue2029Member;LongtermDebtTypeAxis=ConvertibleDebtMember,usd,-3
AKAM_10Q_20250930,DebtInstrumentIncreaseAccruedInterest,us-gaap,"Debt Instrument, Increase, Accrued Interest",1078000.0,False,2025-07-01,2025-09-30,92,DebtInstrumentAxis=ConvertibleSeniorNotesDue2027Member;LongtermDebtTypeAxis=ConvertibleDebtMember,usd,-3
AKAM_10Q_20250930,DebtInstrumentIncreaseAccruedInterest,us-gaap,"Debt Instrument, Increase, Accrued Interest",1078000.0,False,2024-07-01,2024-09-30,92,DebtInstrumentAxis=ConvertibleSeniorNotesDue2027Member;LongtermDebtTypeAxis=ConvertibleDebtMember,usd,-3
AKAM_10Q_20250930,DebtInstrumentIncreaseAccruedInterest,us-gaap,"Debt Instrument, Increase, Accrued Interest",3234000.0,False,2025-01-01,2025-09-30,273,DebtInstrumentAxis=ConvertibleSeniorNotesDue2027Member;LongtermDebtTypeAxis=ConvertibleDebtMember,usd,-3
AKAM_10Q_20250930,DebtInstrumentIncreaseAccruedInterest,us-gaap,"Debt Instrument, Increase, Accrued Interest",3234000.0,False,2024-01-01,2024-09-30,274,DebtInstrumentAxis=ConvertibleSeniorNotesDue2027Member;LongtermDebtTypeAxis=ConvertibleDebtMember,usd,-3
AKAM_10Q_20250930,DebtInstrumentIncreaseAccruedInterest,us-gaap,"Debt Instrument, Increase, Accrued Interest",0.0,False,2025-07-01,2025-09-30,92,DebtInstrumentAxis=ConvertibleSeniorNotesDue2025Member;LongtermDebtTypeAxis=ConvertibleDebtMember,usd,-3
AKAM_10Q_20250930,DebtInstrumentIncreaseAccruedInterest,us-gaap,"Debt Instrument, Increase, Accrued Interest",359000.0,False,2024-07-01,2024-09-30,92,DebtInstrumentAxis=ConvertibleSeniorNotesDue2025Member;LongtermDebtTypeAxis=ConvertibleDebtMember,usd,-3
AKAM_10Q_20250930,DebtInstrumentIncreaseAccruedInterest,us-gaap,"Debt Instrument, Increase, Accrued Interest",483000.0,False,2025-01-01,2025-09-30,273,DebtInstrumentAxis=ConvertibleSeniorNotesDue2025Member;LongtermDebtTypeAxis=ConvertibleDebtMember,usd,-3
AKAM_10Q_20250930,DebtInstrumentIncreaseAccruedInterest,us-gaap,"Debt Instrument, Increase, Accrued Interest",1077000.0,False,2024-01-01,2024-09-30,274,DebtInstrumentAxis=ConvertibleSeniorNotesDue2025Member;LongtermDebtTypeAxis=ConvertibleDebtMember,usd,-3
AKAM_10Q_20250930,DebtInstrumentIncreaseAccruedInterest,us-gaap,"Debt Instrument, Increase, Accrued Interest",275000.0,False,2025-07-01,2025-09-30,92,CreditFacilityAxis=RevolvingCreditFacilityMember,usd,-3
AKAM_10Q_20250930,DebtInstrumentIncreaseAccruedInterest,us-gaap,"Debt Instrument, Increase, Accrued Interest",149000.0,False,2024-07-01,2024-09-30,92,CreditFacilityAxis=RevolvingCreditFacilityMember,usd,-3
AKAM_10Q_20250930,DebtInstrumentIncreaseAccruedInterest,us-gaap,"Debt Instrument, Increase, Accrued Interest",1730000.0,False,2025-01-01,2025-09-30,273,CreditFacilityAxis=RevolvingCreditFacilityMember,usd,-3
AKAM_10Q_20250930,DebtInstrumentIncreaseAccruedInterest,us-gaap,"Debt Instrument, Increase, Accrued Interest",464000.0,False,2024-01-01,2024-09-30,274,CreditFacilityAxis=RevolvingCreditFacilityMember,usd,-3
AKAM_10Q_20250930,InterestCostsCapitalizedAdjustment,us-gaap,Interest Costs Capitalized Adjustment,431000.0,False,2025-07-01,2025-09-30,92,,usd,-3
AKAM_10Q_20250930,InterestCostsCapitalizedAdjustment,us-gaap,Interest Costs Capitalized Adjustment,361000.0,False,2024-07-01,2024-09-30,92,,usd,-3
AKAM_10Q_20250930,InterestCostsCapitalizedAdjustment,us-gaap,Interest Costs Capitalized Adjustment,1162000.0,False,2025-01-01,2025-09-30,273,,usd,-3
AKAM_10Q_20250930,InterestCostsCapitalizedAdjustment,us-gaap,Interest Costs Capitalized Adjustment,914000.0,False,2024-01-01,2024-09-30,274,,usd,-3
AKAM_10Q_20250930,InterestExpenseDebt,us-gaap,"Interest Expense, Debt",7915000.0,False,2025-07-01,2025-09-30,92,,usd,-3
AKAM_10Q_20250930,InterestExpenseDebt,us-gaap,"Interest Expense, Debt",6735000.0,False,2024-07-01,2024-09-30,92,,usd,-3
AKAM_10Q_20250930,InterestExpenseDebt,us-gaap,"Interest Expense, Debt",22866000.0,False,2025-01-01,2025-09-30,273,,usd,-3
AKAM_10Q_20250930,InterestExpenseDebt,us-gaap,"Interest Expense, Debt",20382000.0,False,2024-01-01,2024-09-30,274,,usd,-3
AKAM_10Q_20250930,RestructuringCharges,us-gaap,Restructuring Charges,-35000.0,False,2025-07-01,2025-09-30,92,RestructuringPlanAxis=Q32024ActionPlanMember,usd,-3
AKAM_10Q_20250930,RestructuringCharges,us-gaap,Restructuring Charges,54259000.0,False,2024-07-01,2024-09-30,92,RestructuringPlanAxis=Q32024ActionPlanMember,usd,-3
AKAM_10Q_20250930,RestructuringCharges,us-gaap,Restructuring Charges,397000.0,False,2025-01-01,2025-09-30,273,RestructuringPlanAxis=Q32024ActionPlanMember,usd,-3
AKAM_10Q_20250930,RestructuringCharges,us-gaap,Restructuring Charges,54259000.0,False,2024-01-01,2024-09-30,274,RestructuringPlanAxis=Q32024ActionPlanMember,usd,-3
AKAM_10Q_20250930,RestructuringCharges,us-gaap,Restructuring Charges,20000.0,False,2025-07-01,2025-09-30,92,RestructuringPlanAxis=AcquisitionsRelatedAndOtherMember,usd,-3
AKAM_10Q_20250930,RestructuringCharges,us-gaap,Restructuring Charges,27754000.0,False,2024-07-01,2024-09-30,92,RestructuringPlanAxis=AcquisitionsRelatedAndOtherMember,usd,-3
AKAM_10Q_20250930,RestructuringCharges,us-gaap,Restructuring Charges,3052000.0,False,2025-01-01,2025-09-30,273,RestructuringPlanAxis=AcquisitionsRelatedAndOtherMember,usd,-3
AKAM_10Q_20250930,RestructuringCharges,us-gaap,Restructuring Charges,29683000.0,False,2024-01-01,2024-09-30,274,RestructuringPlanAxis=AcquisitionsRelatedAndOtherMember,usd,-3
AKAM_10Q_20250930,RestructuringCharges,us-gaap,Restructuring Charges,-15000.0,False,2025-07-01,2025-09-30,92,,usd,-3
AKAM_10Q_20250930,RestructuringCharges,us-gaap,Restructuring Charges,82013000.0,False,2024-07-01,2024-09-30,92,,usd,-3
AKAM_10Q_20250930,RestructuringCharges,us-gaap,Restructuring Charges,3449000.0,False,2025-01-01,2025-09-30,273,,usd,-3
AKAM_10Q_20250930,RestructuringCharges,us-gaap,Restructuring Charges,83942000.0,False,2024-01-01,2024-09-30,274,,usd,-3
AKAM_10Q_20250930,RestructuringReserve,us-gaap,Restructuring Reserve,24606000.0,True,,2024-12-31,0,RestructuringPlanAxis=Q32024ActionPlanMember,usd,-3
AKAM_10Q_20250930,RestructuringReserve,us-gaap,Restructuring Reserve,1745000.0,True,,2024-12-31,0,RestructuringPlanAxis=AcquisitionsRelatedAndOtherMember,usd,-3
AKAM_10Q_20250930,RestructuringReserve,us-gaap,Restructuring Reserve,26351000.0,True,,2024-12-31,0,,usd,-3
AKAM_10Q_20250930,RestructuringReserveAccrualAdjustment1,us-gaap,"Restructuring Reserve, Accrual Adjustment",397000.0,False,2025-01-01,2025-09-30,273,RestructuringPlanAxis=Q32024ActionPlanMember,usd,-3
AKAM_10Q_20250930,RestructuringReserveAccrualAdjustment1,us-gaap,"Restructuring Reserve, Accrual Adjustment",1667000.0,False,2025-01-01,2025-09-30,273,RestructuringPlanAxis=AcquisitionsRelatedAndOtherMember,usd,-3
AKAM_10Q_20250930,RestructuringReserveAccrualAdjustment1,us-gaap,"Restructuring Reserve, Accrual Adjustment",2064000.0,False,2025-01-01,2025-09-30,273,,usd,-3
AKAM_10Q_20250930,PaymentsForRestructuring,us-gaap,Payments for Restructuring,25267000.0,False,2025-01-01,2025-09-30,273,RestructuringPlanAxis=Q32024ActionPlanMember,usd,-3
AKAM_10Q_20250930,PaymentsForRestructuring,us-gaap,Payments for Restructuring,2106000.0,False,2025-01-01,2025-09-30,273,RestructuringPlanAxis=AcquisitionsRelatedAndOtherMember,usd,-3
AKAM_10Q_20250930,PaymentsForRestructuring,us-gaap,Payments for Restructuring,27373000.0,False,2025-01-01,2025-09-30,273,,usd,-3
AKAM_10Q_20250930,RestructuringReserveTranslationAndOtherAdjustment,us-gaap,"Restructuring Reserve, Translation and Other Adjustment",310000.0,False,2025-01-01,2025-09-30,273,RestructuringPlanAxis=Q32024ActionPlanMember,usd,-3
AKAM_10Q_20250930,RestructuringReserveTranslationAndOtherAdjustment,us-gaap,"Restructuring Reserve, Translation and Other Adjustment",49000.0,False,2025-01-01,2025-09-30,273,RestructuringPlanAxis=AcquisitionsRelatedAndOtherMember,usd,-3
AKAM_10Q_20250930,RestructuringReserveTranslationAndOtherAdjustment,us-gaap,"Restructuring Reserve, Translation and Other Adjustment",359000.0,False,2025-01-01,2025-09-30,273,,usd,-3
AKAM_10Q_20250930,RestructuringReserve,us-gaap,Restructuring Reserve,46000.0,True,,2025-09-30,0,RestructuringPlanAxis=Q32024ActionPlanMember,usd,-3
AKAM_10Q_20250930,RestructuringReserve,us-gaap,Restructuring Reserve,1355000.0,True,,2025-09-30,0,RestructuringPlanAxis=AcquisitionsRelatedAndOtherMember,usd,-3
AKAM_10Q_20250930,RestructuringReserve,us-gaap,Restructuring Reserve,1401000.0,True,,2025-09-30,0,,usd,-3
AKAM_10Q_20250930,StockRepurchaseProgramAuthorizedAmount1,srt,"Share Repurchase Program, Authorized, Amount",2000000000.0,True,,2024-05-31,0,,usd,-8
AKAM_10Q_20250930,StockRepurchaseProgramRemainingAuthorizedRepurchaseAmount1,us-gaap,"Share Repurchase Program, Remaining Authorized, Amount",1180500000.0,True,,2025-09-30,0,,usd,-5
AKAM_10Q_20250930,TreasuryStockSharesAcquired,us-gaap,"Treasury Stock, Shares, Acquired",0.0,False,2025-07-01,2025-09-30,92,StatementClassOfStockAxis=CommonStockMember,shares,INF
AKAM_10Q_20250930,TreasuryStockSharesAcquired,us-gaap,"Treasury Stock, Shares, Acquired",10000000.0,False,2025-01-01,2025-09-30,273,StatementClassOfStockAxis=CommonStockMember,shares,-5
AKAM_10Q_20250930,PaymentsForRepurchaseOfCommonStock,us-gaap,Payments for Repurchase of Common Stock,800000000.0,False,2025-01-01,2025-09-30,273,StatementClassOfStockAxis=CommonStockMember,usd,-5
AKAM_10Q_20250930,AllocatedShareBasedCompensationExpense,us-gaap,"Share-Based Payment Arrangement, Expense",19738000.0,False,2025-07-01,2025-09-30,92,IncomeStatementLocationAxis=CostOfSalesMember,usd,-3
AKAM_10Q_20250930,AllocatedShareBasedCompensationExpense,us-gaap,"Share-Based Payment Arrangement, Expense",16566000.0,False,2024-07-01,2024-09-30,92,IncomeStatementLocationAxis=CostOfSalesMember,usd,-3
AKAM_10Q_20250930,AllocatedShareBasedCompensationExpense,us-gaap,"Share-Based Payment Arrangement, Expense",57980000.0,False,2025-01-01,2025-09-30,273,IncomeStatementLocationAxis=CostOfSalesMember,usd,-3
AKAM_10Q_20250930,AllocatedShareBasedCompensationExpense,us-gaap,"Share-Based Payment Arrangement, Expense",45048000.0,False,2024-01-01,2024-09-30,274,IncomeStatementLocationAxis=CostOfSalesMember,usd,-3
AKAM_10Q_20250930,AllocatedShareBasedCompensationExpense,us-gaap,"Share-Based Payment Arrangement, Expense",42415000.0,False,2025-07-01,2025-09-30,92,IncomeStatementLocationAxis=ResearchAndDevelopmentExpenseMember,usd,-3
AKAM_10Q_20250930,AllocatedShareBasedCompensationExpense,us-gaap,"Share-Based Payment Arrangement, Expense",39275000.0,False,2024-07-01,2024-09-30,92,IncomeStatementLocationAxis=ResearchAndDevelopmentExpenseMember,usd,-3
AKAM_10Q_20250930,AllocatedShareBasedCompensationExpense,us-gaap,"Share-Based Payment Arrangement, Expense",124486000.0,False,2025-01-01,2025-09-30,273,IncomeStatementLocationAxis=ResearchAndDevelopmentExpenseMember,usd,-3
AKAM_10Q_20250930,AllocatedShareBasedCompensationExpense,us-gaap,"Share-Based Payment Arrangement, Expense",114271000.0,False,2024-01-01,2024-09-30,274,IncomeStatementLocationAxis=ResearchAndDevelopmentExpenseMember,usd,-3
AKAM_10Q_20250930,AllocatedShareBasedCompensationExpense,us-gaap,"Share-Based Payment Arrangement, Expense",22413000.0,False,2025-07-01,2025-09-30,92,IncomeStatementLocationAxis=SellingAndMarketingExpenseMember,usd,-3
AKAM_10Q_20250930,AllocatedShareBasedCompensationExpense,us-gaap,"Share-Based Payment Arrangement, Expense",21076000.0,False,2024-07-01,2024-09-30,92,IncomeStatementLocationAxis=SellingAndMarketingExpenseMember,usd,-3
AKAM_10Q_20250930,AllocatedShareBasedCompensationExpense,us-gaap,"Share-Based Payment Arrangement, Expense",67116000.0,False,2025-01-01,2025-09-30,273,IncomeStatementLocationAxis=SellingAndMarketingExpenseMember,usd,-3
AKAM_10Q_20250930,AllocatedShareBasedCompensationExpense,us-gaap,"Share-Based Payment Arrangement, Expense",58863000.0,False,2024-01-01,2024-09-30,274,IncomeStatementLocationAxis=SellingAndMarketingExpenseMember,usd,-3
AKAM_10Q_20250930,AllocatedShareBasedCompensationExpense,us-gaap,"Share-Based Payment Arrangement, Expense",30857000.0,False,2025-07-01,2025-09-30,92,IncomeStatementLocationAxis=GeneralAndAdministrativeExpenseMember,usd,-3
AKAM_10Q_20250930,AllocatedShareBasedCompensationExpense,us-gaap,"Share-Based Payment Arrangement, Expense",25690000.0,False,2024-07-01,2024-09-30,92,IncomeStatementLocationAxis=GeneralAndAdministrativeExpenseMember,usd,-3
AKAM_10Q_20250930,AllocatedShareBasedCompensationExpense,us-gaap,"Share-Based Payment Arrangement, Expense",90595000.0,False,2025-01-01,2025-09-30,273,IncomeStatementLocationAxis=GeneralAndAdministrativeExpenseMember,usd,-3
AKAM_10Q_20250930,AllocatedShareBasedCompensationExpense,us-gaap,"Share-Based Payment Arrangement, Expense",76151000.0,False,2024-01-01,2024-09-30,274,IncomeStatementLocationAxis=GeneralAndAdministrativeExpenseMember,usd,-3
AKAM_10Q_20250930,AllocatedShareBasedCompensationExpense,us-gaap,"Share-Based Payment Arrangement, Expense",115423000.0,False,2025-07-01,2025-09-30,92,,usd,-3
AKAM_10Q_20250930,AllocatedShareBasedCompensationExpense,us-gaap,"Share-Based Payment Arrangement, Expense",102607000.0,False,2024-07-01,2024-09-30,92,,usd,-3
AKAM_10Q_20250930,AllocatedShareBasedCompensationExpense,us-gaap,"Share-Based Payment Arrangement, Expense",340177000.0,False,2025-01-01,2025-09-30,273,,usd,-3
AKAM_10Q_20250930,AllocatedShareBasedCompensationExpense,us-gaap,"Share-Based Payment Arrangement, Expense",294333000.0,False,2024-01-01,2024-09-30,274,,usd,-3
AKAM_10Q_20250930,EmployeeServiceShareBasedCompensationTaxBenefitFromCompensationExpense,us-gaap,"Share-Based Payment Arrangement, Expense, Tax Benefit",21952000.0,False,2025-07-01,2025-09-30,92,,usd,-3
AKAM_10Q_20250930,EmployeeServiceShareBasedCompensationTaxBenefitFromCompensationExpense,us-gaap,"Share-Based Payment Arrangement, Expense, Tax Benefit",14322000.0,False,2024-07-01,2024-09-30,92,,usd,-3
AKAM_10Q_20250930,EmployeeServiceShareBasedCompensationTaxBenefitFromCompensationExpense,us-gaap,"Share-Based Payment Arrangement, Expense, Tax Benefit",57214000.0,False,2025-01-01,2025-09-30,273,,usd,-3
AKAM_10Q_20250930,EmployeeServiceShareBasedCompensationTaxBenefitFromCompensationExpense,us-gaap,"Share-Based Payment Arrangement, Expense, Tax Benefit",76403000.0,False,2024-01-01,2024-09-30,274,,usd,-3
AKAM_10Q_20250930,AllocatedShareBasedCompensationExpenseNetOfTax,us-gaap,"Share-Based Payment Arrangement, Expense, after Tax",93471000.0,False,2025-07-01,2025-09-30,92,,usd,-3
AKAM_10Q_20250930,AllocatedShareBasedCompensationExpenseNetOfTax,us-gaap,"Share-Based Payment Arrangement, Expense, after Tax",88285000.0,False,2024-07-01,2024-09-30,92,,usd,-3
AKAM_10Q_20250930,AllocatedShareBasedCompensationExpenseNetOfTax,us-gaap,"Share-Based Payment Arrangement, Expense, after Tax",282963000.0,False,2025-01-01,2025-09-30,273,,usd,-3
AKAM_10Q_20250930,AllocatedShareBasedCompensationExpenseNetOfTax,us-gaap,"Share-Based Payment Arrangement, Expense, after Tax",217930000.0,False,2024-01-01,2024-09-30,274,,usd,-3
AKAM_10Q_20250930,ShareBasedCompensationArrangementByShareBasedPaymentAwardAmortizationOfCapitalizedAmounts,akam,"Share Based Compensation Arrangement By Share Based Payment Award, Amortization Of Capitalized Amounts",12600000.0,False,2025-07-01,2025-09-30,92,,usd,-5
AKAM_10Q_20250930,ShareBasedCompensationArrangementByShareBasedPaymentAwardAmortizationOfCapitalizedAmounts,akam,"Share Based Compensation Arrangement By Share Based Payment Award, Amortization Of Capitalized Amounts",37000000.0,False,2025-01-01,2025-09-30,273,,usd,-5
AKAM_10Q_20250930,ShareBasedCompensationArrangementByShareBasedPaymentAwardAmortizationOfCapitalizedAmounts,akam,"Share Based Compensation Arrangement By Share Based Payment Award, Amortization Of Capitalized Amounts",11000000.0,False,2024-07-01,2024-09-30,92,,usd,-5
AKAM_10Q_20250930,ShareBasedCompensationArrangementByShareBasedPaymentAwardAmortizationOfCapitalizedAmounts,akam,"Share Based Compensation Arrangement By Share Based Payment Award, Amortization Of Capitalized Amounts",31300000.0,False,2024-01-01,2024-09-30,274,,usd,-5
AKAM_10Q_20250930,StockholdersEquity,us-gaap,"Equity, Attributable to Parent",-157099000.0,True,,2024-12-31,0,StatementEquityComponentsAxis=AccumulatedTranslationAdjustmentMember,usd,-3
AKAM_10Q_20250930,StockholdersEquity,us-gaap,"Equity, Attributable to Parent",1106000.0,True,,2024-12-31,0,StatementEquityComponentsAxis=AccumulatedNetUnrealizedInvestmentGainLossMember,usd,-3
AKAM_10Q_20250930,OtherComprehensiveIncomeLossNetOfTaxPortionAttributableToParent,us-gaap,"Other Comprehensive Income (Loss), Net of Tax, Portion Attributable to Parent",61613000.0,False,2025-01-01,2025-09-30,273,StatementEquityComponentsAxis=AccumulatedTranslationAdjustmentMember,usd,-3
AKAM_10Q_20250930,OtherComprehensiveIncomeLossNetOfTaxPortionAttributableToParent,us-gaap,"Other Comprehensive Income (Loss), Net of Tax, Portion Attributable to Parent",1062000.0,False,2025-01-01,2025-09-30,273,StatementEquityComponentsAxis=AccumulatedNetUnrealizedInvestmentGainLossMember,usd,-3
AKAM_10Q_20250930,StockholdersEquity,us-gaap,"Equity, Attributable to Parent",-95486000.0,True,,2025-09-30,0,StatementEquityComponentsAxis=AccumulatedTranslationAdjustmentMember,usd,-3
AKAM_10Q_20250930,StockholdersEquity,us-gaap,"Equity, Attributable to Parent",2168000.0,True,,2025-09-30,0,StatementEquityComponentsAxis=AccumulatedNetUnrealizedInvestmentGainLossMember,usd,-3
AKAM_10Q_20250930,RevenueFromContractWithCustomerIncludingAssessedTax,us-gaap,"Revenue from Contract with Customer, Including Assessed Tax",529978000.0,False,2025-07-01,2025-09-30,92,StatementGeographicalAxis=US,usd,-3
AKAM_10Q_20250930,RevenueFromContractWithCustomerIncludingAssessedTax,us-gaap,"Revenue from Contract with Customer, Including Assessed Tax",524611000.0,False,2024-07-01,2024-09-30,92,StatementGeographicalAxis=US,usd,-3
AKAM_10Q_20250930,RevenueFromContractWithCustomerIncludingAssessedTax,us-gaap,"Revenue from Contract with Customer, Including Assessed Tax",1586324000.0,False,2025-01-01,2025-09-30,273,StatementGeographicalAxis=US,usd,-3
AKAM_10Q_20250930,RevenueFromContractWithCustomerIncludingAssessedTax,us-gaap,"Revenue from Contract with Customer, Including Assessed Tax",1545654000.0,False,2024-01-01,2024-09-30,274,StatementGeographicalAxis=US,usd,-3
AKAM_10Q_20250930,RevenueFromContractWithCustomerIncludingAssessedTax,us-gaap,"Revenue from Contract with Customer, Including Assessed Tax",524652000.0,False,2025-07-01,2025-09-30,92,StatementGeographicalAxis=InternationalMember,usd,-3
AKAM_10Q_20250930,RevenueFromContractWithCustomerIncludingAssessedTax,us-gaap,"Revenue from Contract with Customer, Including Assessed Tax",480068000.0,False,2024-07-01,2024-09-30,92,StatementGeographicalAxis=InternationalMember,usd,-3
AKAM_10Q_20250930,RevenueFromContractWithCustomerIncludingAssessedTax,us-gaap,"Revenue from Contract with Customer, Including Assessed Tax",1526939000.0,False,2025-01-01,2025-09-30,273,StatementGeographicalAxis=InternationalMember,usd,-3
AKAM_10Q_20250930,RevenueFromContractWithCustomerIncludingAssessedTax,us-gaap,"Revenue from Contract with Customer, Including Assessed Tax",1425575000.0,False,2024-01-01,2024-09-30,274,StatementGeographicalAxis=InternationalMember,usd,-3
AKAM_10Q_20250930,RevenueFromContractWithCustomerIncludingAssessedTax,us-gaap,"Revenue from Contract with Customer, Including Assessed Tax",568437000.0,False,2025-07-01,2025-09-30,92,ContractWithCustomerSalesChannelAxis=SecurityMember,usd,-3
AKAM_10Q_20250930,RevenueFromContractWithCustomerIncludingAssessedTax,us-gaap,"Revenue from Contract with Customer, Including Assessed Tax",518670000.0,False,2024-07-01,2024-09-30,92,ContractWithCustomerSalesChannelAxis=SecurityMember,usd,-3
AKAM_10Q_20250930,RevenueFromContractWithCustomerIncludingAssessedTax,us-gaap,"Revenue from Contract with Customer, Including Assessed Tax",1651046000.0,False,2025-01-01,2025-09-30,273,ContractWithCustomerSalesChannelAxis=SecurityMember,usd,-3
AKAM_10Q_20250930,RevenueFromContractWithCustomerIncludingAssessedTax,us-gaap,"Revenue from Contract with Customer, Including Assessed Tax",1508059000.0,False,2024-01-01,2024-09-30,274,ContractWithCustomerSalesChannelAxis=SecurityMember,usd,-3
AKAM_10Q_20250930,RevenueFromContractWithCustomerIncludingAssessedTax,us-gaap,"Revenue from Contract with Customer, Including Assessed Tax",306495000.0,False,2025-07-01,2025-09-30,92,ContractWithCustomerSalesChannelAxis=DeliveryMember,usd,-3
AKAM_10Q_20250930,RevenueFromContractWithCustomerIncludingAssessedTax,us-gaap,"Revenue from Contract with Customer, Including Assessed Tax",319132000.0,False,2024-07-01,2024-09-30,92,ContractWithCustomerSalesChannelAxis=DeliveryMember,usd,-3
AKAM_10Q_20250930,RevenueFromContractWithCustomerIncludingAssessedTax,us-gaap,"Revenue from Contract with Customer, Including Assessed Tax",945608000.0,False,2025-01-01,2025-09-30,273,ContractWithCustomerSalesChannelAxis=DeliveryMember,usd,-3
AKAM_10Q_20250930,RevenueFromContractWithCustomerIncludingAssessedTax,us-gaap,"Revenue from Contract with Customer, Including Assessed Tax",1000289000.0,False,2024-01-01,2024-09-30,274,ContractWithCustomerSalesChannelAxis=DeliveryMember,usd,-3
AKAM_10Q_20250930,RevenueFromContractWithCustomerIncludingAssessedTax,us-gaap,"Revenue from Contract with Customer, Including Assessed Tax",179698000.0,False,2025-07-01,2025-09-30,92,ContractWithCustomerSalesChannelAxis=CloudComputingMember,usd,-3
AKAM_10Q_20250930,RevenueFromContractWithCustomerIncludingAssessedTax,us-gaap,"Revenue from Contract with Customer, Including Assessed Tax",166877000.0,False,2024-07-01,2024-09-30,92,ContractWithCustomerSalesChannelAxis=CloudComputingMember,usd,-3
AKAM_10Q_20250930,RevenueFromContractWithCustomerIncludingAssessedTax,us-gaap,"Revenue from Contract with Customer, Including Assessed Tax",516609000.0,False,2025-01-01,2025-09-30,273,ContractWithCustomerSalesChannelAxis=CloudComputingMember,usd,-3
AKAM_10Q_20250930,RevenueFromContractWithCustomerIncludingAssessedTax,us-gaap,"Revenue from Contract with Customer, Including Assessed Tax",462881000.0,False,2024-01-01,2024-09-30,274,ContractWithCustomerSalesChannelAxis=CloudComputingMember,usd,-3
AKAM_10Q_20250930,ContractWithCustomerLiabilityRevenueRecognized,us-gaap,"Contract with Customer, Liability, Revenue Recognized",136700000.0,False,2025-01-01,2025-09-30,273,,usd,-5
AKAM_10Q_20250930,ContractWithCustomerLiabilityRevenueRecognized,us-gaap,"Contract with Customer, Liability, Revenue Recognized",99300000.0,False,2024-01-01,2024-09-30,274,,usd,-5
AKAM_10Q_20250930,RevenueRemainingPerformanceObligation,us-gaap,"Revenue, Remaining Performance Obligation, Amount",4800000000.0,True,,2025-09-30,0,,usd,-8
AKAM_10Q_20250930,RevenueRemainingPerformanceObligationPercentage,us-gaap,"Revenue, Remaining Performance Obligation, Percentage",0.55,True,,2025-09-30,0,,number,2
AKAM_10Q_20250930,EffectiveIncomeTaxRateContinuingOperations,us-gaap,"Effective Income Tax Rate Reconciliation, Percent",0.264,False,2025-01-01,2025-09-30,273,,number,3
AKAM_10Q_20250930,EffectiveIncomeTaxRateContinuingOperations,us-gaap,"Effective Income Tax Rate Reconciliation, Percent",0.149,False,2024-01-01,2024-09-30,274,,number,3
AKAM_10Q_20250930,IncrementalCommonSharesAttributableToParticipatingNonvestedSharesWithNonForfeitableDividendRights,us-gaap,Incremental Common Shares Attributable to Participating Nonvested Shares with Non-forfeitable Dividend Rights,1234000.0,False,2025-07-01,2025-09-30,92,,shares,-3
AKAM_10Q_20250930,IncrementalCommonSharesAttributableToParticipatingNonvestedSharesWithNonForfeitableDividendRights,us-gaap,Incremental Common Shares Attributable to Participating Nonvested Shares with Non-forfeitable Dividend Rights,1511000.0,False,2024-07-01,2024-09-30,92,,shares,-3
AKAM_10Q_20250930,IncrementalCommonSharesAttributableToParticipatingNonvestedSharesWithNonForfeitableDividendRights,us-gaap,Incremental Common Shares Attributable to Participating Nonvested Shares with Non-forfeitable Dividend Rights,1246000.0,False,2025-01-01,2025-09-30,273,,shares,-3
AKAM_10Q_20250930,IncrementalCommonSharesAttributableToParticipatingNonvestedSharesWithNonForfeitableDividendRights,us-gaap,Incremental Common Shares Attributable to Participating Nonvested Shares with Non-forfeitable Dividend Rights,2120000.0,False,2024-01-01,2024-09-30,274,,shares,-3
AKAM_10Q_20250930,IncrementalCommonSharesAttributableToConversionOfDebtSecurities,us-gaap,Incremental Common Shares Attributable to Dilutive Effect of Conversion of Debt Securities,0.0,False,2025-07-01,2025-09-30,92,,shares,-3
AKAM_10Q_20250930,IncrementalCommonSharesAttributableToConversionOfDebtSecurities,us-gaap,Incremental Common Shares Attributable to Dilutive Effect of Conversion of Debt Securities,294000.0,False,2024-07-01,2024-09-30,92,,shares,-3
AKAM_10Q_20250930,IncrementalCommonSharesAttributableToConversionOfDebtSecurities,us-gaap,Incremental Common Shares Attributable to Dilutive Effect of Conversion of Debt Securities,0.0,False,2025-01-01,2025-09-30,273,,shares,-3
AKAM_10Q_20250930,IncrementalCommonSharesAttributableToConversionOfDebtSecurities,us-gaap,Incremental Common Shares Attributable to Dilutive Effect of Conversion of Debt Securities,869000.0,False,2024-01-01,2024-09-30,274,,shares,-3
AKAM_10Q_20250930,IncrementalCommonSharesAttributableToCallOptionsAndWarrants,us-gaap,Incremental Common Shares Attributable to Dilutive Effect of Call Options and Warrants,0.0,False,2025-07-01,2025-09-30,92,,shares,-3
AKAM_10Q_20250930,IncrementalCommonSharesAttributableToCallOptionsAndWarrants,us-gaap,Incremental Common Shares Attributable to Dilutive Effect of Call Options and Warrants,0.0,False,2024-07-01,2024-09-30,92,,shares,-3
AKAM_10Q_20250930,IncrementalCommonSharesAttributableToCallOptionsAndWarrants,us-gaap,Incremental Common Shares Attributable to Dilutive Effect of Call Options and Warrants,0.0,False,2025-01-01,2025-09-30,273,,shares,-3
AKAM_10Q_20250930,IncrementalCommonSharesAttributableToCallOptionsAndWarrants,us-gaap,Incremental Common Shares Attributable to Dilutive Effect of Call Options and Warrants,0.0,False,2024-01-01,2024-09-30,274,,shares,-3
AKAM_10Q_20250930,AntidilutiveSecuritiesExcludedFromComputationOfEarningsPerShareAmount,us-gaap,"Antidilutive Securities Excluded from Computation of Earnings Per Share, Amount",2396000.0,False,2025-07-01,2025-09-30,92,AntidilutiveSecuritiesExcludedFromComputationOfEarningsPerShareByAntidilutiveSecuritiesAxis=ServiceBasedStockAwardsMember,shares,-3
AKAM_10Q_20250930,AntidilutiveSecuritiesExcludedFromComputationOfEarningsPerShareAmount,us-gaap,"Antidilutive Securities Excluded from Computation of Earnings Per Share, Amount",974000.0,False,2024-07-01,2024-09-30,92,AntidilutiveSecuritiesExcludedFromComputationOfEarningsPerShareByAntidilutiveSecuritiesAxis=ServiceBasedStockAwardsMember,shares,-3
AKAM_10Q_20250930,AntidilutiveSecuritiesExcludedFromComputationOfEarningsPerShareAmount,us-gaap,"Antidilutive Securities Excluded from Computation of Earnings Per Share, Amount",4176000.0,False,2025-01-01,2025-09-30,273,AntidilutiveSecuritiesExcludedFromComputationOfEarningsPerShareByAntidilutiveSecuritiesAxis=ServiceBasedStockAwardsMember,shares,-3
AKAM_10Q_20250930,AntidilutiveSecuritiesExcludedFromComputationOfEarningsPerShareAmount,us-gaap,"Antidilutive Securities Excluded from Computation of Earnings Per Share, Amount",2802000.0,False,2024-01-01,2024-09-30,274,AntidilutiveSecuritiesExcludedFromComputationOfEarningsPerShareByAntidilutiveSecuritiesAxis=ServiceBasedStockAwardsMember,shares,-3
AKAM_10Q_20250930,AntidilutiveSecuritiesExcludedFromComputationOfEarningsPerShareAmount,us-gaap,"Antidilutive Securities Excluded from Computation of Earnings Per Share, Amount",1583000.0,False,2025-07-01,2025-09-30,92,AntidilutiveSecuritiesExcludedFromComputationOfEarningsPerShareByAntidilutiveSecuritiesAxis=MarketAndPerformanceBasedStockAwardsMember,shares,-3
AKAM_10Q_20250930,AntidilutiveSecuritiesExcludedFromComputationOfEarningsPerShareAmount,us-gaap,"Antidilutive Securities Excluded from Computation of Earnings Per Share, Amount",1311000.0,False,2024-07-01,2024-09-30,92,AntidilutiveSecuritiesExcludedFromComputationOfEarningsPerShareByAntidilutiveSecuritiesAxis=MarketAndPerformanceBasedStockAwardsMember,shares,-3
AKAM_10Q_20250930,AntidilutiveSecuritiesExcludedFromComputationOfEarningsPerShareAmount,us-gaap,"Antidilutive Securities Excluded from Computation of Earnings Per Share, Amount",1583000.0,False,2025-01-01,2025-09-30,273,AntidilutiveSecuritiesExcludedFromComputationOfEarningsPerShareByAntidilutiveSecuritiesAxis=MarketAndPerformanceBasedStockAwardsMember,shares,-3
AKAM_10Q_20250930,AntidilutiveSecuritiesExcludedFromComputationOfEarningsPerShareAmount,us-gaap,"Antidilutive Securities Excluded from Computation of Earnings Per Share, Amount",1318000.0,False,2024-01-01,2024-09-30,274,AntidilutiveSecuritiesExcludedFromComputationOfEarningsPerShareByAntidilutiveSecuritiesAxis=MarketAndPerformanceBasedStockAwardsMember,shares,-3
AKAM_10Q_20250930,AntidilutiveSecuritiesExcludedFromComputationOfEarningsPerShareAmount,us-gaap,"Antidilutive Securities Excluded from Computation of Earnings Per Share, Amount",42087000.0,False,2025-07-01,2025-09-30,92,AntidilutiveSecuritiesExcludedFromComputationOfEarningsPerShareByAntidilutiveSecuritiesAxis=ConvertiblesAndBondsWithWarrantsAttachedMember,shares,-3
AKAM_10Q_20250930,AntidilutiveSecuritiesExcludedFromComputationOfEarningsPerShareAmount,us-gaap,"Antidilutive Securities Excluded from Computation of Earnings Per Share, Amount",32006000.0,False,2024-07-01,2024-09-30,92,AntidilutiveSecuritiesExcludedFromComputationOfEarningsPerShareByAntidilutiveSecuritiesAxis=ConvertiblesAndBondsWithWarrantsAttachedMember,shares,-3
AKAM_10Q_20250930,AntidilutiveSecuritiesExcludedFromComputationOfEarningsPerShareAmount,us-gaap,"Antidilutive Securities Excluded from Computation of Earnings Per Share, Amount",41548000.0,False,2025-01-01,2025-09-30,273,AntidilutiveSecuritiesExcludedFromComputationOfEarningsPerShareByAntidilutiveSecuritiesAxis=ConvertiblesAndBondsWithWarrantsAttachedMember,shares,-3
AKAM_10Q_20250930,AntidilutiveSecuritiesExcludedFromComputationOfEarningsPerShareAmount,us-gaap,"Antidilutive Securities Excluded from Computation of Earnings Per Share, Amount",32006000.0,False,2024-01-01,2024-09-30,274,AntidilutiveSecuritiesExcludedFromComputationOfEarningsPerShareByAntidilutiveSecuritiesAxis=ConvertiblesAndBondsWithWarrantsAttachedMember,shares,-3
AKAM_10Q_20250930,AntidilutiveSecuritiesExcludedFromComputationOfEarningsPerShareAmount,us-gaap,"Antidilutive Securities Excluded from Computation of Earnings Per Share, Amount",46066000.0,False,2025-07-01,2025-09-30,92,,shares,-3
AKAM_10Q_20250930,AntidilutiveSecuritiesExcludedFromComputationOfEarningsPerShareAmount,us-gaap,"Antidilutive Securities Excluded from Computation of Earnings Per Share, Amount",34291000.0,False,2024-07-01,2024-09-30,92,,shares,-3
AKAM_10Q_20250930,AntidilutiveSecuritiesExcludedFromComputationOfEarningsPerShareAmount,us-gaap,"Antidilutive Securities Excluded from Computation of Earnings Per Share, Amount",47307000.0,False,2025-01-01,2025-09-30,273,,shares,-3
AKAM_10Q_20250930,AntidilutiveSecuritiesExcludedFromComputationOfEarningsPerShareAmount,us-gaap,"Antidilutive Securities Excluded from Computation of Earnings Per Share, Amount",36126000.0,False,2024-01-01,2024-09-30,274,,shares,-3
AKAM_10Q_20250930,RevenueFromContractWithCustomerIncludingAssessedTax,us-gaap,"Revenue from Contract with Customer, Including Assessed Tax",1054630000.0,False,2025-07-01,2025-09-30,92,StatementBusinessSegmentsAxis=ReportableSegmentMember,usd,-3
AKAM_10Q_20250930,RevenueFromContractWithCustomerIncludingAssessedTax,us-gaap,"Revenue from Contract with Customer, Including Assessed Tax",1004679000.0,False,2024-07-01,2024-09-30,92,StatementBusinessSegmentsAxis=ReportableSegmentMember,usd,-3
AKAM_10Q_20250930,RevenueFromContractWithCustomerIncludingAssessedTax,us-gaap,"Revenue from Contract with Customer, Including Assessed Tax",3113263000.0,False,2025-01-01,2025-09-30,273,StatementBusinessSegmentsAxis=ReportableSegmentMember,usd,-3
AKAM_10Q_20250930,RevenueFromContractWithCustomerIncludingAssessedTax,us-gaap,"Revenue from Contract with Customer, Including Assessed Tax",2971229000.0,False,2024-01-01,2024-09-30,274,StatementBusinessSegmentsAxis=ReportableSegmentMember,usd,-3
AKAM_10Q_20250930,CoLocationFees,akam,Co-Location Fees,86763000.0,False,2025-07-01,2025-09-30,92,StatementBusinessSegmentsAxis=ReportableSegmentMember,usd,-3
AKAM_10Q_20250930,CoLocationFees,akam,Co-Location Fees,79074000.0,False,2024-07-01,2024-09-30,92,StatementBusinessSegmentsAxis=ReportableSegmentMember,usd,-3
AKAM_10Q_20250930,CoLocationFees,akam,Co-Location Fees,257713000.0,False,2025-01-01,2025-09-30,273,StatementBusinessSegmentsAxis=ReportableSegmentMember,usd,-3
AKAM_10Q_20250930,CoLocationFees,akam,Co-Location Fees,227070000.0,False,2024-01-01,2024-09-30,274,StatementBusinessSegmentsAxis=ReportableSegmentMember,usd,-3
AKAM_10Q_20250930,BandwidthFees,akam,Bandwidth Fees,46693000.0,False,2025-07-01,2025-09-30,92,StatementBusinessSegmentsAxis=ReportableSegmentMember,usd,-3
AKAM_10Q_20250930,BandwidthFees,akam,Bandwidth Fees,55653000.0,False,2024-07-01,2024-09-30,92,StatementBusinessSegmentsAxis=ReportableSegmentMember,usd,-3
AKAM_10Q_20250930,BandwidthFees,akam,Bandwidth Fees,140163000.0,False,2025-01-01,2025-09-30,273,StatementBusinessSegmentsAxis=ReportableSegmentMember,usd,-3
AKAM_10Q_20250930,BandwidthFees,akam,Bandwidth Fees,178084000.0,False,2024-01-01,2024-09-30,274,StatementBusinessSegmentsAxis=ReportableSegmentMember,usd,-3
AKAM_10Q_20250930,ProfessionalAndContractServicesExpense,us-gaap,Professional and Contract Services Expense,59524000.0,False,2025-07-01,2025-09-30,92,StatementBusinessSegmentsAxis=ReportableSegmentMember,usd,-3
AKAM_10Q_20250930,ProfessionalAndContractServicesExpense,us-gaap,Professional and Contract Services Expense,48236000.0,False,2024-07-01,2024-09-30,92,StatementBusinessSegmentsAxis=ReportableSegmentMember,usd,-3
AKAM_10Q_20250930,ProfessionalAndContractServicesExpense,us-gaap,Professional and Contract Services Expense,171821000.0,False,2025-01-01,2025-09-30,273,StatementBusinessSegmentsAxis=ReportableSegmentMember,usd,-3
AKAM_10Q_20250930,ProfessionalAndContractServicesExpense,us-gaap,Professional and Contract Services Expense,140573000.0,False,2024-01-01,2024-09-30,274,StatementBusinessSegmentsAxis=ReportableSegmentMember,usd,-3
AKAM_10Q_20250930,LaborAndRelatedExpense,us-gaap,Labor and Related Expense,389943000.0,False,2025-07-01,2025-09-30,92,StatementBusinessSegmentsAxis=ReportableSegmentMember,usd,-3
AKAM_10Q_20250930,LaborAndRelatedExpense,us-gaap,Labor and Related Expense,377487000.0,False,2024-07-01,2024-09-30,92,StatementBusinessSegmentsAxis=ReportableSegmentMember,usd,-3
AKAM_10Q_20250930,LaborAndRelatedExpense,us-gaap,Labor and Related Expense,1161888000.0,False,2025-01-01,2025-09-30,273,StatementBusinessSegmentsAxis=ReportableSegmentMember,usd,-3
AKAM_10Q_20250930,LaborAndRelatedExpense,us-gaap,Labor and Related Expense,1130451000.0,False,2024-01-01,2024-09-30,274,StatementBusinessSegmentsAxis=ReportableSegmentMember,usd,-3
AKAM_10Q_20250930,CapitalizedSalariesAndRelatedCosts,akam,Capitalized Salaries And Related Costs,-86014000.0,False,2025-07-01,2025-09-30,92,StatementBusinessSegmentsAxis=ReportableSegmentMember,usd,-3
AKAM_10Q_20250930,CapitalizedSalariesAndRelatedCosts,akam,Capitalized Salaries And Related Costs,-75897000.0,False,2024-07-01,2024-09-30,92,StatementBusinessSegmentsAxis=ReportableSegmentMember,usd,-3
AKAM_10Q_20250930,CapitalizedSalariesAndRelatedCosts,akam,Capitalized Salaries And Related Costs,-246968000.0,False,2025-01-01,2025-09-30,273,StatementBusinessSegmentsAxis=ReportableSegmentMember,usd,-3
AKAM_10Q_20250930,CapitalizedSalariesAndRelatedCosts,akam,Capitalized Salaries And Related Costs,-229821000.0,False,2024-01-01,2024-09-30,274,StatementBusinessSegmentsAxis=ReportableSegmentMember,usd,-3
AKAM_10Q_20250930,FacilitiesRelatedCosts,akam,Facilities-Related costs,21680000.0,False,2025-07-01,2025-09-30,92,StatementBusinessSegmentsAxis=ReportableSegmentMember,usd,-3
AKAM_10Q_20250930,FacilitiesRelatedCosts,akam,Facilities-Related costs,22368000.0,False,2024-07-01,2024-09-30,92,StatementBusinessSegmentsAxis=ReportableSegmentMember,usd,-3
AKAM_10Q_20250930,FacilitiesRelatedCosts,akam,Facilities-Related costs,64823000.0,False,2025-01-01,2025-09-30,273,StatementBusinessSegmentsAxis=ReportableSegmentMember,usd,-3
AKAM_10Q_20250930,FacilitiesRelatedCosts,akam,Facilities-Related costs,64864000.0,False,2024-01-01,2024-09-30,274,StatementBusinessSegmentsAxis=ReportableSegmentMember,usd,-3
AKAM_10Q_20250930,SoftwareAndRelatedServices,akam,Software And Related Services,21497000.0,False,2025-07-01,2025-09-30,92,StatementBusinessSegmentsAxis=ReportableSegmentMember,usd,-3
AKAM_10Q_20250930,SoftwareAndRelatedServices,akam,Software And Related Services,18863000.0,False,2024-07-01,2024-09-30,92,StatementBusinessSegmentsAxis=ReportableSegmentMember,usd,-3
AKAM_10Q_20250930,SoftwareAndRelatedServices,akam,Software And Related Services,63018000.0,False,2025-01-01,2025-09-30,273,StatementBusinessSegmentsAxis=ReportableSegmentMember,usd,-3
AKAM_10Q_20250930,SoftwareAndRelatedServices,akam,Software And Related Services,54386000.0,False,2024-01-01,2024-09-30,274,StatementBusinessSegmentsAxis=ReportableSegmentMember,usd,-3
AKAM_10Q_20250930,SegmentReportingOtherItemAmount,us-gaap,"Segment Reporting, Other Segment Item, Amount",56472000.0,False,2025-07-01,2025-09-30,92,StatementBusinessSegmentsAxis=ReportableSegmentMember,usd,-3
AKAM_10Q_20250930,SegmentReportingOtherItemAmount,us-gaap,"Segment Reporting, Other Segment Item, Amount",52873000.0,False,2024-07-01,2024-09-30,92,StatementBusinessSegmentsAxis=ReportableSegmentMember,usd,-3
AKAM_10Q_20250930,SegmentReportingOtherItemAmount,us-gaap,"Segment Reporting, Other Segment Item, Amount",157619000.0,False,2025-01-01,2025-09-30,273,StatementBusinessSegmentsAxis=ReportableSegmentMember,usd,-3
AKAM_10Q_20250930,SegmentReportingOtherItemAmount,us-gaap,"Segment Reporting, Other Segment Item, Amount",154148000.0,False,2024-01-01,2024-09-30,274,StatementBusinessSegmentsAxis=ReportableSegmentMember,usd,-3
AKAM_10Q_20250930,DepreciationDepletionAndAmortization,us-gaap,"Depreciation, Depletion and Amortization",176623000.0,False,2025-07-01,2025-09-30,92,StatementBusinessSegmentsAxis=ReportableSegmentMember,usd,-3
AKAM_10Q_20250930,DepreciationDepletionAndAmortization,us-gaap,"Depreciation, Depletion and Amortization",165729000.0,False,2024-07-01,2024-09-30,92,StatementBusinessSegmentsAxis=ReportableSegmentMember,usd,-3
AKAM_10Q_20250930,DepreciationDepletionAndAmortization,us-gaap,"Depreciation, Depletion and Amortization",526106000.0,False,2025-01-01,2025-09-30,273,StatementBusinessSegmentsAxis=ReportableSegmentMember,usd,-3
AKAM_10Q_20250930,DepreciationDepletionAndAmortization,us-gaap,"Depreciation, Depletion and Amortization",480461000.0,False,2024-01-01,2024-09-30,274,StatementBusinessSegmentsAxis=ReportableSegmentMember,usd,-3
AKAM_10Q_20250930,AllocatedShareBasedCompensationExpense,us-gaap,"Share-Based Payment Arrangement, Expense",115423000.0,False,2025-07-01,2025-09-30,92,StatementBusinessSegmentsAxis=ReportableSegmentMember,usd,-3
AKAM_10Q_20250930,AllocatedShareBasedCompensationExpense,us-gaap,"Share-Based Payment Arrangement, Expense",102607000.0,False,2024-07-01,2024-09-30,92,StatementBusinessSegmentsAxis=ReportableSegmentMember,usd,-3
AKAM_10Q_20250930,AllocatedShareBasedCompensationExpense,us-gaap,"Share-Based Payment Arrangement, Expense",340177000.0,False,2025-01-01,2025-09-30,273,StatementBusinessSegmentsAxis=ReportableSegmentMember,usd,-3
AKAM_10Q_20250930,AllocatedShareBasedCompensationExpense,us-gaap,"Share-Based Payment Arrangement, Expense",294333000.0,False,2024-01-01,2024-09-30,274,StatementBusinessSegmentsAxis=ReportableSegmentMember,usd,-3
AKAM_10Q_20250930,RestructuringAndRelatedCostIncurredCost,us-gaap,"Restructuring and Related Cost, Incurred Cost",-15000.0,False,2025-07-01,2025-09-30,92,StatementBusinessSegmentsAxis=ReportableSegmentMember,usd,-3
AKAM_10Q_20250930,RestructuringAndRelatedCostIncurredCost,us-gaap,"Restructuring and Related Cost, Incurred Cost",82013000.0,False,2024-07-01,2024-09-30,92,StatementBusinessSegmentsAxis=ReportableSegmentMember,usd,-3
AKAM_10Q_20250930,RestructuringAndRelatedCostIncurredCost,us-gaap,"Restructuring and Related Cost, Incurred Cost",3449000.0,False,2025-01-01,2025-09-30,273,StatementBusinessSegmentsAxis=ReportableSegmentMember,usd,-3
AKAM_10Q_20250930,RestructuringAndRelatedCostIncurredCost,us-gaap,"Restructuring and Related Cost, Incurred Cost",83942000.0,False,2024-01-01,2024-09-30,274,StatementBusinessSegmentsAxis=ReportableSegmentMember,usd,-3
AKAM_10Q_20250930,AcquisitionRelatedCosts,akam,Acquisition Related Costs,17000.0,False,2025-07-01,2025-09-30,92,StatementBusinessSegmentsAxis=ReportableSegmentMember,usd,-3
AKAM_10Q_20250930,AcquisitionRelatedCosts,akam,Acquisition Related Costs,5036000.0,False,2024-07-01,2024-09-30,92,StatementBusinessSegmentsAxis=ReportableSegmentMember,usd,-3
AKAM_10Q_20250930,AcquisitionRelatedCosts,akam,Acquisition Related Costs,1386000.0,False,2025-01-01,2025-09-30,273,StatementBusinessSegmentsAxis=ReportableSegmentMember,usd,-3
AKAM_10Q_20250930,AcquisitionRelatedCosts,akam,Acquisition Related Costs,7387000.0,False,2024-01-01,2024-09-30,274,StatementBusinessSegmentsAxis=ReportableSegmentMember,usd,-3
AKAM_10Q_20250930,InterestAndMarketableSecuritiesIncomeLossNet,akam,"Interest And Marketable Securities Income (Loss), Net",18893000.0,False,2025-07-01,2025-09-30,92,StatementBusinessSegmentsAxis=ReportableSegmentMember,usd,-3
AKAM_10Q_20250930,InterestAndMarketableSecuritiesIncomeLossNet,akam,"Interest And Marketable Securities Income (Loss), Net",23065000.0,False,2024-07-01,2024-09-30,92,StatementBusinessSegmentsAxis=ReportableSegmentMember,usd,-3
AKAM_10Q_20250930,InterestAndMarketableSecuritiesIncomeLossNet,akam,"Interest And Marketable Securities Income (Loss), Net",52552000.0,False,2025-01-01,2025-09-30,273,StatementBusinessSegmentsAxis=ReportableSegmentMember,usd,-3
AKAM_10Q_20250930,InterestAndMarketableSecuritiesIncomeLossNet,akam,"Interest And Marketable Securities Income (Loss), Net",77534000.0,False,2024-01-01,2024-09-30,274,StatementBusinessSegmentsAxis=ReportableSegmentMember,usd,-3
AKAM_10Q_20250930,InterestExpenseNonoperating,us-gaap,"Interest Expense, Nonoperating",7915000.0,False,2025-07-01,2025-09-30,92,StatementBusinessSegmentsAxis=ReportableSegmentMember,usd,-3
AKAM_10Q_20250930,InterestExpenseNonoperating,us-gaap,"Interest Expense, Nonoperating",6735000.0,False,2024-07-01,2024-09-30,92,StatementBusinessSegmentsAxis=ReportableSegmentMember,usd,-3
AKAM_10Q_20250930,InterestExpenseNonoperating,us-gaap,"Interest Expense, Nonoperating",22866000.0,False,2025-01-01,2025-09-30,273,StatementBusinessSegmentsAxis=ReportableSegmentMember,usd,-3
AKAM_10Q_20250930,InterestExpenseNonoperating,us-gaap,"Interest Expense, Nonoperating",20382000.0,False,2024-01-01,2024-09-30,274,StatementBusinessSegmentsAxis=ReportableSegmentMember,usd,-3
AKAM_10Q_20250930,OtherNonoperatingIncomeExpense,us-gaap,Other Nonoperating Income (Expense),-3837000.0,False,2025-07-01,2025-09-30,92,StatementBusinessSegmentsAxis=ReportableSegmentMember,usd,-3
AKAM_10Q_20250930,OtherNonoperatingIncomeExpense,us-gaap,Other Nonoperating Income (Expense),-13161000.0,False,2024-07-01,2024-09-30,92,StatementBusinessSegmentsAxis=ReportableSegmentMember,usd,-3
AKAM_10Q_20250930,OtherNonoperatingIncomeExpense,us-gaap,Other Nonoperating Income (Expense),-3268000.0,False,2025-01-01,2025-09-30,273,StatementBusinessSegmentsAxis=ReportableSegmentMember,usd,-3
AKAM_10Q_20250930,OtherNonoperatingIncomeExpense,us-gaap,Other Nonoperating Income (Expense),-13599000.0,False,2024-01-01,2024-09-30,274,StatementBusinessSegmentsAxis=ReportableSegmentMember,usd,-3
AKAM_10Q_20250930,IncomeTaxExpenseBenefit,us-gaap,Income Tax Expense (Benefit),32995000.0,False,2025-07-01,2025-09-30,92,StatementBusinessSegmentsAxis=ReportableSegmentMember,usd,-3
AKAM_10Q_20250930,IncomeTaxExpenseBenefit,us-gaap,Income Tax Expense (Benefit),15899000.0,False,2024-07-01,2024-09-30,92,StatementBusinessSegmentsAxis=ReportableSegmentMember,usd,-3
AKAM_10Q_20250930,IncomeTaxExpenseBenefit,us-gaap,Income Tax Expense (Benefit),131527000.0,False,2025-01-01,2025-09-30,273,StatementBusinessSegmentsAxis=ReportableSegmentMember,usd,-3
AKAM_10Q_20250930,IncomeTaxExpenseBenefit,us-gaap,Income Tax Expense (Benefit),63891000.0,False,2024-01-01,2024-09-30,274,StatementBusinessSegmentsAxis=ReportableSegmentMember,usd,-3
AKAM_10Q_20250930,NetIncomeLoss,us-gaap,Net Income (Loss) Attributable to Parent,140170000.0,False,2025-07-01,2025-09-30,92,StatementBusinessSegmentsAxis=ReportableSegmentMember,usd,-3
AKAM_10Q_20250930,NetIncomeLoss,us-gaap,Net Income (Loss) Attributable to Parent,57907000.0,False,2024-07-01,2024-09-30,92,StatementBusinessSegmentsAxis=ReportableSegmentMember,usd,-3
AKAM_10Q_20250930,NetIncomeLoss,us-gaap,Net Income (Loss) Attributable to Parent,366959000.0,False,2025-01-01,2025-09-30,273,StatementBusinessSegmentsAxis=ReportableSegmentMember,usd,-3
AKAM_10Q_20250930,NetIncomeLoss,us-gaap,Net Income (Loss) Attributable to Parent,365013000.0,False,2024-01-01,2024-09-30,274,StatementBusinessSegmentsAxis=ReportableSegmentMember,usd,-3
AKAM_10Q_20250930,TrdArrSecuritiesAggAvailAmt,ecd,"Trading Arrangement, Securities Aggregate Available Amount",75703.0,True,,2025-09-30,0,IndividualAxis=AdamKaronMember,shares,INF
AKAM_10Q_20250930,TrdArrSecuritiesAggAvailAmt,ecd,"Trading Arrangement, Securities Aggregate Available Amount",23988.0,True,,2025-09-30,0,IndividualAxis=ManiSundaramMember,shares,INF
AKAM_10Q_20250930,TrdArrSecuritiesAggAvailAmt,ecd,"Trading Arrangement, Securities Aggregate Available Amount",42588.0,True,,2025-09-30,0,IndividualAxis=EdwardMcGowanMember,shares,INF
AKAM_10Q_20250930,TrdArrSecuritiesAggAvailAmt,ecd,"Trading Arrangement, Securities Aggregate Available Amount",7341.0,True,,2025-09-30,0,IndividualAxis=AdamKaronMember;TradingArrAxis=AdamKaronTradingArrangementPerformanceBasedAwardsMember,shares,INF
